{"1900182":[13,"西多摩郡日の出町","平井"],"1908581":[13,"立川市","緑町","３５９１"],"1901204":[13,"西多摩郡瑞穂町","富士山栗原新田"],"1908573":[13,"立川市","錦町","１丁目１２－１"],"1900201":[13,"西多摩郡檜原村","倉掛"],"1908530":[13,"立川市","緑町","３１７３"],"1900200":[13,"西多摩郡檜原村",""],"1900174":[13,"あきる野市","乙津"],"1901293":[13,"西多摩郡瑞穂町","箱根ケ崎東松原","２６－１７"],"1901203":[13,"西多摩郡瑞穂町","高根"],"1908567":[13,"立川市","曙町","２丁目４１－１９安田火災ビル９Ｆ"],"1908588":[13,"立川市","曙町","２丁目１０－１ふどうやビル７階"],"1900003":[13,"立川市","栄町"],"1901231":[13,"西多摩郡瑞穂町","長岡長谷部"],"1908582":[13,"立川市","曙町","２丁目２０－５立川ニッセイＡＨビル１Ｆ"],"1908560":[13,"立川市","泉町","９３５－１"],"1901295":[13,"西多摩郡瑞穂町","箱根ケ崎東松原","１９－６"],"1908666":[13,"立川市","錦町","３丁目２－２６"],"1900162":[13,"あきる野市","三内"],"1908505":[13,"立川市","幸町","３丁目３２－５"],"1908506":[13,"立川市","曙町","２丁目２－２５"],"1900181":[13,"西多摩郡日の出町","大久野"],"1900002":[13,"立川市","幸町"],"1908550":[13,"立川市","曙町","２丁目３６－２"],"1900192":[13,"西多摩郡日の出町","大字平井","２７８０"],"1908511":[13,"立川市","曙町","２丁目５－１"],"1901292":[13,"西多摩郡瑞穂町","大字箱根ケ崎","２３３５"],"1900161":[13,"あきる野市","入野"],"1908507":[13,"立川市","曙町","２丁目３９－３"],"1900000":[13,"立川市",""],"1900165":[13,"あきる野市","小中野"],"1908578":[13,"立川市","錦町","１丁目１６－１５"],"1901297":[13,"西多摩郡瑞穂町","大字殿ケ谷","２２９"],"1900143":[13,"あきる野市","上ノ台"],"1900034":[13,"立川市","西砂町"],"1901224":[13,"西多摩郡瑞穂町","南平"],"1908510":[13,"立川市","曙町","２丁目１０－１ふどうやビル５階"],"1908583":[13,"立川市","泉町","９３５－４"],"1900033":[13,"立川市","一番町"],"1908543":[13,"立川市","錦町","６丁目３－１"],"1908554":[13,"立川市","柴崎町","３丁目２－１"],"1908686":[13,"立川市","曙町","２丁目７－１６"],"1908561":[13,"立川市","緑町","３５９１－２"],"1908517":[13,"立川市","栄町","６丁目１－１"],"1900155":[13,"あきる野市","網代"],"1900012":[13,"立川市","曙町"],"1901213":[13,"西多摩郡瑞穂町","武蔵"],"1901223":[13,"西多摩郡瑞穂町","箱根ケ崎西松原"],"1900172":[13,"あきる野市","深沢"],"1908566":[13,"立川市","柏町","１丁目２６－４"],"1900011":[13,"立川市","高松町"],"1901214":[13,"西多摩郡瑞穂町","むさし野"],"1908553":[13,"立川市","曙町","１丁目９－１９"],"1908522":[13,"立川市","柏町","１丁目６－１"],"1900173":[13,"あきる野市","戸倉"],"1900166":[13,"あきる野市","舘谷台"],"1908514":[13,"立川市","曙町","２丁目３９－３高島屋８Ｆ"],"1901233":[13,"西多摩郡瑞穂町","長岡下師岡"],"1901232":[13,"西多摩郡瑞穂町","長岡"],"1908537":[13,"立川市","曙町","１丁目２５－１２"],"1908565":[13,"立川市","高松町","２丁目２６－２１"],"1900213":[13,"西多摩郡檜原村","下元郷"],"1908680":[13,"立川市","泉町","８４１"],"1900015":[13,"立川市","泉町"],"1908503":[13,"立川市","曙町","２丁目３４－７ファーレイーストビル１０Ｆ"],"1908575":[13,"立川市","錦町","４丁目１－１８"],"1900163":[13,"あきる野市","舘谷"],"1908521":[13,"立川市","柴崎町","３丁目１１－２１"],"1901201":[13,"西多摩郡瑞穂町","二本木"],"1908688":[13,"立川市","高松町","１丁目１００"],"1908516":[13,"立川市","錦町","４丁目１－１８"],"1901221":[13,"西多摩郡瑞穂町","箱根ケ崎"],"1900152":[13,"あきる野市","留原"],"1900164":[13,"あきる野市","五日市"],"1908551":[13,"立川市","錦町","１丁目９－１５"],"1901202":[13,"西多摩郡瑞穂町","駒形富士山"],"1908508":[13,"立川市","富士見町","６丁目４９－１８"],"1901222":[13,"西多摩郡瑞穂町","箱根ケ崎東松原"],"1901211":[13,"西多摩郡瑞穂町","石畑"],"1900154":[13,"あきる野市","高尾"],"1908509":[13,"立川市","錦町","１丁目９－２１"],"1900171":[13,"あきる野市","養沢"],"1908558":[13,"立川市","緑町","３１７３"],"1908513":[13,"立川市","曙町","２丁目３４－１３"],"1908681":[13,"立川市","曙町","２丁目８－２８"],"1900013":[13,"立川市","富士見町"],"1908539":[13,"立川市","栄町","６丁目１－１"],"1900211":[13,"西多摩郡檜原村","三都郷"],"1908519":[13,"立川市","柴崎町","１丁目２－１３"],"1908540":[13,"立川市","曙町","１丁目２７－１０"],"1900031":[13,"立川市","砂川町"],"1900001":[13,"立川市","若葉町"],"1900204":[13,"西多摩郡檜原村","小沢"],"1900014":[13,"立川市","緑町"],"1900212":[13,"西多摩郡檜原村","上元郷"],"1908520":[13,"立川市","柏町","５丁目５－１"],"1900205":[13,"西多摩郡檜原村","樋里"],"1908536":[13,"立川市","曙町","２丁目２２－２０立川センタービル"],"1900223":[13,"西多摩郡檜原村","南郷"],"1908528":[13,"立川市","曙町","２丁目２２－２０"],"1908501":[13,"立川市","緑町","５"],"1900142":[13,"あきる野市","伊奈"],"1900222":[13,"西多摩郡檜原村","人里"],"1900151":[13,"あきる野市","小和田"],"1900221":[13,"西多摩郡檜原村","数馬"],"1900100":[13,"あきる野市",""],"1900214":[13,"西多摩郡檜原村","本宿"],"1901212":[13,"西多摩郡瑞穂町","殿ケ谷"],"1908515":[13,"立川市","泉町","９３５"],"1900141":[13,"あきる野市","横沢"],"1900153":[13,"あきる野市","小峰台"],"1901200":[13,"西多摩郡瑞穂町",""],"1900023":[13,"立川市","柴崎町"],"1900004":[13,"立川市","柏町"],"1908586":[13,"立川市","栄町","６丁目１－３"],"1900202":[13,"西多摩郡檜原村","藤原"],"1900144":[13,"あきる野市","山田"],"1900032":[13,"立川市","上砂町"],"1908535":[13,"立川市","高松町","１丁目１００－３８"],"1900022":[13,"立川市","錦町"],"1901234":[13,"西多摩郡瑞穂町","長岡藤橋"],"1900203":[13,"西多摩郡檜原村","神戸"],"1908557":[13,"立川市","高松町","３丁目１－５"],"1900021":[13,"立川市","羽衣町"],"1908555":[13,"立川市","柴崎町","６丁目１８－１０"],"1908531":[13,"立川市","錦町","４丁目２－２２"]}
