{"4870034":[23,"春日井市","白山町"],"4870017":[23,"春日井市","高座台"],"4870023":[23,"春日井市","不二ガ丘"],"4870003":[23,"春日井市","木附町"],"4870004":[23,"春日井市","玉野町"],"4870033":[23,"春日井市","岩成台"],"4870015":[23,"春日井市","気噴町北"],"4870024":[23,"春日井市","大留町"],"4870031":[23,"春日井市","廻間町"],"4870012":[23,"春日井市","高座町"],"4870007":[23,"春日井市","玉野台"],"4870001":[23,"春日井市","細野町"],"4870022":[23,"春日井市","庄名町"],"4878650":[23,"春日井市","気噴町","１丁目"],"4870027":[23,"春日井市","松本町"],"4870014":[23,"春日井市","気噴町"],"4878622":[23,"春日井市","高森台","４丁目１１－１"],"4870013":[23,"春日井市","高蔵寺町"],"4870026":[23,"春日井市","不二町"],"4870025":[23,"春日井市","出川町"],"4870002":[23,"春日井市","外之原町"],"4870021":[23,"春日井市","東神明町"],"4878501":[23,"春日井市","松本町","１２００"],"4870032":[23,"春日井市","高森台"],"4870005":[23,"春日井市","押沢台"],"4870016":[23,"春日井市","高蔵寺町北"],"4870035":[23,"春日井市","藤山台"],"4870006":[23,"春日井市","石尾台"],"4870011":[23,"春日井市","中央台"]}
