{"3170063":[8,"日立市","若葉町"],"3170072":[8,"日立市","弁天町"],"3170056":[8,"日立市","白銀町"],"3170064":[8,"日立市","神峰町"],"3170000":[8,"日立市",""],"3178601":[8,"日立市","助川町","１丁目１－１"],"3170054":[8,"日立市","本宮町"],"3170074":[8,"日立市","旭町"],"3170075":[8,"日立市","相賀町"],"3170066":[8,"日立市","高鈴町"],"3170052":[8,"日立市","東滑川町"],"3170077":[8,"日立市","城南町"],"3170065":[8,"日立市","助川町"],"3178555":[8,"日立市","東町","４丁目１３番地１号"],"3170061":[8,"日立市","東町"],"3170062":[8,"日立市","平和町"],"3178602":[8,"日立市","若葉町","２丁目１－８"],"3170053":[8,"日立市","滑川町"],"3170073":[8,"日立市","幸町"],"3170055":[8,"日立市","宮田町"],"3178511":[8,"日立市","幸町","３丁目１番地１号"],"3170051":[8,"日立市","滑川本町"],"3170076":[8,"日立市","会瀬町"],"3170071":[8,"日立市","鹿島町"]}
