{"0020861":[1,"札幌市北区","屯田十一条"],"0028082":[1,"札幌市北区","百合が原公園"],"0028091":[1,"札幌市北区","南あいの里"],"0020853":[1,"札幌市北区","屯田三条"],"0020852":[1,"札幌市北区","屯田二条"],"0028033":[1,"札幌市北区","西茨戸三条"],"0028075":[1,"札幌市北区","あいの里五条"],"0020859":[1,"札幌市北区","屯田九条"],"0028066":[1,"札幌市北区","拓北六条"],"0028021":[1,"札幌市北区","篠路一条"],"0028061":[1,"札幌市北区","拓北一条"],"0028002":[1,"札幌市北区","太平二条"],"0028011":[1,"札幌市北区","太平十一条"],"0028022":[1,"札幌市北区","篠路二条"],"0028028":[1,"札幌市北区","篠路八条"],"0028081":[1,"札幌市北区","百合が原"],"0028501":[1,"札幌市北区","あいの里五条","３丁目１－３"],"0028065":[1,"札幌市北区","拓北五条"],"0028067":[1,"札幌市北区","拓北七条"],"0020858":[1,"札幌市北区","屯田八条"],"0028008":[1,"札幌市北区","太平八条"],"0028051":[1,"札幌市北区","篠路町太平"],"0028037":[1,"札幌市北区","西茨戸七条"],"0028038":[1,"札幌市北区","西茨戸"],"0028071":[1,"札幌市北区","あいの里一条"],"0020855":[1,"札幌市北区","屯田五条"],"0020854":[1,"札幌市北区","屯田四条"],"0028012":[1,"札幌市北区","太平十二条"],"0028042":[1,"札幌市北区","東茨戸二条"],"0028052":[1,"札幌市北区","篠路町上篠路"],"0028041":[1,"札幌市北区","東茨戸一条"],"0028010":[1,"札幌市北区","太平十条"],"0028030":[1,"札幌市北区","篠路十条"],"0028029":[1,"札幌市北区","篠路九条"],"0028031":[1,"札幌市北区","西茨戸一条"],"0020851":[1,"札幌市北区","屯田一条"],"0028089":[1,"石狩郡当別町","ビトエ"],"0028036":[1,"札幌市北区","西茨戸六条"],"0028072":[1,"札幌市北区","あいの里二条"],"0028007":[1,"札幌市北区","太平七条"],"0028005":[1,"札幌市北区","太平五条"],"0028054":[1,"札幌市北区","篠路町拓北"],"0028043":[1,"札幌市北区","東茨戸"],"0028502":[1,"札幌市北区","あいの里五条","３丁目１－５"],"0028027":[1,"札幌市北区","篠路七条"],"0020865":[1,"札幌市北区","屯田町"],"0028009":[1,"札幌市北区","太平九条"],"0028063":[1,"札幌市北区","拓北三条"],"0020856":[1,"札幌市北区","屯田六条"],"0028003":[1,"札幌市北区","太平三条"],"0028064":[1,"札幌市北区","拓北四条"],"0020857":[1,"札幌市北区","屯田七条"],"0028073":[1,"札幌市北区","あいの里三条"],"0028026":[1,"札幌市北区","篠路六条"],"0028025":[1,"札幌市北区","篠路五条"],"0028032":[1,"札幌市北区","西茨戸二条"],"0028006":[1,"札幌市北区","太平六条"],"0028035":[1,"札幌市北区","西茨戸五条"],"0028504":[1,"札幌市北区","屯田九条","７丁目"],"0020860":[1,"札幌市北区","屯田十条"],"0028023":[1,"札幌市北区","篠路三条"],"0028068":[1,"札幌市北区","拓北八条"],"0028034":[1,"札幌市北区","西茨戸四条"],"0028062":[1,"札幌市北区","拓北二条"],"0028055":[1,"札幌市北区","篠路町福移"],"0028074":[1,"札幌市北区","あいの里四条"],"0028503":[1,"札幌市北区","あいの里五条","３丁目１－６"],"0028053":[1,"札幌市北区","篠路町篠路"],"0028024":[1,"札幌市北区","篠路四条"],"0028004":[1,"札幌市北区","太平四条"],"0028001":[1,"札幌市北区","太平一条"]}
