{"3820017":[20,"須坂市","相森町"],"3820835":[20,"上高井郡高山村","千本松"],"3820077":[20,"須坂市","北横町"],"3820054":[20,"須坂市","高梨町"],"3820817":[20,"上高井郡高山村","山田牧場"],"3820827":[20,"上高井郡高山村","松南"],"3820098":[20,"須坂市","墨坂南"],"3820836":[20,"上高井郡高山村","新堀"],"3820048":[20,"須坂市","九反田町"],"3820004":[20,"須坂市","高畑町"],"3820045":[20,"須坂市","井上"],"3820099":[20,"須坂市","墨坂"],"3820062":[20,"須坂市","小島町"],"3820086":[20,"須坂市","本上町"],"3820012":[20,"須坂市","大谷町"],"3820024":[20,"須坂市","塩野町"],"3820016":[20,"須坂市","高橋町"],"3828510":[20,"上高井郡高山村","大字高井","４９７２"],"3820824":[20,"上高井郡高山村","緑ケ丘"],"3820014":[20,"須坂市","新町"],"3820815":[20,"上高井郡高山村","荻久保"],"3828502":[20,"須坂市","大字幸高","町２４６"],"3820825":[20,"上高井郡高山村","紫"],"3828633":[20,"須坂市","大字須坂","馬場町１２００"],"3828533":[20,"須坂市","大字須坂","１５９５－１"],"3820831":[20,"上高井郡高山村","荒井原"],"3820076":[20,"須坂市","馬場町"],"3820081":[20,"須坂市","横町"],"3820094":[20,"須坂市","屋部町"],"3820806":[20,"上高井郡高山村","なかひら"],"3820073":[20,"須坂市","田の神町"],"3820092":[20,"須坂市","北原町"],"3820005":[20,"須坂市","新田町"],"3820801":[20,"上高井郡高山村","駒場"],"3820821":[20,"上高井郡高山村","牧"],"3820091":[20,"須坂市","立町"],"3820042":[20,"須坂市","望岳台"],"3820061":[20,"須坂市","北相之島町"],"3820026":[20,"須坂市","坂田町"],"3828587":[20,"須坂市","大字小山","立町１２５３－５"],"3820033":[20,"須坂市","亀倉町"],"3820074":[20,"須坂市","春木町"],"3820085":[20,"須坂市","穀町"],"3820802":[20,"上高井郡高山村","松原"],"3828501":[20,"須坂市","大字小山","４６０"],"3820015":[20,"須坂市","太子町"],"3820075":[20,"須坂市","須坂ハイランド町"],"3820028":[20,"須坂市","臥竜"],"3828511":[20,"須坂市","大字須坂","東横町１５２８－１"],"3820097":[20,"須坂市","南横町"],"3828585":[20,"須坂市","大字井上","字砂田１７００－８"],"3820832":[20,"上高井郡高山村","赤和"],"3820001":[20,"須坂市","松川町"],"3820804":[20,"上高井郡高山村","中原"],"3820803":[20,"上高井郡高山村","桝形"],"3820011":[20,"須坂市","本郷町"],"3820043":[20,"須坂市","下八町"],"3820805":[20,"上高井郡高山村","三郷"],"3820826":[20,"上高井郡高山村","二ツ石"],"3820084":[20,"須坂市","上町"],"3820032":[20,"須坂市","夏端町"],"3820021":[20,"須坂市","豊丘町"],"3820037":[20,"須坂市","野辺町"],"3820002":[20,"須坂市","北旭ケ丘町"],"3820064":[20,"須坂市","沼目町"],"3820046":[20,"須坂市","二睦町"],"3820036":[20,"須坂市","明徳町"],"3828555":[20,"須坂市","大字豊丘","１３８５－１"],"3820027":[20,"須坂市","南原町"],"3820087":[20,"須坂市","東横町"],"3820034":[20,"須坂市","仁礼町"],"3820000":[20,"須坂市",""],"3820083":[20,"須坂市","上中町"],"3820813":[20,"上高井郡高山村","蕨平"],"3820056":[20,"須坂市","福島町"],"3820051":[20,"須坂市","八重森町"],"3820041":[20,"須坂市","米持町"],"3820071":[20,"須坂市","小河原町"],"3820833":[20,"上高井郡高山村","久保"],"3828588":[20,"須坂市","大字小河原","町２１５０－１"],"3820082":[20,"須坂市","中町"],"3820052":[20,"須坂市","塩川町"],"3820072":[20,"須坂市","南小河原町"],"3820065":[20,"須坂市","相之島"],"3820022":[20,"須坂市","豊丘上町"],"3820053":[20,"須坂市","五閑町"],"3820057":[20,"須坂市","村山町"],"3820006":[20,"須坂市","光ケ丘ニュータウン"],"3820811":[20,"上高井郡高山村","宮関"],"3820800":[20,"上高井郡高山村",""],"3820834":[20,"上高井郡高山村","水中"],"3820814":[20,"上高井郡高山村","天神原"],"3820047":[20,"須坂市","幸高町"],"3820837":[20,"上高井郡高山村","堀之内"],"3820003":[20,"須坂市","旭ケ丘"],"3828508":[20,"上高井郡高山村","大字中山","９８１"],"3820822":[20,"上高井郡高山村","福井原"],"3820031":[20,"須坂市","村石町"],"3820023":[20,"須坂市","米子町"],"3820063":[20,"須坂市","西町"],"3820823":[20,"上高井郡高山村","黒部"],"3820816":[20,"上高井郡高山村","山田温泉"],"3820055":[20,"須坂市","中島町"],"3820044":[20,"須坂市","上八町"],"3820066":[20,"須坂市","豊島町"],"3820025":[20,"須坂市","大日向町"],"3820013":[20,"須坂市","常盤町"]}
