{"4040206":[19,"山梨市","三富上釜口"],"4048601":[19,"甲州市","塩山上塩後","１２３９－１"],"4040021":[19,"甲州市","塩山一之瀬高橋"],"4040051":[19,"甲州市","塩山竹森"],"4048501":[19,"甲州市","塩山上於曽","１０４０"],"4040013":[19,"山梨市","牧丘町窪平"],"4040045":[19,"甲州市","塩山上塩後"],"4040052":[19,"甲州市","塩山平沢"],"4040003":[19,"山梨市","牧丘町倉科"],"4040046":[19,"甲州市","塩山上井尻"],"4040202":[19,"山梨市","三富上柚木"],"4040053":[19,"甲州市","塩山小屋敷"],"4040023":[19,"甲州市","塩山中萩原"],"4040006":[19,"山梨市","牧丘町牧平"],"4040047":[19,"甲州市","塩山三日市場"],"4040203":[19,"山梨市","三富下荻原"],"4040025":[19,"甲州市","塩山下小田原"],"4040031":[19,"甲州市","塩山上粟生野"],"4040042":[19,"甲州市","塩山上於曽"],"4040035":[19,"甲州市","塩山西野原"],"4040044":[19,"甲州市","塩山下塩後"],"4040056":[19,"甲州市","塩山福生里"],"4040011":[19,"山梨市","牧丘町成沢"],"4040204":[19,"山梨市","三富下釜口"],"4040000":[19,"甲州市",""],"4040012":[19,"山梨市","牧丘町室伏"],"4040033":[19,"甲州市","塩山赤尾"],"4040043":[19,"甲州市","塩山下於曽"],"4040015":[19,"山梨市","牧丘町城古寺"],"4040026":[19,"甲州市","塩山上小田原"],"4040024":[19,"甲州市","塩山下萩原"],"4040001":[19,"山梨市","牧丘町柳平"],"4040211":[19,"甲州市","塩山小屋敷"],"4040014":[19,"山梨市","牧丘町隼"],"4040005":[19,"山梨市","牧丘町西保中"],"4040036":[19,"甲州市","塩山熊野"],"4040041":[19,"甲州市","塩山千野"],"4040037":[19,"甲州市","塩山西広門田"],"4040007":[19,"山梨市","牧丘町北原"],"4040004":[19,"山梨市","牧丘町西保下"],"4040016":[19,"山梨市","牧丘町千野々宮"],"4040201":[19,"山梨市","三富川浦"],"4040032":[19,"甲州市","塩山下粟生野"],"4040205":[19,"山梨市","三富徳和"],"4040055":[19,"甲州市","塩山下柚木"],"4040022":[19,"甲州市","塩山上萩原"],"4040002":[19,"山梨市","牧丘町杣口"],"4040054":[19,"甲州市","塩山藤木"],"4040034":[19,"甲州市","塩山牛奥"]}
