{"2780023":[12,"野田市","山崎貝塚町"],"2780022":[12,"野田市","山崎"],"2788601":[12,"野田市","野田","２５０"],"2780047":[12,"野田市","清水公園東"],"2788510":[12,"野田市","山崎","２６４１"],"2788533":[12,"野田市","金杉","２３１９"],"2780011":[12,"野田市","三ツ堀"],"2780002":[12,"野田市","木野崎"],"2780017":[12,"野田市","大殿井"],"2780004":[12,"野田市","横内"],"2780037":[12,"野田市","野田"],"2780052":[12,"野田市","春日町"],"2780046":[12,"野田市","谷津"],"2780048":[12,"野田市","桜の里"],"2780024":[12,"野田市","山崎梅の台"],"2780031":[12,"野田市","中根"],"2780033":[12,"野田市","上花輪"],"2780056":[12,"野田市","五木新田"],"2780045":[12,"野田市","座生"],"2788577":[12,"野田市","七光台","１３５"],"2788521":[12,"野田市","山崎","２６８３－１"],"2780055":[12,"野田市","岩名"],"2780034":[12,"野田市","上花輪新町"],"2780032":[12,"野田市","桜台"],"2780001":[12,"野田市","目吹"],"2780005":[12,"野田市","宮崎"],"2780054":[12,"野田市","五木"],"2780035":[12,"野田市","中野台"],"2780013":[12,"野田市","上三ケ尾"],"2788686":[12,"野田市","中根","３１０"],"2780042":[12,"野田市","吉春"],"2780041":[12,"野田市","蕃昌"],"2780003":[12,"野田市","鶴奉"],"2780012":[12,"野田市","瀬戸"],"2780051":[12,"野田市","七光台"],"2780014":[12,"野田市","下三ケ尾"],"2780000":[12,"野田市",""],"2780007":[12,"野田市","金杉"],"2780036":[12,"野田市","中野台鹿島町"],"2780053":[12,"野田市","五木新町"],"2780027":[12,"野田市","みずき"],"2780016":[12,"野田市","二ツ塚"],"2780006":[12,"野田市","柳沢"],"2788550":[12,"野田市","鶴奉","７－１"],"2780026":[12,"野田市","花井"],"2780043":[12,"野田市","清水"],"2788501":[12,"野田市","横内","２９－１"],"2780015":[12,"野田市","西三ケ尾"],"2788555":[12,"野田市","山崎","６９１"],"2780044":[12,"野田市","堤台"],"2780021":[12,"野田市","堤根"],"2780025":[12,"野田市","今上"]}
