{"3600826":[11,"熊谷市","赤城町"],"3600802":[11,"熊谷市","下奈良"],"3608521":[11,"熊谷市","問屋町","４丁目３番２号"],"3600238":[11,"熊谷市","妻沼西"],"3600106":[11,"熊谷市","柴"],"3600831":[11,"熊谷市","久保島"],"3600225":[11,"熊谷市","弁財"],"3600811":[11,"熊谷市","原島"],"3600237":[11,"熊谷市","永井太田"],"3608520":[11,"熊谷市","問屋町","１丁目１番８号"],"3600806":[11,"熊谷市","奈良新田"],"3608512":[11,"熊谷市","御稜威ケ原","６１１－１１"],"3600836":[11,"熊谷市","武体"],"3600195":[11,"熊谷市","中曽根","６５４－１"],"3608532":[11,"熊谷市","銀座","２丁目２４５"],"3600041":[11,"熊谷市","宮町"],"3600856":[11,"熊谷市","別府"],"3608611":[11,"熊谷市","久下","４丁目１４１"],"3600133":[11,"熊谷市","中曽根"],"3600823":[11,"熊谷市","榎町"],"3600033":[11,"熊谷市","曙町"],"3600016":[11,"熊谷市","熊谷"],"3600193":[11,"熊谷市","千代","東原３９"],"3600014":[11,"熊谷市","箱田"],"3600045":[11,"熊谷市","宮前町"],"3600217":[11,"熊谷市","上根"],"3600845":[11,"熊谷市","美土里町"],"3600854":[11,"熊谷市","玉井南"],"3600202":[11,"熊谷市","妻沼東"],"3600815":[11,"熊谷市","本石"],"3600835":[11,"熊谷市","大麻生"],"3600003":[11,"熊谷市","下川上"],"3608577":[11,"熊谷市","大字三ケ尻","５２００"],"3600844":[11,"熊谷市","御稜威ケ原"],"3600841":[11,"熊谷市","新堀"],"3608555":[11,"熊谷市","末広","１丁目１３"],"3600233":[11,"熊谷市","八木田"],"3600134":[11,"熊谷市","高本"],"3600034":[11,"熊谷市","万平町"],"3600821":[11,"熊谷市","伊勢町"],"3600222":[11,"熊谷市","葛和田"],"3600231":[11,"熊谷市","飯塚"],"3600121":[11,"熊谷市","手島"],"3600114":[11,"熊谷市","江南中央"],"3600218":[11,"熊谷市","八ツ口"],"3600804":[11,"熊谷市","代"],"3600242":[11,"熊谷市","男沼"],"3600117":[11,"熊谷市","上新田"],"3600005":[11,"熊谷市","今井"],"3600027":[11,"熊谷市","新川"],"3600852":[11,"熊谷市","東別府"],"3600837":[11,"熊谷市","川原明戸"],"3608559":[11,"熊谷市","御稜威ケ原","２０１－９"],"3600132":[11,"熊谷市","津田新田"],"3600853":[11,"熊谷市","玉井"],"3600036":[11,"熊谷市","桜木町"],"3600135":[11,"熊谷市","沼黒"],"3600813":[11,"熊谷市","円光"],"3600832":[11,"熊谷市","小島"],"3608567":[11,"熊谷市","中西","４丁目５－１"],"3600021":[11,"熊谷市","平戸"],"3600201":[11,"熊谷市","妻沼"],"3600047":[11,"熊谷市","仲町"],"3600116":[11,"熊谷市","三本"],"3600857":[11,"熊谷市","西別府"],"3600213":[11,"熊谷市","上須戸"],"3600211":[11,"熊谷市","善ケ島"],"3600025":[11,"熊谷市","太井"],"3600234":[11,"熊谷市","上江袋"],"3600215":[11,"熊谷市","田島"],"3600224":[11,"熊谷市","日向"],"3600042":[11,"熊谷市","本町"],"3600161":[11,"熊谷市","万吉"],"3600245":[11,"熊谷市","妻沼小島"],"3600163":[11,"熊谷市","平塚新田"],"3600101":[11,"熊谷市","野原"],"3600204":[11,"熊谷市","妻沼中央"],"3600136":[11,"熊谷市","吉所敷"],"3600216":[11,"熊谷市","西野"],"3600203":[11,"熊谷市","弥藤吾"],"3600105":[11,"熊谷市","板井"],"3600816":[11,"熊谷市","石原"],"3600125":[11,"熊谷市","上恩田"],"3608608":[11,"熊谷市","筑波","２丁目４８番地１大栄日生熊谷ビル４Ｆ"],"3600015":[11,"熊谷市","肥塚"],"3600115":[11,"熊谷市","成沢"],"3600124":[11,"熊谷市","中恩田"],"3600006":[11,"熊谷市","四方寺"],"3600032":[11,"熊谷市","銀座"],"3600236":[11,"熊谷市","市ノ坪"],"3608601":[11,"熊谷市","宮町","２丁目４７－１"],"3600013":[11,"熊谷市","中西"],"3608522":[11,"熊谷市","末広","４丁目１４－１"],"3600122":[11,"熊谷市","小泉"],"3608515":[11,"熊谷市","箱田","４丁目１０－１"],"3600037":[11,"熊谷市","筑波"],"3600847":[11,"熊谷市","籠原南"],"3600855":[11,"熊谷市","高柳"],"3600825":[11,"熊谷市","月見町"],"3600044":[11,"熊谷市","弥生"],"3608523":[11,"熊谷市","大字御稜威ケ原","１３８－８"],"3600012":[11,"熊谷市","上之"],"3600103":[11,"熊谷市","小江川"],"3600046":[11,"熊谷市","鎌倉町"],"3600833":[11,"熊谷市","広瀬"],"3600017":[11,"熊谷市","小曽根"],"3600851":[11,"熊谷市","下増田"],"3600112":[11,"熊谷市","樋春"],"3600000":[11,"熊谷市",""],"3600022":[11,"熊谷市","戸出"],"3600221":[11,"熊谷市","大野"],"3600801":[11,"熊谷市","中奈良"],"3600004":[11,"熊谷市","上川上"],"3600243":[11,"熊谷市","間々田"],"3600196":[11,"熊谷市","江南中央","２丁目１７番地１"],"3600846":[11,"熊谷市","拾六間"],"3600812":[11,"熊谷市","大原"],"3600842":[11,"熊谷市","新堀新田"],"3600244":[11,"熊谷市","出来島"],"3600194":[11,"熊谷市","万吉","１７００"],"3600011":[11,"熊谷市","池上"],"3600824":[11,"熊谷市","見晴町"],"3600113":[11,"熊谷市","御正新田"],"3600843":[11,"熊谷市","三ケ尻"],"3608620":[11,"熊谷市","仲町","４１"],"3600235":[11,"熊谷市","原井"],"3600023":[11,"熊谷市","佐谷田"],"3600131":[11,"熊谷市","屈戸"],"3600822":[11,"熊谷市","宮本町"],"3600026":[11,"熊谷市","久下"],"3608502":[11,"熊谷市","仲町","７４"],"3608558":[11,"熊谷市","御稜威ケ原","下林６１１－１０"],"3600018":[11,"熊谷市","中央"],"3600035":[11,"熊谷市","河原町"],"3600107":[11,"熊谷市","千代"],"3600043":[11,"熊谷市","星川"],"3608580":[11,"熊谷市","大字拾六間","８３９"],"3600223":[11,"熊谷市","俵瀬"],"3600002":[11,"熊谷市","大塚"],"3600192":[11,"熊谷市","江南中央","１丁目１番地"],"3600241":[11,"熊谷市","妻沼台"],"3608585":[11,"熊谷市","","桜木町１－９３"],"3600817":[11,"熊谷市","新島"],"3608543":[11,"熊谷市","御稜威ケ原","２８４－１１"],"3600111":[11,"熊谷市","押切"],"3600001":[11,"熊谷市","上中条"],"3600104":[11,"熊谷市","塩"],"3600834":[11,"熊谷市","瀬南"],"3600123":[11,"熊谷市","下恩田"],"3600803":[11,"熊谷市","柿沼"],"3600031":[11,"熊谷市","末広"],"3608501":[11,"熊谷市","末広","３丁目９－１"],"3600814":[11,"熊谷市","桜町"],"3600214":[11,"熊谷市","西城"],"3600024":[11,"熊谷市","問屋町"],"3600805":[11,"熊谷市","上奈良"],"3600102":[11,"熊谷市","須賀広"],"3600162":[11,"熊谷市","村岡"],"3600212":[11,"熊谷市","江波"],"3600232":[11,"熊谷市","道ケ谷戸"],"3600164":[11,"熊谷市","楊井"]}
