{"3220018":[9,"鹿沼市","池ノ森"],"3220029":[9,"鹿沼市","西茂呂"],"3220034":[9,"鹿沼市","府中町"],"3220047":[9,"鹿沼市","酒野谷"],"3220016":[9,"鹿沼市","流通センター"],"3220342":[9,"鹿沼市","油田町"],"3220051":[9,"鹿沼市","久保町"],"3220048":[9,"鹿沼市","村井町"],"3220306":[9,"鹿沼市","中粟野"],"3220038":[9,"鹿沼市","末広町"],"3220031":[9,"鹿沼市","睦町"],"3220531":[9,"鹿沼市","南上野町"],"3220043":[9,"鹿沼市","万町"],"3220013":[9,"鹿沼市","深津"],"3220000":[9,"鹿沼市",""],"3220525":[9,"鹿沼市","大和田町"],"3220255":[9,"鹿沼市","引田"],"3220078":[9,"鹿沼市","笹原田"],"3220023":[9,"鹿沼市","幸町"],"3220603":[9,"上都賀郡西方町","本郷"],"3220075":[9,"鹿沼市","下日向"],"3220015":[9,"鹿沼市","上石川"],"3220423":[9,"鹿沼市","上粕尾"],"3220052":[9,"鹿沼市","銀座"],"3220304":[9,"鹿沼市","柏木"],"3228601":[9,"鹿沼市","今宮町","１６８８－１"],"3220343":[9,"鹿沼市","佐目町"],"3220526":[9,"鹿沼市","楡木町"],"3220253":[9,"鹿沼市","下久我"],"3220024":[9,"鹿沼市","晃望台"],"3220534":[9,"鹿沼市","亀和田町"],"3220045":[9,"鹿沼市","上殿町"],"3220037":[9,"鹿沼市","中田町"],"3220074":[9,"鹿沼市","日吉町"],"3220533":[9,"鹿沼市","北赤塚町"],"3220254":[9,"鹿沼市","上久我"],"3228503":[9,"鹿沼市","上石川","１０７８"],"3228666":[9,"鹿沼市","下日向","７００"],"3228603":[9,"鹿沼市","東末広町","１９３４－２４"],"3220007":[9,"鹿沼市","武子"],"3220065":[9,"鹿沼市","上材木町"],"3220605":[9,"上都賀郡西方町","真名子"],"3220062":[9,"鹿沼市","泉町"],"3220301":[9,"鹿沼市","北半田"],"3220009":[9,"鹿沼市","高谷"],"3220033":[9,"鹿沼市","府所町"],"3228501":[9,"鹿沼市","さつき町","１８"],"3220042":[9,"鹿沼市","蓬莱町"],"3220005":[9,"鹿沼市","御成橋町"],"3220528":[9,"鹿沼市","奈佐原町"],"3228511":[9,"鹿沼市","さつき町","１７"],"3220017":[9,"鹿沼市","下石川"],"3220523":[9,"鹿沼市","下奈良部町"],"3220054":[9,"鹿沼市","下横町"],"3220027":[9,"鹿沼市","貝島町"],"3220307":[9,"鹿沼市","入粟野"],"3220102":[9,"鹿沼市","上大久保"],"3220069":[9,"鹿沼市","坂田山"],"3220076":[9,"鹿沼市","上日向"],"3220600":[9,"上都賀郡西方町",""],"3220073":[9,"鹿沼市","西鹿沼町"],"3220057":[9,"鹿沼市","寺町"],"3220252":[9,"鹿沼市","加園"],"3220341":[9,"鹿沼市","下南摩町"],"3228550":[9,"鹿沼市","下田町","１丁目１０３３"],"3220532":[9,"鹿沼市","藤江町"],"3220035":[9,"鹿沼市","朝日町"],"3220079":[9,"鹿沼市","下遠部"],"3220527":[9,"鹿沼市","塩山町"],"3220256":[9,"鹿沼市","下沢"],"3220053":[9,"鹿沼市","仲町"],"3220602":[9,"上都賀郡西方町","金井"],"3220303":[9,"鹿沼市","久野"],"3220039":[9,"鹿沼市","東末広町"],"3220025":[9,"鹿沼市","緑町"],"3220344":[9,"鹿沼市","西沢町"],"3220012":[9,"鹿沼市","松原"],"3220064":[9,"鹿沼市","文化橋町"],"3220001":[9,"鹿沼市","栃窪"],"3220068":[9,"鹿沼市","今宮町"],"3220036":[9,"鹿沼市","下田町"],"3220058":[9,"鹿沼市","麻苧町"],"3220422":[9,"鹿沼市","中粕尾"],"3220067":[9,"鹿沼市","天神町"],"3220345":[9,"鹿沼市","旭が丘"],"3220014":[9,"鹿沼市","さつき町"],"3220044":[9,"鹿沼市","鳥居跡町"],"3220003":[9,"鹿沼市","仁神堂町"],"3220535":[9,"鹿沼市","野沢町"],"3228555":[9,"鹿沼市","流通センター","２７"],"3220521":[9,"鹿沼市","日光奈良部町"],"3220524":[9,"鹿沼市","みなみ町"],"3220022":[9,"鹿沼市","東町"],"3220006":[9,"鹿沼市","富岡"],"3220606":[9,"上都賀郡西方町","本城"],"3220032":[9,"鹿沼市","府所本町"],"3220002":[9,"鹿沼市","千渡"],"3220066":[9,"鹿沼市","上田町"],"3220604":[9,"上都賀郡西方町","元"],"3228688":[9,"鹿沼市","御成橋町","１丁目２００５－２"],"3220063":[9,"鹿沼市","戸張町"],"3220346":[9,"鹿沼市","上南摩町"],"3220077":[9,"鹿沼市","深岩"],"3220026":[9,"鹿沼市","茂呂"],"3220011":[9,"鹿沼市","白桑田"],"3220251":[9,"鹿沼市","野尻"],"3220421":[9,"鹿沼市","下粕尾"],"3220008":[9,"鹿沼市","古賀志町"],"3220061":[9,"鹿沼市","千手町"],"3228585":[9,"鹿沼市","さつき町","３－３"],"3220049":[9,"鹿沼市","花岡町"],"3220041":[9,"鹿沼市","三幸町"],"3220028":[9,"鹿沼市","栄町"],"3220101":[9,"鹿沼市","草久"],"3220601":[9,"上都賀郡西方町","金崎"],"3220072":[9,"鹿沼市","玉田町"],"3228502":[9,"鹿沼市","さつき町","１２－３"],"3220103":[9,"鹿沼市","下大久保"],"3220055":[9,"鹿沼市","石橋町"],"3220004":[9,"鹿沼市","下武子町"],"3220536":[9,"鹿沼市","磯町"],"3220021":[9,"鹿沼市","上野町"],"3220056":[9,"鹿沼市","下材木町"],"3220046":[9,"鹿沼市","樅山町"],"3220393":[9,"鹿沼市","口粟野","８３９－２"],"3220305":[9,"鹿沼市","口粟野"],"3228588":[9,"鹿沼市","流通センター","５８"],"3220302":[9,"鹿沼市","深程"],"3220522":[9,"鹿沼市","上奈良部町"],"3220071":[9,"鹿沼市","見野"],"3220692":[9,"上都賀郡西方町","大字本城","１番地"]}
