{"3680292":[11,"秩父郡小鹿野町","両神薄","２９０６"],"3688501":[11,"秩父郡横瀬町","大字横瀬","２２７０"],"3680014":[11,"秩父市","金室町"],"3680065":[11,"秩父市","太田"],"3680000":[11,"秩父市",""],"3680026":[11,"秩父市","相生町"],"3680016":[11,"秩父市","阿保町"],"3680201":[11,"秩父郡小鹿野町","両神薄"],"3680192":[11,"秩父郡小鹿野町","大字小鹿野","８９"],"3680100":[11,"秩父郡小鹿野町",""],"3680064":[11,"秩父市","品沢"],"3680015":[11,"秩父市","柳田町"],"3688505":[11,"秩父郡横瀬町","大字横瀬","２２７０番地"],"3680023":[11,"秩父市","大宮"],"3680046":[11,"秩父市","宮側町"],"3680022":[11,"秩父市","中宮地町"],"3680012":[11,"秩父市","滝の上町"],"3680034":[11,"秩父市","日野田町"],"3680051":[11,"秩父市","中村町"],"3680055":[11,"秩父市","田村"],"3680031":[11,"秩父市","上野町"],"3680113":[11,"秩父郡小鹿野町","河原沢"],"3680011":[11,"秩父市","大畑町"],"3680072":[11,"秩父郡横瀬町","横瀬"],"3680003":[11,"秩父市","定峰"],"3680111":[11,"秩父郡小鹿野町","飯田"],"3680101":[11,"秩父郡小鹿野町","下小鹿野"],"3688680":[11,"秩父市","上町","１丁目５－９"],"3680102":[11,"秩父郡小鹿野町","長留"],"3680071":[11,"秩父郡横瀬町","芦ケ久保"],"3680024":[11,"秩父市","上宮地町"],"3680061":[11,"秩父市","小柱"],"3680021":[11,"秩父市","下宮地町"],"3680053":[11,"秩父市","久那"],"3680032":[11,"秩父市","熊木町"],"3680105":[11,"秩父郡小鹿野町","小鹿野"],"3680062":[11,"秩父市","蒔田"],"3680013":[11,"秩父市","永田町"],"3680004":[11,"秩父市","山田"],"3688686":[11,"秩父市","熊木町","８－１５"],"3680025":[11,"秩父市","桜木町"],"3680193":[11,"秩父郡小鹿野町","大字小鹿野","７５５－１"],"3680054":[11,"秩父市","別所"],"3680005":[11,"秩父市","大野原"],"3680104":[11,"秩父郡小鹿野町","伊豆沢"],"3680066":[11,"秩父市","堀切"],"3680063":[11,"秩父市","伊古田"],"3680044":[11,"秩父市","本町"],"3680043":[11,"秩父市","中町"],"3680202":[11,"秩父郡小鹿野町","両神小森"],"3680056":[11,"秩父市","寺尾"],"3680103":[11,"秩父郡小鹿野町","般若"],"3680001":[11,"秩父市","黒谷"],"3680052":[11,"秩父市","近戸町"],"3680035":[11,"秩父市","上町"],"3680042":[11,"秩父市","東町"],"3680115":[11,"秩父郡小鹿野町","日尾"],"3680195":[11,"秩父郡小鹿野町","大字般若","８７４－１"],"3680002":[11,"秩父市","栃谷"],"3680067":[11,"秩父市","みどりが丘"],"3680041":[11,"秩父市","番場町"],"3680112":[11,"秩父郡小鹿野町","三山"],"3680114":[11,"秩父郡小鹿野町","藤倉"],"3680045":[11,"秩父市","道生町"],"3680033":[11,"秩父市","野坂町"],"3688502":[11,"秩父郡横瀬町","大字横瀬","２２７０"]}
