{"2228577":[14,"横浜市港北区","新横浜","２丁目２－８奈良ビル８Ｆ"],"2228555":[14,"横浜市港北区","大豆戸町","５１５"],"2228585":[14,"横浜市港北区","新横浜","１丁目１９－２０ＳＵＮＨＡＭＡＤＡＢＬＤＧ．４Ｆ"],"2220031":[14,"横浜市港北区","太尾町"],"2228523":[14,"横浜市港北区","新横浜","２丁目１３－１２"],"2228530":[14,"横浜市港北区","新横浜","３丁目２－３"],"2220025":[14,"横浜市港北区","篠原西町"],"2220032":[14,"横浜市港北区","大豆戸町"],"2228520":[14,"横浜市港北区","新横浜","２丁目４－１８ＮＥＣ新横浜第二ビル"],"2228586":[14,"横浜市港北区","新横浜","２丁目１３－１３"],"2228525":[14,"横浜市港北区","新横浜","２丁目５－５住友不動産新横浜ビル４Ｆ"],"2220023":[14,"横浜市港北区","仲手原"],"2220021":[14,"横浜市港北区","篠原北"],"2220000":[14,"横浜市港北区",""],"2220037":[14,"横浜市港北区","大倉山"],"2220035":[14,"横浜市港北区","鳥山町"],"2228562":[14,"横浜市港北区","新横浜","１丁目５－５"],"2228556":[14,"横浜市港北区","新横浜","３丁目１８番１６号新横浜交通ビル７Ｆ"],"2220034":[14,"横浜市港北区","岸根町"],"2228501":[14,"横浜市港北区","新横浜","２丁目４－９"],"2228563":[14,"横浜市港北区","新横浜","１丁目５－５"],"2228533":[14,"横浜市港北区","新横浜","３丁目４"],"2220002":[14,"横浜市港北区","師岡町"],"2220033":[14,"横浜市港北区","新横浜"],"2220011":[14,"横浜市港北区","菊名"],"2228552":[14,"横浜市港北区","新横浜","２丁目１０－１"],"2220036":[14,"横浜市港北区","小机町"],"2220012":[14,"横浜市港北区","富士塚"],"2228558":[14,"横浜市港北区","大豆戸町","２７５"],"2228580":[14,"横浜市港北区","新横浜","３丁目１７－６"],"2228505":[14,"横浜市港北区","新横浜","３丁目１－１"],"2228550":[14,"横浜市港北区","大豆戸町","５２８－５"],"2228565":[14,"横浜市港北区","菊名","７丁目３－２２"],"2220026":[14,"横浜市港北区","篠原町"],"2228515":[14,"横浜市港北区","新横浜","２丁目１９番１７"],"2228509":[14,"横浜市港北区","新横浜","３丁目９－１８"],"2228561":[14,"横浜市港北区","新横浜","１丁目６－３"],"2228566":[14,"横浜市港北区","菊名","７丁目３－１３"],"2220003":[14,"横浜市港北区","大曽根"],"2228622":[14,"横浜市港北区","大豆戸町","８８"],"2228652":[14,"横浜市港北区","新横浜","２丁目５－１１"],"2220013":[14,"横浜市港北区","錦が丘"],"2220004":[14,"横浜市港北区","大曽根台"],"2228564":[14,"横浜市港北区","菊名","７丁目３－２２"],"2220024":[14,"横浜市港北区","篠原台町"],"2228511":[14,"横浜市港北区","新横浜","２丁目１３－１２"],"2220022":[14,"横浜市港北区","篠原東"],"2220001":[14,"横浜市港北区","樽町"]}
