{"0508550":[1,"室蘭市","仲町","１２番地"],"0500086":[1,"室蘭市","大沢町"],"0508588":[1,"室蘭市","日の出町","２丁目２番１０号"],"0500055":[1,"室蘭市","崎守町"],"0500066":[1,"室蘭市","幌萌町"],"0500051":[1,"室蘭市","石川町"],"0500072":[1,"室蘭市","高砂町"],"0500067":[1,"室蘭市","陣屋町"],"0500073":[1,"室蘭市","宮の森町"],"0500063":[1,"室蘭市","港北町"],"0500052":[1,"室蘭市","香川町"],"0508511":[1,"室蘭市","東町","１丁目１８番６号"],"0508585":[1,"室蘭市","水元町","２７番１号"],"0508555":[1,"室蘭市","中島町","１丁目２５番１号"],"0500077":[1,"室蘭市","天神町"],"0500000":[1,"室蘭市",""],"0500087":[1,"室蘭市","仲町"],"0500053":[1,"室蘭市","神代町"],"0500064":[1,"室蘭市","柏木町"],"0508510":[1,"室蘭市","仲町","６４"],"0500062":[1,"室蘭市","高平町"],"0500071":[1,"室蘭市","水元町"],"0500065":[1,"室蘭市","本輪西町"],"0500061":[1,"室蘭市","八丁平"],"0500084":[1,"室蘭市","みゆき町"],"0500054":[1,"室蘭市","白鳥台"],"0500083":[1,"室蘭市","東町"],"0500076":[1,"室蘭市","知利別町"],"0500085":[1,"室蘭市","輪西町"],"0500075":[1,"室蘭市","中島本町"],"0508518":[1,"室蘭市","中島町","１丁目２２番６号"],"0500074":[1,"室蘭市","中島町"],"0500081":[1,"室蘭市","日の出町"],"0508570":[1,"室蘭市","崎守町","３８５番地"],"0508582":[1,"室蘭市","寿町","３丁目２０番１号"],"0500082":[1,"室蘭市","寿町"]}
