{"0970013":[1,"稚内市","若葉台"],"0970000":[1,"稚内市",""],"0970007":[1,"稚内市","新末広"],"0970021":[1,"稚内市","港"],"0970100":[1,"利尻郡利尻富士町",""],"0970037":[1,"稚内市","西浜"],"0970400":[1,"利尻郡利尻町",""],"0970001":[1,"稚内市","末広"],"0970003":[1,"稚内市","こまどり"],"0978510":[1,"稚内市","末広","４丁目１－２８"],"0970005":[1,"稚内市","大黒"],"0978666":[1,"稚内市","中央","３丁目９－６"],"0971201":[1,"礼文郡礼文町","香深村"],"0970011":[1,"稚内市","はまなす"],"0970101":[1,"利尻郡利尻富士町","鴛泊"],"0970022":[1,"稚内市","中央"],"0970016":[1,"稚内市","萩見"],"0971200":[1,"礼文郡礼文町",""],"0970017":[1,"稚内市","栄"],"0978585":[1,"稚内市","末広","４丁目２－２７"],"0970025":[1,"稚内市","恵比須"],"0970015":[1,"稚内市","朝日"],"0970002":[1,"稚内市","潮見"],"0970035":[1,"稚内市","抜海村"],"0970012":[1,"稚内市","富岡"],"0970004":[1,"稚内市","緑"],"0978609":[1,"稚内市","末広","４丁目１番２５号"],"0971202":[1,"礼文郡礼文町","船泊村"],"0978555":[1,"稚内市","中央","４丁目１１－６"],"0971111":[1,"礼文郡礼文町","船泊村"],"0978525":[1,"稚内市","末広","４丁目２番２７号"],"0978558":[1,"稚内市","末広","４丁目２－２７"],"0970014":[1,"稚内市","新光町"],"0970036":[1,"稚内市","抜海村"],"0970211":[1,"利尻郡利尻富士町","鬼脇"],"0978639":[1,"稚内市","末広","４丁目２－２７"],"0970311":[1,"利尻郡利尻町","仙法志"],"0970027":[1,"稚内市","富士見"],"0978527":[1,"稚内市","末広","５丁目６－１稚内地方合同庁舎内"],"0970006":[1,"稚内市","新港町"],"0970026":[1,"稚内市","ノシャップ"],"0978686":[1,"稚内市","中央","３丁目１３－１５"],"0970024":[1,"稚内市","宝来"],"0970401":[1,"利尻郡利尻町","沓形"],"0970023":[1,"稚内市","開運"]}
