{"2018686":[13,"狛江市","中和泉","３丁目１４－８"],"2010015":[13,"狛江市","猪方"],"2018588":[13,"狛江市","東野川","３丁目４－１４"],"2010012":[13,"狛江市","中和泉"],"2010013":[13,"狛江市","元和泉"],"2010005":[13,"狛江市","岩戸南"],"2010014":[13,"狛江市","東和泉"],"2018555":[13,"狛江市","和泉本町","１丁目３５－１"],"2010004":[13,"狛江市","岩戸北"],"2018501":[13,"狛江市","元和泉","３丁目９－１"],"2010016":[13,"狛江市","駒井町"],"2010001":[13,"狛江市","西野川"],"2018511":[13,"狛江市","岩戸北","２丁目１１－１"],"2010000":[13,"狛江市",""],"2018648":[13,"狛江市","和泉本町","１丁目８－１"],"2010003":[13,"狛江市","和泉本町"],"2010002":[13,"狛江市","東野川"],"2010011":[13,"狛江市","西和泉"],"2018601":[13,"狛江市","和泉本町","４丁目１１－１"],"2018585":[13,"狛江市","和泉本町","１丁目１－５"]}
