{"2700001":[12,"松戸市","幸田"],"2701156":[12,"我孫子市","根戸新田"],"2702215":[12,"松戸市","串崎南町"],"2700141":[12,"流山市","松ケ丘"],"2700118":[12,"流山市","小屋"],"2701327":[12,"印西市","大森"],"2702203":[12,"松戸市","六高台"],"2701321":[12,"印西市","相嶋"],"2701174":[12,"我孫子市","日の出"],"2702211":[12,"松戸市","五香六実"],"2701300":[12,"印西市",""],"2701192":[12,"我孫子市","我孫子","１８５８"],"2701425":[12,"白井市","池の上"],"2702252":[12,"松戸市","千駄堀"],"2701511":[12,"印旛郡栄町","北辺田"],"2700031":[12,"松戸市","横須賀"],"2700173":[12,"流山市","谷"],"2702222":[12,"松戸市","高塚新田"],"2701383":[12,"印西市","大塚","２丁目１０番地"],"2701143":[12,"我孫子市","天王台"],"2701616":[12,"印旛郡印旛村","岩戸"],"2700227":[12,"野田市","親野井"],"2701431":[12,"白井市","根"],"2701340":[12,"印西市","中央南"],"2700131":[12,"流山市","美田"],"2701415":[12,"白井市","清戸"],"2701437":[12,"白井市","木"],"2702280":[12,"松戸市","松飛台","４３０"],"2701356":[12,"印西市","小倉台"],"2701382":[12,"印西市","武西学園台","２丁目１２００"],"2701404":[12,"白井市","折立"],"2700035":[12,"松戸市","新松戸南"],"2700013":[12,"松戸市","小金きよしケ丘"],"2701361":[12,"印西市","発作"],"2700202":[12,"野田市","関宿台町"],"2700164":[12,"流山市","流山"],"2701313":[12,"印西市","小林北"],"2701542":[12,"印旛郡栄町","四ッ谷"],"2701609":[12,"印旛郡印旛村","若萩"],"2702324":[12,"印旛郡本埜村","中根"],"2700017":[12,"松戸市","幸谷"],"2701365":[12,"印西市","高西新田"],"2700021":[12,"松戸市","小金原"],"2700103":[12,"流山市","美原"],"2701324":[12,"印西市","平岡"],"2701441":[12,"柏市","鷲野谷新田"],"2701443":[12,"柏市","鷲野谷"],"2701158":[12,"我孫子市","船戸"],"2700026":[12,"松戸市","三ケ月"],"2701136":[12,"我孫子市","岡発戸新田"],"2701133":[12,"我孫子市","上沼田"],"2700215":[12,"野田市","中戸"],"2701338":[12,"印西市","松崎台"],"2702300":[12,"印旛郡本埜村",""],"2700034":[12,"松戸市","新松戸"],"2700114":[12,"流山市","東初石"],"2701118":[12,"我孫子市","新木村下"],"2701194":[12,"我孫子市","我孫子","１６４６"],"2701495":[12,"白井市","中","３０５－１"],"2701433":[12,"白井市","けやき台"],"2701400":[12,"白井市",""],"2701132":[12,"我孫子市","湖北台"],"2701466":[12,"柏市","手賀新田"],"2701396":[12,"印西市","大森","２３６４－２"],"2701335":[12,"印西市","原"],"2701124":[12,"我孫子市","日秀新田"],"2708625":[12,"柏市","青葉台","２丁目２６－６３"],"2701359":[12,"印西市","木刈"],"2700000":[12,"松戸市",""],"2702315":[12,"印旛郡本埜村","中"],"2701334":[12,"印西市","西の原"],"2700216":[12,"野田市","西高野"],"2701137":[12,"我孫子市","岡発戸"],"2700102":[12,"流山市","こうのす台"],"2702241":[12,"松戸市","松戸新田"],"2701106":[12,"我孫子市","相島新田"],"2700163":[12,"流山市","南流山"],"2702297":[12,"松戸市","稔台","３１０"],"2702266":[12,"松戸市","常盤平西窪町"],"2700238":[12,"野田市","尾崎台"],"2700144":[12,"流山市","前ケ崎"],"2700205":[12,"野田市","関宿江戸町"],"2702221":[12,"松戸市","紙敷"],"2701102":[12,"我孫子市","都"],"2701693":[12,"印旛郡印旛村","瀬戸","５５４－１"],"2702316":[12,"印旛郡本埜村","行徳"],"2701452":[12,"柏市","片山新田"],"2702305":[12,"印旛郡本埜村","佐野屋"],"2701165":[12,"我孫子市","並木"],"2701454":[12,"柏市","柳戸"],"2701152":[12,"我孫子市","寿"],"2701126":[12,"我孫子市","中里新田"],"2702328":[12,"印旛郡本埜村","滝"],"2701128":[12,"我孫子市","中峠台"],"2700211":[12,"野田市","東高野"],"2700123":[12,"流山市","若葉台"],"2701392":[12,"印西市","中央北","３丁目２"],"2701113":[12,"我孫子市","江蔵地"],"2700106":[12,"流山市","平方村新田"],"2700157":[12,"流山市","平和台"],"2701523":[12,"印旛郡栄町","脇川"],"2701146":[12,"我孫子市","高野山新田"],"2701344":[12,"印西市","松崎"],"2701412":[12,"白井市","桜台"],"2701496":[12,"白井市","桜台","１丁目２"],"2701545":[12,"印旛郡栄町","北"],"2701617":[12,"印旛郡印旛村","吉田"],"2701426":[12,"白井市","笹塚"],"2700203":[12,"野田市","関宿元町"],"2701432":[12,"白井市","冨士"],"2701604":[12,"印旛郡印旛村","山田"],"2702212":[12,"松戸市","五香南"],"2701544":[12,"印旛郡栄町","中谷"],"2700153":[12,"流山市","中"],"2700012":[12,"松戸市","久保平賀"],"2701608":[12,"印旛郡印旛村","舞姫"],"2700155":[12,"流山市","宮園"],"2700117":[12,"流山市","北"],"2700146":[12,"流山市","芝崎"],"2701463":[12,"柏市","布瀬新田"],"2701328":[12,"印西市","木下南"],"2701366":[12,"印西市","白幡"],"2702231":[12,"松戸市","稔台"],"2701337":[12,"印西市","草深"],"2701531":[12,"印旛郡栄町","曽根"],"2701355":[12,"印西市","武西学園台"],"2701164":[12,"我孫子市","つくし野"],"2701112":[12,"我孫子市","新木"],"2700221":[12,"野田市","古布内"],"2702202":[12,"松戸市","高柳"],"2701135":[12,"我孫子市","都部新田"],"2701341":[12,"印西市","原山"],"2702251":[12,"松戸市","金ケ作"],"2701613":[12,"印旛郡印旛村","鎌苅"],"2701444":[12,"柏市","若白毛"],"2701517":[12,"印旛郡栄町","安食卜杭新田"],"2701457":[12,"柏市","泉村新田"],"2701505":[12,"印旛郡栄町","竜角寺台"],"2701514":[12,"印旛郡栄町","酒直台"],"2701543":[12,"印旛郡栄町","請方"],"2702216":[12,"松戸市","串崎新田"],"2700018":[12,"松戸市","上総内"],"2701322":[12,"印西市","浅間前"],"2702292":[12,"松戸市","秋山","８６"],"2701107":[12,"我孫子市","布佐下新田"],"2701325":[12,"印西市","竹袋"],"2701358":[12,"印西市","小倉"],"2701198":[12,"我孫子市","日の出","１１３１"],"2701405":[12,"白井市","富塚"],"2700023":[12,"松戸市","八ケ崎"],"2701348":[12,"印西市","戸神"],"2700231":[12,"野田市","小山"],"2701524":[12,"印旛郡栄町","長門谷"],"2702264":[12,"松戸市","常盤平松葉町"],"2700036":[12,"松戸市","大谷口新田"],"2701492":[12,"白井市","復","１１２３"],"2700206":[12,"野田市","関宿町"],"2700224":[12,"野田市","丸井"],"2700235":[12,"野田市","尾崎"],"2700192":[12,"流山市","平和台","１丁目１－１"],"2702301":[12,"印旛郡本埜村","将監"],"2701527":[12,"印旛郡栄町","押付"],"2701349":[12,"印西市","戸神台"],"2701395":[12,"印西市","大塚","１丁目５－１"],"2700006":[12,"松戸市","大金平"],"2700113":[12,"流山市","駒木台"],"2701362":[12,"印西市","亀成"],"2702288":[12,"松戸市","五香六実","１７"],"2701103":[12,"我孫子市","布佐酉町"],"2701500":[12,"印旛郡栄町",""],"2701434":[12,"白井市","大山口"],"2701153":[12,"我孫子市","緑"],"2701147":[12,"我孫子市","若松"],"2700135":[12,"流山市","野々下"],"2701345":[12,"印西市","船尾"],"2708501":[12,"松戸市","新松戸東","９－１"],"2700217":[12,"野田市","はやま"],"2702302":[12,"印旛郡本埜村","安食卜杭"],"2701532":[12,"印旛郡栄町","南"],"2702254":[12,"松戸市","河原塚"],"2701601":[12,"印旛郡印旛村","萩原"],"2701501":[12,"印旛郡栄町","矢口神明"],"2702265":[12,"松戸市","常盤平陣屋前"],"2700126":[12,"流山市","上新宿新田"],"2701116":[12,"我孫子市","浅間前新田"],"2702263":[12,"松戸市","常盤平柳町"],"2700225":[12,"野田市","平井"],"2701315":[12,"印西市","小林浅間"],"2702306":[12,"印旛郡本埜村","中田切"],"2702323":[12,"印旛郡本埜村","和泉屋"],"2702295":[12,"松戸市","稔台","５丁目２－１"],"2701603":[12,"印旛郡印旛村","吉高"],"2701121":[12,"我孫子市","中峠"],"2701134":[12,"我孫子市","都部村新田"],"2701414":[12,"白井市","谷田"],"2701607":[12,"印旛郡印旛村","美瀬"],"2701506":[12,"印旛郡栄町","龍角寺"],"2700105":[12,"流山市","平方"],"2701354":[12,"印西市","武西"],"2700226":[12,"野田市","東宝珠花"],"2701513":[12,"印旛郡栄町","酒直"],"2701336":[12,"印西市","東の原"],"2701138":[12,"我孫子市","下ケ戸"],"2701144":[12,"我孫子市","東我孫子"],"2702317":[12,"印旛郡本埜村","下曽根"],"2701502":[12,"印旛郡栄町","矢口"],"2700172":[12,"流山市","桐ケ谷"],"2701157":[12,"我孫子市","呼塚新田"],"2701363":[12,"印西市","鹿黒"],"2701614":[12,"印旛郡印旛村","瀬戸"],"2700145":[12,"流山市","名都借"],"2708511":[12,"松戸市","新松戸東","９－１"],"2701178":[12,"我孫子市","南青山"],"2702298":[12,"松戸市","高塚新田","１２３－１"],"2701171":[12,"我孫子市","弁天下"],"2700171":[12,"流山市","上貝塚"],"2701367":[12,"印西市","浦部"],"2700156":[12,"流山市","西平井"],"2700142":[12,"流山市","西松ケ丘"],"2701421":[12,"白井市","白井"],"2700154":[12,"流山市","思井"],"2701175":[12,"我孫子市","青山台"],"2700004":[12,"松戸市","殿平賀"],"2700137":[12,"流山市","市野谷"],"2700122":[12,"流山市","大畔"],"2702327":[12,"印旛郡本埜村","竜腹寺"],"2701151":[12,"我孫子市","本町"],"2700116":[12,"流山市","中野久木"],"2701516":[12,"印旛郡栄町","安食"],"2700237":[12,"野田市","中里"],"2701350":[12,"印西市","中央北"],"2700233":[12,"野田市","船形"],"2701453":[12,"柏市","片山"],"2701535":[12,"印旛郡栄町","布太"],"2702261":[12,"松戸市","常盤平"],"2701167":[12,"我孫子市","台田"],"2701435":[12,"白井市","清水口"],"2701422":[12,"白井市","復"],"2702213":[12,"松戸市","五香"],"2701125":[12,"我孫子市","中沼田"],"2701695":[12,"印旛郡印旛村","平賀学園台","１丁目１"],"2701471":[12,"船橋市","小室町"],"2700133":[12,"流山市","十太夫"],"2700108":[12,"流山市","深井新田"],"2701316":[12,"印西市","小林大門下"],"2701403":[12,"白井市","河原子"],"2701343":[12,"印西市","結縁寺"],"2700032":[12,"松戸市","新松戸北"],"2702232":[12,"松戸市","和名ケ谷"],"2701104":[12,"我孫子市","新々田"],"2708577":[12,"松戸市","新松戸","１丁目３３５－２"],"2700121":[12,"流山市","西初石"],"2700143":[12,"流山市","向小金"],"2700162":[12,"流山市","木"],"2701525":[12,"印旛郡栄町","四箇"],"2701456":[12,"柏市","泉"],"2701413":[12,"白井市","武西"],"2701504":[12,"印旛郡栄町","麻生"],"2701131":[12,"我孫子市","都部"],"2702393":[12,"印旛郡本埜村","大字竜腹寺","２８０"],"2701100":[12,"我孫子市",""],"2700014":[12,"松戸市","小金"],"2702331":[12,"印旛郡本埜村","みどり台"],"2701546":[12,"印旛郡栄町","生板鍋子新田"],"2701445":[12,"柏市","岩井"],"2701172":[12,"我孫子市","北新田"],"2702312":[12,"印旛郡本埜村","長門屋"],"2700027":[12,"松戸市","二ツ木"],"2702253":[12,"松戸市","日暮"],"2700214":[12,"野田市","柏寺"],"2702243":[12,"松戸市","野菊野"],"2701536":[12,"印旛郡栄町","三和"],"2702217":[12,"松戸市","初富飛地"],"2700011":[12,"松戸市","根木内"],"2701464":[12,"柏市","布瀬"],"2701368":[12,"印西市","浦部村新田"],"2700213":[12,"野田市","桐ケ作"],"2701332":[12,"印西市","別所"],"2702318":[12,"印旛郡本埜村","押付"],"2700104":[12,"流山市","平方原新田"],"2702322":[12,"印旛郡本埜村","笠神"],"2701115":[12,"我孫子市","大作新田"],"2701196":[12,"我孫子市","久寺家","４５１"],"2701357":[12,"印西市","牧の木戸"],"2701163":[12,"我孫子市","久寺家"],"2701461":[12,"柏市","水道橋"],"2701387":[12,"印西市","草深","１９０５－７"],"2700015":[12,"松戸市","小金上総町"],"2701326":[12,"印西市","木下"],"2702313":[12,"印旛郡本埜村","下井"],"2701108":[12,"我孫子市","布佐平和台"],"2700112":[12,"流山市","青田"],"2701346":[12,"印西市","多々羅田"],"2702321":[12,"印旛郡本埜村","物木"],"2701439":[12,"白井市","大松"],"2700125":[12,"流山市","上新宿"],"2701333":[12,"印西市","宗甫"],"2701406":[12,"白井市","中"],"2701122":[12,"我孫子市","中里"],"2701351":[12,"印西市","和泉"],"2702262":[12,"松戸市","常盤平双葉町"],"2701442":[12,"柏市","染井入新田"],"2701323":[12,"印西市","木下東"],"2700223":[12,"野田市","岡田"],"2701111":[12,"我孫子市","古戸"],"2700175":[12,"流山市","三輪野山"],"2700007":[12,"松戸市","中金杉"],"2701493":[12,"白井市","桜台","１丁目４"],"2700132":[12,"流山市","駒木"],"2701141":[12,"我孫子市","栄"],"2701154":[12,"我孫子市","白山"],"2701512":[12,"印旛郡栄町","須賀"],"2701161":[12,"我孫子市","布施下"],"2701117":[12,"我孫子市","下沼田"],"2701600":[12,"印旛郡印旛村",""],"2702325":[12,"印旛郡本埜村","角田"],"2701177":[12,"我孫子市","柴崎"],"2702201":[12,"松戸市","高柳新田"],"2700136":[12,"流山市","古間木"],"2700003":[12,"松戸市","東平賀"],"2701353":[12,"印西市","泉"],"2701119":[12,"我孫子市","南新木"],"2702326":[12,"印旛郡本埜村","荒野"],"2700232":[12,"野田市","莚打"],"2702307":[12,"印旛郡本埜村","松木"],"2702267":[12,"松戸市","牧の原"],"2701424":[12,"白井市","堀込"],"2701423":[12,"白井市","南山"],"2700028":[12,"松戸市","二ツ木二葉町"],"2701436":[12,"白井市","七次台"],"2700236":[12,"野田市","東金野井"],"2701592":[12,"印旛郡栄町","安食台","１丁目２番"],"2702224":[12,"松戸市","大橋"],"2701615":[12,"印旛郡印旛村","師戸"],"2702303":[12,"印旛郡本埜村","酒直卜杭"],"2700033":[12,"松戸市","新松戸東"],"2702214":[12,"松戸市","松飛台"],"2700161":[12,"流山市","鰭ケ崎"],"2701446":[12,"柏市","岩井村新田"],"2701611":[12,"印旛郡印旛村","造谷"],"2701602":[12,"印旛郡印旛村","松虫"],"2701398":[12,"印西市","武西学園台","１丁目１－１"],"2701364":[12,"印西市","浦幡新田"],"2701534":[12,"印旛郡栄町","西"],"2700134":[12,"流山市","長崎"],"2700115":[12,"流山市","江戸川台西"],"2701521":[12,"印旛郡栄町","和田"],"2701166":[12,"我孫子市","我孫子"],"2701402":[12,"白井市","平塚"],"2702311":[12,"印旛郡本埜村","萩原"],"2701694":[12,"印旛郡印旛村","鎌苅","１７１５"],"2701393":[12,"印西市","大塚","１丁目６－１"],"2702204":[12,"松戸市","六実"],"2700174":[12,"流山市","下花輪"],"2700176":[12,"流山市","加"],"2700111":[12,"流山市","江戸川台東"],"2702329":[12,"印旛郡本埜村","滝野"],"2700107":[12,"流山市","西深井"],"2708555":[12,"松戸市","新松戸","３丁目２－１"],"2701408":[12,"白井市","西白井"],"2701526":[12,"印旛郡栄町","大森"],"2702223":[12,"松戸市","秋山"],"2701416":[12,"白井市","神々廻"],"2701438":[12,"白井市","野口"],"2700100":[12,"流山市",""],"2701352":[12,"印西市","大塚"],"2701503":[12,"印旛郡栄町","興津"],"2700151":[12,"流山市","後平井"],"2700025":[12,"松戸市","中和倉"],"2701101":[12,"我孫子市","布佐"],"2701114":[12,"我孫子市","新木野"],"2700002":[12,"松戸市","平賀"],"2700127":[12,"流山市","富士見台"],"2701606":[12,"印旛郡印旛村","平賀学園台"],"2701173":[12,"我孫子市","青山"],"2700022":[12,"松戸市","栗ケ沢"],"2702314":[12,"印旛郡本埜村","松虫"],"2701451":[12,"柏市","曙橋"],"2702242":[12,"松戸市","仲井町"],"2702319":[12,"印旛郡本埜村","川向"],"2701176":[12,"我孫子市","柴崎台"],"2701142":[12,"我孫子市","泉"],"2700222":[12,"野田市","木間ケ瀬"],"2700198":[12,"流山市","駒木","４７４"],"2701105":[12,"我孫子市","三河屋新田"],"2702255":[12,"松戸市","田中新田"],"2701455":[12,"柏市","金山"],"2701401":[12,"白井市","今井"],"2701533":[12,"印旛郡栄町","南ケ丘"],"2702392":[12,"印旛郡本埜村","大字笠神","２５８７"],"2701541":[12,"印旛郡栄町","龍ケ崎町歩"],"2701123":[12,"我孫子市","日秀"],"2702308":[12,"印旛郡本埜村","小林"],"2700234":[12,"野田市","日の出町"],"2701381":[12,"印西市","大塚","２丁目２－１"],"2700016":[12,"松戸市","小金清志町"],"2700024":[12,"松戸市","八ケ崎緑町"],"2700212":[12,"野田市","新田戸"],"2700005":[12,"松戸市","大谷口"],"2701465":[12,"柏市","手賀"],"2701342":[12,"印西市","高花"],"2700201":[12,"野田市","関宿三軒家"],"2700124":[12,"流山市","南"],"2701318":[12,"印西市","小林"],"2701127":[12,"我孫子市","中峠村下"],"2700101":[12,"流山市","東深井"],"2702218":[12,"松戸市","五香西"],"2700228":[12,"野田市","次木"],"2701145":[12,"我孫子市","高野山"],"2701612":[12,"印旛郡印旛村","大廻"],"2701162":[12,"我孫子市","布施"],"2701155":[12,"我孫子市","我孫子新田"],"2700204":[12,"野田市","関宿内町"],"2702304":[12,"印旛郡本埜村","甚兵衛"],"2701347":[12,"印西市","内野"],"2701605":[12,"印旛郡印旛村","平賀"],"2701522":[12,"印旛郡栄町","布鎌酒直"],"2701462":[12,"柏市","千間橋"],"2701407":[12,"白井市","名内"],"2701411":[12,"白井市","十余一"],"2701168":[12,"我孫子市","根戸"],"2700152":[12,"流山市","前平井"],"2701515":[12,"印旛郡栄町","安食台"]}
