{"4180006":[22,"富士宮市","外神"],"4180072":[22,"富士宮市","矢立町"],"4180036":[22,"富士宮市","沼久保"],"4180115":[22,"富士宮市","精進川"],"4180064":[22,"富士宮市","元城町"],"4180017":[22,"富士宮市","舟久保町"],"4180103":[22,"富士宮市","上井出"],"4180042":[22,"富士宮市","貴船町"],"4180078":[22,"富士宮市","阿幸地町"],"4180075":[22,"富士宮市","田中町"],"4188686":[22,"富士宮市","元城町","３１－１５"],"4180016":[22,"富士宮市","阿幸地"],"4180109":[22,"富士宮市","麓"],"4180068":[22,"富士宮市","豊町"],"4180046":[22,"富士宮市","中里東町"],"4180037":[22,"富士宮市","安居山"],"4180031":[22,"富士宮市","神田川町"],"4188601":[22,"富士宮市","弓沢町","１５０"],"4180061":[22,"富士宮市","北町"],"4180116":[22,"富士宮市","上条"],"4180033":[22,"富士宮市","野中東町"],"4180056":[22,"富士宮市","西町"],"4180073":[22,"富士宮市","弓沢町"],"4180032":[22,"富士宮市","浅間町"],"4180005":[22,"富士宮市","宮原"],"4180104":[22,"富士宮市","内野"],"4180045":[22,"富士宮市","中島町"],"4180112":[22,"富士宮市","北山"],"4180067":[22,"富士宮市","宮町"],"4180011":[22,"富士宮市","粟倉"],"4180108":[22,"富士宮市","猪之頭"],"4180025":[22,"富士宮市","前田町"],"4180058":[22,"富士宮市","穂波町"],"4180057":[22,"富士宮市","朝日町"],"4180105":[22,"富士宮市","原"],"4180014":[22,"富士宮市","富士見ケ丘"],"4180038":[22,"富士宮市","野中町"],"4180023":[22,"富士宮市","山本"],"4180047":[22,"富士宮市","青木"],"4180039":[22,"富士宮市","野中"],"4180018":[22,"富士宮市","粟倉南町"],"4180044":[22,"富士宮市","大中里"],"4180063":[22,"富士宮市","若の宮町"],"4180113":[22,"富士宮市","馬見塚"],"4180021":[22,"富士宮市","杉田"],"4180004":[22,"富士宮市","三園平"],"4180002":[22,"富士宮市","中原町"],"4180106":[22,"富士宮市","半野"],"4180117":[22,"富士宮市","狩宿"],"4180043":[22,"富士宮市","泉町"],"4180077":[22,"富士宮市","東町"],"4180066":[22,"富士宮市","大宮町"],"4180041":[22,"富士宮市","淀川町"],"4180111":[22,"富士宮市","山宮"],"4180007":[22,"富士宮市","外神東町"],"4180001":[22,"富士宮市","万野原新田"],"4180192":[22,"富士宮市","上井出","２２６６"],"4180024":[22,"富士宮市","貫戸"],"4180102":[22,"富士宮市","人穴"],"4180003":[22,"富士宮市","ひばりが丘"],"4180054":[22,"富士宮市","光町"],"4180015":[22,"富士宮市","舞々木町"],"4180055":[22,"富士宮市","宝町"],"4180051":[22,"富士宮市","淀師"],"4180026":[22,"富士宮市","西小泉町"],"4188666":[22,"富士宮市","大中里","２００"],"4180053":[22,"富士宮市","宮北町"],"4180012":[22,"富士宮市","村山"],"4180035":[22,"富士宮市","星山"],"4180052":[22,"富士宮市","淀平町"],"4180076":[22,"富士宮市","錦町"],"4180062":[22,"富士宮市","城北町"],"4180071":[22,"富士宮市","東阿幸地"],"4180034":[22,"富士宮市","黒田"],"4180101":[22,"富士宮市","根原"],"4180107":[22,"富士宮市","佐折"],"4180022":[22,"富士宮市","小泉"],"4180013":[22,"富士宮市","大岩"],"4180000":[22,"富士宮市",""],"4180074":[22,"富士宮市","源道寺町"],"4180065":[22,"富士宮市","中央町"],"4180048":[22,"富士宮市","青木平"],"4180114":[22,"富士宮市","下条"]}
