{"4440852":[23,"岡崎市","南明大寺町"],"4442334":[23,"豊田市","国閑町"],"4440305":[23,"西尾市","平坂町"],"4440878":[23,"岡崎市","竜美東"],"4442823":[23,"豊田市","東萩平町"],"4440394":[23,"西尾市","上矢田町","神明寺３"],"4440100":[23,"額田郡幸田町",""],"4440817":[23,"岡崎市","不吹町"],"4442216":[23,"豊田市","九久平町"],"4448555":[23,"岡崎市","羽根町","字陣場４７"],"4440124":[23,"額田郡幸田町","深溝"],"4440051":[23,"岡崎市","本町通"],"4443265":[23,"豊田市","田平沢町"],"4442815":[23,"豊田市","万根町"],"4440943":[23,"岡崎市","矢作町"],"4443162":[23,"岡崎市","新居町"],"4442521":[23,"豊田市","小町"],"4440923":[23,"岡崎市","八帖町"],"4442403":[23,"豊田市","川面町"],"4442115":[23,"岡崎市","百々町"],"4441153":[23,"安城市","東町"],"4443431":[23,"岡崎市","切山町"],"4440840":[23,"岡崎市","戸崎町"],"4443206":[23,"豊田市","羽布町"],"4440842":[23,"岡崎市","戸崎元町"],"4442324":[23,"豊田市","栃本町"],"4442514":[23,"豊田市","栃ノ沢町"],"4442510":[23,"豊田市","富岡町"],"4443504":[23,"岡崎市","上衣文町"],"4441397":[23,"高浜市","新田町","３丁目１－３"],"4440804":[23,"岡崎市","美合町生田"],"4440007":[23,"岡崎市","大平町"],"4442108":[23,"岡崎市","奥殿町"],"4442223":[23,"豊田市","松平志賀町"],"4443445":[23,"岡崎市","大高味町"],"4443437":[23,"岡崎市","毛呂町"],"4442821":[23,"豊田市","小田町"],"4448543":[23,"岡崎市","錦町","４－１７"],"4440703":[23,"幡豆郡幡豆町","西幡豆"],"4443161":[23,"岡崎市","大柳町"],"4442134":[23,"岡崎市","大樹寺"],"4440514":[23,"幡豆郡吉良町","白浜新田"],"4443524":[23,"岡崎市","竜泉寺町"],"4440024":[23,"岡崎市","西中町"],"4442409":[23,"豊田市","菅生町"],"4442414":[23,"豊田市","葛沢町"],"4440416":[23,"幡豆郡一色町","佐久島"],"4440427":[23,"幡豆郡一色町","赤羽"],"4443513":[23,"岡崎市","山綱町"],"4442103":[23,"岡崎市","渡通津町"],"4440302":[23,"西尾市","田貫"],"4448516":[23,"岡崎市","日名西町","３"],"4443593":[23,"岡崎市","市場町","字桐山八番地"],"4441324":[23,"高浜市","碧海町"],"4441211":[23,"安城市","根崎町"],"4448606":[23,"岡崎市","戸崎町","字大道東７"],"4442602":[23,"豊田市","連谷町"],"4440203":[23,"岡崎市","井内町"],"4442331":[23,"豊田市","岩谷町"],"4440215":[23,"岡崎市","中村町"],"4440076":[23,"岡崎市","井田町"],"4441393":[23,"高浜市","豊田町","２丁目１－１"],"4442202":[23,"豊田市","松平町"],"4440334":[23,"西尾市","南奥田町"],"4440522":[23,"幡豆郡吉良町","下横須賀"],"4440074":[23,"岡崎市","東能見町"],"4440114":[23,"額田郡幸田町","横落"],"4442801":[23,"豊田市","牛地町"],"4440496":[23,"幡豆郡一色町","大字赤羽","字上郷中１４"],"4440212":[23,"岡崎市","下和田町"],"4440112":[23,"額田郡幸田町","北鷲田"],"4440413":[23,"幡豆郡一色町","坂田新田"],"4443223":[23,"豊田市","蕪木町"],"4443164":[23,"岡崎市","蔵次町"],"4443448":[23,"岡崎市","外山町"],"4440324":[23,"西尾市","寺津町"],"4443622":[23,"岡崎市","樫山町"],"4440425":[23,"幡豆郡一色町","細川"],"4442603":[23,"豊田市","大多賀町"],"4442141":[23,"岡崎市","桑原町"],"4442114":[23,"岡崎市","堂前町"],"4440904":[23,"岡崎市","西大友町"],"4440935":[23,"岡崎市","下佐々木町"],"4440231":[23,"岡崎市","高橋町"],"4442344":[23,"豊田市","東大島町"],"4440042":[23,"岡崎市","六地蔵町"],"4440500":[23,"幡豆郡吉良町",""],"4441304":[23,"高浜市","豊田町"],"4442806":[23,"豊田市","惣田町"],"4441161":[23,"安城市","姫小川町"],"4443205":[23,"豊田市","野原町"],"4440877":[23,"岡崎市","竜美旭町"],"4442836":[23,"豊田市","上切町"],"4448501":[23,"岡崎市","橋目町","字中新切１"],"4442145":[23,"岡崎市","東蔵前"],"4443443":[23,"岡崎市","鍛埜町"],"4440303":[23,"西尾市","中畑町"],"4440426":[23,"幡豆郡一色町","治明"],"4441394":[23,"高浜市","本郷町","４丁目３－２１"],"4442401":[23,"豊田市","二タ宮町"],"4442513":[23,"豊田市","足助白山町"],"4440395":[23,"西尾市","寺津町","四ノ割横道東８"],"4440049":[23,"岡崎市","亀井町"],"4442601":[23,"豊田市","明川町"],"4440853":[23,"岡崎市","三崎町"],"4441198":[23,"安城市","藤井町","南山２０番地"],"4440801":[23,"岡崎市","美合新町"],"4448508":[23,"岡崎市","康生通東","２丁目６３"],"4442335":[23,"豊田市","上脇町"],"4440415":[23,"幡豆郡一色町","酒手島"],"4440316":[23,"西尾市","羽塚町"],"4443213":[23,"豊田市","小松野町"],"4441154":[23,"安城市","桜井町"],"4440494":[23,"幡豆郡一色町","大字中外沢","字下長割８"],"4440128":[23,"額田郡幸田町","野場"],"4440211":[23,"岡崎市","野畑町"],"4440825":[23,"岡崎市","福岡町"],"4448787":[23,"岡崎市","明大寺町","字東山５－１"],"4441224":[23,"安城市","和泉町"],"4440065":[23,"岡崎市","柿田町"],"4441206":[23,"安城市","城ケ入町"],"4442822":[23,"豊田市","大坪町"],"4443503":[23,"岡崎市","鶇巣町"],"4442224":[23,"豊田市","巴町"],"4442837":[23,"豊田市","一色町"],"4440521":[23,"幡豆郡吉良町","上横須賀"],"4442215":[23,"豊田市","中垣内町"],"4448553":[23,"岡崎市","高隆寺町","字五所合３番地１"],"4443221":[23,"豊田市","田折町"],"4440000":[23,"岡崎市",""],"4440704":[23,"幡豆郡幡豆町","鳥羽"],"4440501":[23,"幡豆郡吉良町","駮馬"],"4443594":[23,"岡崎市","舞木町","字城山１－５４"],"4442102":[23,"岡崎市","日影町"],"4441387":[23,"高浜市","芳川町","３丁目３－２１"],"4443252":[23,"豊田市","神殿町"],"4442831":[23,"豊田市","須渕町"],"4442221":[23,"豊田市","幸海町"],"4440335":[23,"西尾市","港町"],"4440843":[23,"岡崎市","江口"],"4443696":[23,"岡崎市","樫山町","字山ノ神２１番地１"],"4442101":[23,"岡崎市","川向町"],"4440073":[23,"岡崎市","能見通"],"4442809":[23,"豊田市","小滝野町"],"4440216":[23,"岡崎市","定国町"],"4440075":[23,"岡崎市","伊賀町"],"4442411":[23,"豊田市","御内町"],"4442812":[23,"豊田市","押井町"],"4441164":[23,"安城市","藤井町"],"4448554":[23,"岡崎市","明大寺町","字奈良井３"],"4440005":[23,"岡崎市","岡町"],"4443242":[23,"豊田市","大沼町"],"4442325":[23,"豊田市","桑原田町"],"4442844":[23,"豊田市","伯母沢町"],"4442146":[23,"岡崎市","東蔵前町"],"4443331":[23,"岡崎市","古部町"],"4441192":[23,"安城市","藤井町","高根１０"],"4442301":[23,"豊田市","東川端町"],"4440325":[23,"西尾市","楠村町"],"4440204":[23,"岡崎市","土井町"],"4442503":[23,"豊田市","細田町"],"4440495":[23,"幡豆郡一色町","大字赤羽","字上郷中１１３－１"],"4440911":[23,"岡崎市","日名北町"],"4442526":[23,"豊田市","葛町"],"4440113":[23,"額田郡幸田町","菱池"],"4440932":[23,"岡崎市","筒針町"],"4441323":[23,"高浜市","田戸町"],"4441398":[23,"高浜市","青木町","四丁目１－２"],"4440848":[23,"岡崎市","向山町"],"4440524":[23,"幡豆郡吉良町","荻原"],"4440428":[23,"幡豆郡一色町","中外沢"],"4440815":[23,"岡崎市","羽根町陣場"],"4443521":[23,"岡崎市","市場町"],"4440901":[23,"岡崎市","森越町"],"4441334":[23,"高浜市","春日町"],"4443433":[23,"岡崎市","木下町"],"4442451":[23,"豊田市","岩神町"],"4443173":[23,"岡崎市","滝町"],"4440392":[23,"西尾市","中畑町","浜田下１０"],"4440121":[23,"額田郡幸田町","永野"],"4442147":[23,"岡崎市","西蔵前町"],"4440945":[23,"岡崎市","東本郷町"],"4440933":[23,"岡崎市","渡町"],"4442214":[23,"豊田市","桂野町"],"4440225":[23,"岡崎市","中島西町"],"4443167":[23,"岡崎市","米河内町"],"4440826":[23,"岡崎市","若松町"],"4440805":[23,"岡崎市","美合町地蔵野"],"4442351":[23,"豊田市","岩神町"],"4440016":[23,"岡崎市","元欠町"],"4440902":[23,"岡崎市","舳越町"],"4442841":[23,"豊田市","閑羅瀬町"],"4442608":[23,"豊田市","五反田町"],"4442506":[23,"豊田市","久木町"],"4448588":[23,"岡崎市","能見町","１２３"],"4448552":[23,"岡崎市","明大寺本町","１丁目４６"],"4441312":[23,"高浜市","清水町"],"4442342":[23,"豊田市","則定町"],"4440918":[23,"岡崎市","日名中町"],"4442834":[23,"豊田市","島崎町"],"4443211":[23,"豊田市","和合町"],"4440849":[23,"岡崎市","戸崎新町"],"4442804":[23,"豊田市","日下部町"],"4440048":[23,"岡崎市","六供本町"],"4440411":[23,"幡豆郡一色町","千間"],"4441295":[23,"安城市","根崎町西石谷","８番地"],"4443333":[23,"岡崎市","蓬生町"],"4440003":[23,"岡崎市","小美町"],"4442112":[23,"岡崎市","東阿知和町"],"4443516":[23,"岡崎市","山綱町"],"4442116":[23,"岡崎市","寿町"],"4443605":[23,"岡崎市","中金町"],"4440244":[23,"岡崎市","下青野町"],"4443502":[23,"岡崎市","大幡町"],"4440864":[23,"岡崎市","明大寺町"],"4442501":[23,"豊田市","大井町"],"4440802":[23,"岡崎市","美合町"],"4440192":[23,"額田郡幸田町","大字菱池","字元林１－１"],"4440493":[23,"幡豆郡一色町","大字一色","字西塩浜２１１"],"4448581":[23,"岡崎市","羽根町","字東荒子３５"],"4442512":[23,"豊田市","東中山町"],"4440838":[23,"岡崎市","羽根西"],"4440917":[23,"岡崎市","日名西町"],"4443698":[23,"岡崎市","牧平町","字岩田３－３３"],"4440038":[23,"岡崎市","伝馬通"],"4442517":[23,"豊田市","中立町"],"4442516":[23,"豊田市","塩ノ沢町"],"4442808":[23,"豊田市","槇本町"],"4440033":[23,"岡崎市","久右ヱ門町"],"4443208":[23,"豊田市","高野町"],"4441151":[23,"安城市","村高町"],"4442332":[23,"豊田市","下平町"],"4440315":[23,"西尾市","徳永町"],"4441225":[23,"安城市","和泉町"],"4443175":[23,"岡崎市","真伝"],"4443262":[23,"豊田市","立岩町"],"4440039":[23,"岡崎市","花崗町"],"4440056":[23,"岡崎市","福寿町"],"4440078":[23,"岡崎市","伊賀新町"],"4442407":[23,"豊田市","桑田和町"],"4440516":[23,"幡豆郡吉良町","吉田"],"4440116":[23,"額田郡幸田町","芦谷"],"4440938":[23,"岡崎市","昭和町"],"4443612":[23,"岡崎市","明見町"],"4440908":[23,"岡崎市","橋目町"],"4442825":[23,"豊田市","市平町"],"4440046":[23,"岡崎市","連尺通"],"4440870":[23,"岡崎市","竜美大入町"],"4441152":[23,"安城市","川島町"],"4441221":[23,"安城市","和泉町"],"4440813":[23,"岡崎市","羽根町"],"4448522":[23,"岡崎市","矢作町","字出口１"],"4442419":[23,"豊田市","椿立町"],"4442835":[23,"豊田市","上中町"],"4440059":[23,"岡崎市","康生通西"],"4442132":[23,"岡崎市","井ノ口新町"],"4440064":[23,"岡崎市","城北町"],"4442302":[23,"豊田市","戸中町"],"4440326":[23,"西尾市","富山町"],"4442527":[23,"豊田市","月原町"],"4442402":[23,"豊田市","竜岡町"],"4440869":[23,"岡崎市","明大寺町"],"4442312":[23,"豊田市","四ツ松町"],"4440423":[23,"幡豆郡一色町","一色"],"4443595":[23,"岡崎市","池金町","字金山７６－４"],"4440054":[23,"岡崎市","田町"],"4442531":[23,"豊田市","上切山町"],"4443441":[23,"岡崎市","冨尾町"],"4440944":[23,"岡崎市","北本郷町"],"4440798":[23,"幡豆郡幡豆町","大字西幡豆","字仲田１４番地２"],"4440015":[23,"岡崎市","中町"],"4442817":[23,"豊田市","明賀町"],"4442137":[23,"岡崎市","薮田"],"4441222":[23,"安城市","和泉町"],"4442412":[23,"豊田市","山ノ中立町"],"4448551":[23,"岡崎市","明大寺本町","１丁目４"],"4442133":[23,"岡崎市","井ノ口町"],"4442193":[23,"岡崎市","仁木町","字荒下１"],"4440921":[23,"岡崎市","中岡崎町"],"4440946":[23,"岡崎市","富永町"],"4440865":[23,"岡崎市","明大寺町大圦"],"4442524":[23,"豊田市","摺町"],"4440424":[23,"幡豆郡一色町","小薮"],"4448545":[23,"岡崎市","康生通西","３丁目３０番地"],"4440213":[23,"岡崎市","坂左右町"],"4440868":[23,"岡崎市","明大寺町"],"4442207":[23,"豊田市","石楠町"],"4448577":[23,"岡崎市","東明大寺町","６番地７"],"4442148":[23,"岡崎市","仁木町"],"4442303":[23,"豊田市","野林町"],"4442194":[23,"岡崎市","仁木町","字川越１－１"],"4442343":[23,"豊田市","霧山町"],"4441213":[23,"安城市","東端町"],"4441311":[23,"高浜市","本郷町"],"4442201":[23,"豊田市","坂上町"],"4440879":[23,"岡崎市","竜美中"],"4442213":[23,"豊田市","加茂川町"],"4440839":[23,"岡崎市","羽根西新町"],"4441322":[23,"高浜市","二池町"],"4442113":[23,"岡崎市","松橋町"],"4443432":[23,"岡崎市","千万町町"],"4442511":[23,"豊田市","大蔵町"],"4443174":[23,"岡崎市","真伝町"],"4440224":[23,"岡崎市","中島中町"],"4440513":[23,"幡豆郡吉良町","宮崎"],"4440814":[23,"岡崎市","羽根町小豆坂"],"4443515":[23,"岡崎市","桑谷町"],"4440502":[23,"幡豆郡吉良町","宮迫"],"4440006":[23,"岡崎市","丸山町"],"4442406":[23,"豊田市","漆畑町"],"4442206":[23,"豊田市","王滝町"],"4443501":[23,"岡崎市","池金町"],"4440047":[23,"岡崎市","八幡町"],"4442104":[23,"岡崎市","駒立町"],"4442226":[23,"豊田市","幸穂台"],"4443523":[23,"岡崎市","藤川町"],"4443611":[23,"岡崎市","宮崎町"],"4440400":[23,"幡豆郡一色町",""],"4440077":[23,"岡崎市","井田町茨坪"],"4440214":[23,"岡崎市","国正町"],"4440032":[23,"岡崎市","門前町"],"4440903":[23,"岡崎市","東大友町"],"4442805":[23,"豊田市","小畑町"],"4440193":[23,"額田郡幸田町","大字芦谷","字丸山５"],"4440314":[23,"西尾市","下矢田町"],"4440939":[23,"岡崎市","新堀町"],"4440013":[23,"岡崎市","根石町"],"4440222":[23,"岡崎市","二軒屋町"],"4440827":[23,"岡崎市","針崎町"],"4443621":[23,"岡崎市","夏山町"],"4440311":[23,"西尾市","新在家町"],"4440414":[23,"幡豆郡一色町","藤江"],"4448564":[23,"岡崎市","岡町","字原山６－１８"],"4443332":[23,"岡崎市","切越町"],"4440126":[23,"額田郡幸田町","桐山"],"4440824":[23,"岡崎市","上地町"],"4443602":[23,"岡崎市","東河原町"],"4442893":[23,"豊田市","小滝野町","坂３８番地２５"],"4448602":[23,"岡崎市","菅生町","字元菅４１"],"4442413":[23,"豊田市","東大見町"],"4441297":[23,"安城市","和泉町","井ノ上１番地１"],"4441333":[23,"高浜市","沢渡町"],"4443207":[23,"豊田市","大桑町"],"4448533":[23,"岡崎市","羽根町","字北乾地５０番地１"],"4440951":[23,"岡崎市","北野町"],"4442136":[23,"岡崎市","上里"],"4448567":[23,"岡崎市","大平町","字才勝８－１"],"4440701":[23,"幡豆郡幡豆町","東幡豆"],"4440909":[23,"岡崎市","橋目町御小屋西"],"4440053":[23,"岡崎市","板屋町"],"4442105":[23,"岡崎市","丹坂町"],"4442824":[23,"豊田市","池島町"],"4442313":[23,"豊田市","冷田町"],"4443522":[23,"岡崎市","藤川台"],"4440301":[23,"西尾市","田貫町"],"4440045":[23,"岡崎市","康生通東"],"4441162":[23,"安城市","小川町"],"4440063":[23,"岡崎市","元能見町"],"4442814":[23,"豊田市","榊野町"],"4442353":[23,"豊田市","田振町"],"4443449":[23,"岡崎市","中伊西町"],"4443335":[23,"岡崎市","茅原沢町"],"4440875":[23,"岡崎市","竜美西"],"4442192":[23,"岡崎市","恵田町","字下田５－２６"],"4442842":[23,"豊田市","余平町"],"4440398":[23,"西尾市","中畑町","水荒井８"],"4441314":[23,"高浜市","論地町"],"4440011":[23,"岡崎市","欠町"],"4442525":[23,"豊田市","大河原町"],"4443442":[23,"岡崎市","保久町"],"4440532":[23,"幡豆郡吉良町","瀬戸"],"4440405":[23,"幡豆郡一色町","惣五郎"],"4440936":[23,"岡崎市","上佐々木町"],"4443626":[23,"岡崎市","桜井寺町"],"4440846":[23,"岡崎市","六名新町"],"4440327":[23,"西尾市","寺津"],"4440079":[23,"岡崎市","石神町"],"4440061":[23,"岡崎市","能見町"],"4441385":[23,"高浜市","論地町","５丁目１－１０"],"4441223":[23,"安城市","和泉町"],"4440592":[23,"幡豆郡吉良町","大字富好新田","字中川並３９－１"],"4440948":[23,"岡崎市","西本郷町和志山"],"4440806":[23,"岡崎市","緑丘"],"4442424":[23,"豊田市","足助町"],"4440915":[23,"岡崎市","日名南町"],"4443507":[23,"岡崎市","本宿台"],"4442606":[23,"豊田市","千田町"],"4440102":[23,"額田郡幸田町","久保田"],"4440037":[23,"岡崎市","祐金町"],"4440931":[23,"岡崎市","大和町"],"4440871":[23,"岡崎市","大西"],"4442404":[23,"豊田市","怒田沢町"],"4443341":[23,"岡崎市","須渕町"],"4443165":[23,"岡崎市","岩中町"],"4440866":[23,"岡崎市","明大寺町"],"4440906":[23,"岡崎市","宇頭北町"],"4440243":[23,"岡崎市","上青野町"],"4440022":[23,"岡崎市","朝日町"],"4440832":[23,"岡崎市","羽根東町"],"4440014":[23,"岡崎市","若宮町"],"4441203":[23,"安城市","城ケ入町"],"4440069":[23,"岡崎市","井田新町"],"4443603":[23,"岡崎市","雨山町"],"4442211":[23,"豊田市","長沢町"],"4440055":[23,"岡崎市","西魚町"],"4440391":[23,"西尾市","平坂町","細出２４番地１"],"4443261":[23,"豊田市","東大林町"],"4440025":[23,"岡崎市","曙町"],"4443505":[23,"岡崎市","本宿町"],"4441321":[23,"高浜市","稗田町"],"4440412":[23,"幡豆郡一色町","生田"],"4443615":[23,"岡崎市","細光町"],"4448558":[23,"岡崎市","橋目町","字御茶屋１"],"4440312":[23,"西尾市","国森町"],"4443435":[23,"岡崎市","桜形町"],"4442505":[23,"豊田市","新盛町"],"4440194":[23,"額田郡幸田町","大字坂崎","字雀ケ入１番地"],"4440851":[23,"岡崎市","久後崎町"],"4440127":[23,"額田郡幸田町","須美"],"4440862":[23,"岡崎市","吹矢町"],"4441195":[23,"安城市","藤井町","東長先８番１"],"4443264":[23,"豊田市","栃立町"],"4440950":[23,"岡崎市","宇頭東町"],"4443601":[23,"岡崎市","石原町"],"4442839":[23,"豊田市","三分山町"],"4441301":[23,"高浜市","新田町"],"4440856":[23,"岡崎市","六名"],"4442892":[23,"豊田市","小渡町","船戸１５－１"],"4440223":[23,"岡崎市","中島東町"],"4443342":[23,"岡崎市","才栗町"],"4440593":[23,"幡豆郡吉良町","大字富田","字東屋敷４０－３"],"4443614":[23,"岡崎市","鳥川町"],"4440525":[23,"幡豆郡吉良町","富田"],"4442217":[23,"豊田市","大内町"],"4440867":[23,"岡崎市","明大寺町"],"4443692":[23,"岡崎市","牧平町","字岩田３－４２"],"4442533":[23,"豊田市","小手沢町"],"4440836":[23,"岡崎市","中田町"],"4442405":[23,"豊田市","大蔵連町"],"4448610":[23,"岡崎市","北野町","字池田２７"],"4440702":[23,"幡豆郡幡豆町","寺部"],"4440535":[23,"幡豆郡吉良町","小牧"],"4442321":[23,"豊田市","下国谷町"],"4440811":[23,"岡崎市","大西町"],"4442111":[23,"岡崎市","西阿知和町"],"4442205":[23,"豊田市","鍋田町"],"4441296":[23,"安城市","和泉町","北大木４－１４"],"4441336":[23,"高浜市","呉竹町"],"4440823":[23,"岡崎市","上地"],"4440393":[23,"西尾市","寺津町","宮越２２"],"4441302":[23,"高浜市","八幡町"],"4440872":[23,"岡崎市","竜美新町"],"4448530":[23,"岡崎市","橋目町","字御領田１"],"4440924":[23,"岡崎市","八帖北町"],"4440044":[23,"岡崎市","康生通南"],"4440828":[23,"岡崎市","針崎"],"4440123":[23,"額田郡幸田町","上六栗"],"4440031":[23,"岡崎市","梅園町"],"4440596":[23,"幡豆郡吉良町","大字荻原","字川畑２０"],"4443171":[23,"岡崎市","板田町"],"4440531":[23,"幡豆郡吉良町","岡山"],"4443151":[23,"岡崎市","箱柳町"],"4440863":[23,"岡崎市","東明大寺町"],"4441386":[23,"高浜市","芳川町","１丁目７－１０"],"4440036":[23,"岡崎市","島町"],"4443527":[23,"岡崎市","藤川荒古"],"4440822":[23,"岡崎市","若松東"],"4440947":[23,"岡崎市","西本郷町"],"4440381":[23,"西尾市","寺津町","一ノ割１－１"],"4442107":[23,"岡崎市","恵田町"],"4441215":[23,"安城市","榎前町"],"4440837":[23,"岡崎市","柱"],"4448585":[23,"岡崎市","明大寺町","字西郷中３８"],"4443172":[23,"岡崎市","田口町"],"4443168":[23,"岡崎市","安戸町"],"4442352":[23,"豊田市","篭林町"],"4440402":[23,"幡豆郡一色町","大塚"],"4442131":[23,"岡崎市","青木町"],"4440833":[23,"岡崎市","柱曙"],"4441193":[23,"安城市","藤井町","南山１７８番地"],"4440821":[23,"岡崎市","庄司田"],"4440847":[23,"岡崎市","六名東町"],"4440323":[23,"西尾市","中根町"],"4440242":[23,"岡崎市","中之郷町"],"4440062":[23,"岡崎市","松本町"],"4440021":[23,"岡崎市","蓬莱町"],"4440874":[23,"岡崎市","竜美南"],"4443212":[23,"豊田市","黒坂町"],"4441313":[23,"高浜市","向山町"],"4442816":[23,"豊田市","杉本町"],"4442843":[23,"豊田市","旭八幡町"],"4442528":[23,"豊田市","東渡合町"],"4442522":[23,"豊田市","御蔵町"],"4443604":[23,"岡崎市","大代町"],"4442117":[23,"岡崎市","百々西町"],"4440406":[23,"幡豆郡一色町","対米"],"4440937":[23,"岡崎市","島坂町"],"4448601":[23,"岡崎市","十王町","２丁目９"],"4441202":[23,"安城市","城ケ入町"],"4440245":[23,"岡崎市","在家町"],"4441335":[23,"高浜市","芳川町"],"4440916":[23,"岡崎市","日名本町"],"4442607":[23,"豊田市","平沢町"],"4448512":[23,"岡崎市","昭和町","字河原１"],"4442118":[23,"岡崎市","河原町"],"4443613":[23,"岡崎市","滝尻町"],"4442225":[23,"豊田市","岩倉町"],"4440205":[23,"岡崎市","牧御堂町"],"4440860":[23,"岡崎市","明大寺本町"],"4440004":[23,"岡崎市","保母町"],"4440068":[23,"岡崎市","井田南町"],"4440313":[23,"西尾市","上矢田町"],"4440803":[23,"岡崎市","美合町入込"],"4440907":[23,"岡崎市","小針町"],"4440515":[23,"幡豆郡吉良町","富好新田"],"4442149":[23,"岡崎市","細川町"],"4442802":[23,"豊田市","田津原町"],"4440807":[23,"岡崎市","美合西町"],"4442121":[23,"岡崎市","鴨田町"],"4440336":[23,"西尾市","西奥田町"],"4440234":[23,"岡崎市","安藤町"],"4443334":[23,"岡崎市","生平町"],"4440595":[23,"幡豆郡吉良町","大字小山田","字市場３２"],"4440857":[23,"岡崎市","六名町"],"4443444":[23,"岡崎市","南大須町"],"4442142":[23,"岡崎市","奥山田町"],"4441155":[23,"安城市","堀内町"],"4440043":[23,"岡崎市","唐沢町"],"4442204":[23,"豊田市","鵜ケ瀬町"],"4442423":[23,"豊田市","安実京町"],"4441212":[23,"安城市","根崎町"],"4440700":[23,"幡豆郡幡豆町",""],"4440001":[23,"岡崎市","箱柳町"],"4442418":[23,"豊田市","綾渡町"],"4440812":[23,"岡崎市","大西町南ケ原"],"4442826":[23,"豊田市","笹戸町"],"4442333":[23,"豊田市","平折町"],"4442832":[23,"豊田市","浅谷町"],"4440422":[23,"幡豆郡一色町","味浜"],"4443231":[23,"豊田市","花沢町"],"4443625":[23,"岡崎市","下衣文町"],"4442122":[23,"岡崎市","鴨田本町"],"4440536":[23,"幡豆郡吉良町","中野"],"4443434":[23,"岡崎市","井沢町"],"4440246":[23,"岡崎市","上三ツ木町"],"4440396":[23,"西尾市","寺津町","五十間南１番地２"],"4442604":[23,"豊田市","上八木町"],"4443222":[23,"豊田市","下山田代町"],"4442106":[23,"岡崎市","真福寺町"],"4448710":[23,"岡崎市","戸崎町","字外山３８－５"],"4442846":[23,"豊田市","小渡町"],"4442811":[23,"豊田市","太田町"],"4442355":[23,"豊田市","近岡町"],"4440511":[23,"幡豆郡吉良町","小山田"],"4441201":[23,"安城市","石井町"],"4440331":[23,"西尾市","西小梛町"],"4442813":[23,"豊田市","加塩町"],"4440057":[23,"岡崎市","材木町"],"4443616":[23,"岡崎市","片寄町"],"4443216":[23,"豊田市","蘭町"],"4440407":[23,"幡豆郡一色町","前野"],"4440322":[23,"西尾市","巨海町"],"4443163":[23,"岡崎市","小丸町"],"4443201":[23,"豊田市","梨野町"],"4448611":[23,"岡崎市","竜美南","１丁目２"],"4441205":[23,"安城市","城ケ入町"],"4440873":[23,"岡崎市","竜美台"],"4442523":[23,"豊田市","実栗町"],"4448507":[23,"岡崎市","康生通南","２丁目５０岡崎東京海上日動ビル"],"4440035":[23,"岡崎市","菅生町"],"4440858":[23,"岡崎市","上六名"],"4440534":[23,"幡豆郡吉良町","木田"],"4443624":[23,"岡崎市","牧平町"],"4440009":[23,"岡崎市","小呂町"],"4440844":[23,"岡崎市","天白町"],"4441165":[23,"安城市","野寺町"],"4440012":[23,"岡崎市","栄町"],"4443344":[23,"岡崎市","岩戸町"],"4440241":[23,"岡崎市","赤渋町"],"4448612":[23,"岡崎市","久後崎町","字宮前１７"],"4440071":[23,"岡崎市","稲熊町"],"4440504":[23,"幡豆郡吉良町","友国"],"4442838":[23,"豊田市","下中町"],"4441332":[23,"高浜市","湯山町"],"4440841":[23,"岡崎市","戸崎町藤狭"],"4440905":[23,"岡崎市","宇頭町"],"4440941":[23,"岡崎市","暮戸町"],"4448586":[23,"岡崎市","井田町","字３丁目６９"],"4442415":[23,"豊田市","山谷町"],"4442416":[23,"豊田市","有洞町"],"4440854":[23,"岡崎市","六名本町"],"4440876":[23,"岡崎市","竜美北"],"4443512":[23,"岡崎市","鉢地町"],"4443436":[23,"岡崎市","小久田町"],"4440523":[23,"幡豆郡吉良町","饗庭"],"4440403":[23,"幡豆郡一色町","松木島"],"4448686":[23,"岡崎市","大平町石亀","９６－１"],"4442336":[23,"豊田市","下佐切町"],"4448511":[23,"岡崎市","日名北町","４－１"],"4442326":[23,"豊田市","国谷町"],"4448520":[23,"岡崎市","舳越町","字上川成２８"],"4443695":[23,"岡崎市","牧平町","字岩田３－３２"],"4442143":[23,"岡崎市","八ツ木町"],"4440429":[23,"幡豆郡一色町","養ケ島"],"4440221":[23,"岡崎市","正名町"],"4442311":[23,"豊田市","沢ノ堂町"],"4442803":[23,"豊田市","坪崎町"],"4443166":[23,"岡崎市","大井野町"],"4440816":[23,"岡崎市","羽根町大池"],"4442833":[23,"豊田市","下切町"],"4442502":[23,"豊田市","北小田町"],"4440831":[23,"岡崎市","羽根北町"],"4442222":[23,"豊田市","穂積町"],"4440834":[23,"岡崎市","柱町"],"4440912":[23,"岡崎市","井田西町"],"4443617":[23,"岡崎市","淡渕町"],"4440304":[23,"西尾市","中畑"],"4440125":[23,"額田郡幸田町","逆川"],"4443525":[23,"岡崎市","蓑川町"],"4440537":[23,"幡豆郡吉良町","酒井"],"4448517":[23,"岡崎市","康生通南","３丁目５"],"4440201":[23,"岡崎市","上和田町"],"4440942":[23,"岡崎市","中園町"],"4440922":[23,"岡崎市","八帖南町"],"4443251":[23,"豊田市","平瀬町"],"4440058":[23,"岡崎市","魚町"],"4440067":[23,"岡崎市","錦町"],"4440332":[23,"西尾市","小栗町"],"4440233":[23,"岡崎市","福桶町"],"4441331":[23,"高浜市","屋敷町"],"4442845":[23,"豊田市","万町町"],"4442203":[23,"豊田市","豊松町"],"4440835":[23,"岡崎市","城南町"],"4440526":[23,"幡豆郡吉良町","八幡川田"],"4442807":[23,"豊田市","伊熊町"],"4441300":[23,"高浜市",""],"4442605":[23,"豊田市","玉野町"],"4442314":[23,"豊田市","上小田町"],"4440002":[23,"岡崎市","高隆寺町"],"4440226":[23,"岡崎市","中島町"],"4442847":[23,"豊田市","時瀬町"],"4440041":[23,"岡崎市","籠田町"],"4443623":[23,"岡崎市","鹿勝川町"],"4440232":[23,"岡崎市","合歓木町"],"4440023":[23,"岡崎市","両町"],"4441204":[23,"安城市","城ケ入町"],"4442135":[23,"岡崎市","大門"],"4442827":[23,"豊田市","有間町"],"4441163":[23,"安城市","木戸町"],"4441298":[23,"安城市","和泉町","井ノ上３－１"],"4440321":[23,"西尾市","刈宿町"],"4440052":[23,"岡崎市","康生町"],"4443446":[23,"岡崎市","中伊町"],"4440104":[23,"額田郡幸田町","坂崎"],"4440949":[23,"岡崎市","宇頭南町"],"4448542":[23,"岡崎市","康生通南","３丁目３１番地第２マルワビル２階"],"4443203":[23,"豊田市","宇連野町"],"4440247":[23,"岡崎市","下三ツ木町"],"4440517":[23,"幡豆郡吉良町","大島"],"4442354":[23,"豊田市","井ノ口町"],"4440533":[23,"幡豆郡吉良町","寺嶋"],"4440115":[23,"額田郡幸田町","荻"],"4440034":[23,"岡崎市","十王町"],"4442123":[23,"岡崎市","鴨田南町"],"4441166":[23,"安城市","寺領町"],"4440008":[23,"岡崎市","洞町"],"4443511":[23,"岡崎市","舞木町"],"4443592":[23,"岡崎市","鉢地町","字開山４５"],"4442417":[23,"豊田市","室口町"],"4440855":[23,"岡崎市","真宮町"],"4440859":[23,"岡崎市","上六名町"],"4440512":[23,"幡豆郡吉良町","乙川"],"4441388":[23,"高浜市","芳川町","１丁目７－１０"],"4440072":[23,"岡崎市","六供町"],"4441305":[23,"高浜市","神明町"],"4448560":[23,"岡崎市","美合町","字小豆坂３０"],"4440397":[23,"西尾市","中畑町","安左東１８"],"4442327":[23,"豊田市","白倉町"],"4440066":[23,"岡崎市","広幡町"],"4440206":[23,"岡崎市","法性寺町"],"4442218":[23,"豊田市","林添町"],"4440101":[23,"額田郡幸田町","長嶺"],"4442504":[23,"豊田市","永野町"],"4443202":[23,"豊田市","阿蔵町"],"4440845":[23,"岡崎市","六名南"],"4440202":[23,"岡崎市","宮地町"],"4442212":[23,"豊田市","滝脇町"],"4440333":[23,"西尾市","奥田町"],"4443506":[23,"岡崎市","本宿西"],"4443343":[23,"岡崎市","秦梨町"],"4448607":[23,"岡崎市","朝日町","３丁目９"],"4441303":[23,"高浜市","小池町"],"4440861":[23,"岡崎市","上明大寺町"],"4440934":[23,"岡崎市","東牧内町"],"4443508":[23,"岡崎市","本宿茜"],"4441214":[23,"安城市","榎前町"],"4440103":[23,"額田郡幸田町","大草"],"4440914":[23,"岡崎市","末広町"],"4440404":[23,"幡豆郡一色町","野田"],"4442144":[23,"岡崎市","岩津町"],"4440111":[23,"額田郡幸田町","高力"],"4440503":[23,"幡豆郡吉良町","津平"],"4442515":[23,"豊田市","大塚町"],"4443526":[23,"岡崎市","蓑川新町"],"4440913":[23,"岡崎市","葵町"],"4442109":[23,"岡崎市","宮石町"],"4442532":[23,"豊田市","西樫尾町"],"4443447":[23,"岡崎市","一色町"],"4440401":[23,"幡豆郡一色町","池田"],"4442337":[23,"豊田市","上佐切町"],"4440492":[23,"幡豆郡一色町","大字一色","字伊那跨６１"],"4441325":[23,"高浜市","青木町"],"4448510":[23,"岡崎市","美合町","字入込４５"],"4443514":[23,"岡崎市","羽栗町"],"4440421":[23,"幡豆郡一色町","開正"],"4440122":[23,"額田郡幸田町","六栗"]}
