{"4200027":[22,"静岡市葵区","大工町"],"4200024":[22,"静岡市葵区","中町"],"4208570":[22,"静岡市葵区","神明町","９６－１"],"4208610":[22,"静岡市葵区","追手町","９－６"],"4200043":[22,"静岡市葵区","川辺町"],"4208580":[22,"静岡市葵区","沓谷","５丁目１０－５"],"4200921":[22,"静岡市葵区","野丈"],"4200823":[22,"静岡市葵区","春日"],"4200839":[22,"静岡市葵区","鷹匠"],"4200007":[22,"静岡市葵区","柳町"],"4200001":[22,"静岡市葵区","井宮町"],"4200902":[22,"静岡市葵区","諏訪"],"4200954":[22,"静岡市葵区","平柳"],"4200054":[22,"静岡市葵区","南安倍"],"4200868":[22,"静岡市葵区","宮ケ崎町"],"4200021":[22,"静岡市葵区","茶町"],"4200904":[22,"静岡市葵区","平山"],"4208650":[22,"静岡市葵区","追手町","９－５０"],"4200813":[22,"静岡市葵区","長沼"],"4200074":[22,"静岡市葵区","四番町"],"4200925":[22,"静岡市葵区","加藤島"],"4200011":[22,"静岡市葵区","安西"],"4200834":[22,"静岡市葵区","音羽町"],"4208557":[22,"静岡市葵区","宮前町","２４"],"4208603":[22,"静岡市葵区","東草深町","３番２７号"],"4200009":[22,"静岡市葵区","神明町"],"4208637":[22,"静岡市葵区","北安東","４丁目２７－２"],"4200004":[22,"静岡市葵区","末広町"],"4200882":[22,"静岡市葵区","安東"],"4208722":[22,"静岡市葵区","追手町","１－１"],"4200863":[22,"静岡市葵区","安東柳町"],"4200866":[22,"静岡市葵区","西草深町"],"4208660":[22,"静岡市葵区","漆山","８６０"],"4200945":[22,"静岡市葵区","桜町"],"4200832":[22,"静岡市葵区","横内町"],"4208703":[22,"静岡市葵区","黒金町","５－１"],"4208709":[22,"静岡市葵区","御幸町","１１－６"],"4208706":[22,"静岡市葵区","両替町","２丁目６番５号"],"4200873":[22,"静岡市葵区","籠上"],"4200061":[22,"静岡市葵区","新富町"],"4208512":[22,"静岡市葵区","日出町","２－１田中産商第一生命共同ビルディング"],"4200875":[22,"静岡市葵区","美川町"],"4208685":[22,"静岡市葵区","城東町","５－１"],"4200948":[22,"静岡市葵区","秋山町"],"4200008":[22,"静岡市葵区","水道町"],"4200804":[22,"静岡市葵区","竜南"],"4200956":[22,"静岡市葵区","南"],"4200885":[22,"静岡市葵区","大岩町"],"4200801":[22,"静岡市葵区","東千代田"],"4200013":[22,"静岡市葵区","八千代町"],"4200851":[22,"静岡市葵区","黒金町"],"4200041":[22,"静岡市葵区","双葉町"],"4208555":[22,"静岡市葵区","紺屋町","６－７"],"4200044":[22,"静岡市葵区","西門町"],"4200022":[22,"静岡市葵区","車町"],"4200957":[22,"静岡市葵区","前林"],"4208522":[22,"静岡市葵区","瀬名川","２丁目３９番３７号"],"4200077":[22,"静岡市葵区","七番町"],"4208616":[22,"静岡市葵区","追手町","１－６"],"4200039":[22,"静岡市葵区","上石町"],"4200066":[22,"静岡市葵区","本通西町"],"4200003":[22,"静岡市葵区","片羽町"],"4200963":[22,"静岡市葵区","赤松"],"4200031":[22,"静岡市葵区","呉服町"],"4208511":[22,"静岡市葵区","宮前町","１０１"],"4200825":[22,"静岡市葵区","瓦場町"],"4200901":[22,"静岡市葵区","北沼上"],"4200946":[22,"静岡市葵区","伊呂波町"],"4200045":[22,"静岡市葵区","天王町"],"4200076":[22,"静岡市葵区","六番町"],"4200036":[22,"静岡市葵区","駿河町"],"4200861":[22,"静岡市葵区","丸山町"],"4200016":[22,"静岡市葵区","住吉町"],"4208761":[22,"静岡市葵区","呉服町","１丁目１０"],"4200905":[22,"静岡市葵区","南沼上"],"4200916":[22,"静岡市葵区","瀬名中央"],"4200867":[22,"静岡市葵区","馬場町"],"4208538":[22,"静岡市葵区","相生町","１２番１８号"],"4200836":[22,"静岡市葵区","東町"],"4200064":[22,"静岡市葵区","本通"],"4208567":[22,"静岡市葵区","東町","１５"],"4208623":[22,"静岡市葵区","北番町","２３"],"4208688":[22,"静岡市葵区","漆山","８８６"],"4200865":[22,"静岡市葵区","東草深町"],"4200067":[22,"静岡市葵区","幸町"],"4200964":[22,"静岡市葵区","柳原"],"4208630":[22,"静岡市葵区","追手町","１０－９３"],"4200952":[22,"静岡市葵区","牛田"],"4200038":[22,"静岡市葵区","梅屋町"],"4208611":[22,"静岡市葵区","追手町","９－４５"],"4200856":[22,"静岡市葵区","駿府町"],"4200933":[22,"静岡市葵区","立石"],"4200052":[22,"静岡市葵区","川越町"],"4200811":[22,"静岡市葵区","上土新田"],"4208560":[22,"静岡市葵区","御幸町","１０－２"],"4208677":[22,"静岡市葵区","研屋町","５１"],"4200923":[22,"静岡市葵区","川合"],"4200871":[22,"静岡市葵区","昭府"],"4200903":[22,"静岡市葵区","長尾"],"4200812":[22,"静岡市葵区","古庄"],"4200859":[22,"静岡市葵区","栄町"],"4200062":[22,"静岡市葵区","上新富町"],"4200815":[22,"静岡市葵区","上沓谷町"],"4200025":[22,"静岡市葵区","金座町"],"4200966":[22,"静岡市葵区","羽高"],"4200935":[22,"静岡市葵区","池ケ谷東"],"4200912":[22,"静岡市葵区","東瀬名町"],"4200833":[22,"静岡市葵区","東鷹匠町"],"4208520":[22,"静岡市葵区","日出町","１０－１５"],"4200883":[22,"静岡市葵区","大岩宮下町"],"4200943":[22,"静岡市葵区","上伝馬"],"4208588":[22,"静岡市葵区","水落町","１－３０"],"4200941":[22,"静岡市葵区","松富"],"4200914":[22,"静岡市葵区","西瀬名町"],"4200869":[22,"静岡市葵区","安倍町"],"4200937":[22,"静岡市葵区","唐瀬"],"4200822":[22,"静岡市葵区","宮前町"],"4208606":[22,"静岡市葵区","追手町","１０－８８"],"4200005":[22,"静岡市葵区","北番町"],"4208505":[22,"静岡市葵区","伝馬町","２４－４"],"4200073":[22,"静岡市葵区","三番町"],"4200961":[22,"静岡市葵区","北"],"4200803":[22,"静岡市葵区","千代田"],"4208733":[22,"静岡市葵区","本通","２丁目４番地１"],"4200906":[22,"静岡市葵区","薬師"],"4200824":[22,"静岡市葵区","春日町"],"4200922":[22,"静岡市葵区","流通センター"],"4200947":[22,"静岡市葵区","堤町"],"4200911":[22,"静岡市葵区","瀬名"],"4200944":[22,"静岡市葵区","新伝馬"],"4200936":[22,"静岡市葵区","池ケ谷"],"4200051":[22,"静岡市葵区","南田町"],"4200845":[22,"静岡市葵区","太田町"],"4208680":[22,"静岡市葵区","追手町","９－２２"],"4208624":[22,"静岡市葵区","茶町","２丁目１"],"4208712":[22,"静岡市葵区","柚木","５７０"],"4200026":[22,"静岡市葵区","大鋸町"],"4200831":[22,"静岡市葵区","水落町"],"4208670":[22,"静岡市葵区","駿府町","１－７０"],"4200072":[22,"静岡市葵区","二番町"],"4200841":[22,"静岡市葵区","上足洗"],"4200053":[22,"静岡市葵区","弥勒"],"4200006":[22,"静岡市葵区","若松町"],"4200838":[22,"静岡市葵区","相生町"],"4208581":[22,"静岡市葵区","長沼","６１１番地"],"4200862":[22,"静岡市葵区","浅間町"],"4200884":[22,"静岡市葵区","大岩本町"],"4200068":[22,"静岡市葵区","田町"],"4200065":[22,"静岡市葵区","新通"],"4200042":[22,"静岡市葵区","駒形通"],"4200949":[22,"静岡市葵区","与一"],"4208507":[22,"静岡市葵区","宮前町","５２－１"],"4208515":[22,"静岡市葵区","御幸町","５－９"],"4200864":[22,"静岡市葵区","長谷町"],"4200931":[22,"静岡市葵区","観山"],"4200029":[22,"静岡市葵区","研屋町"],"4208525":[22,"静岡市葵区","柚木","１９１"],"4200854":[22,"静岡市葵区","城内町"],"4200953":[22,"静岡市葵区","漆山"],"4208666":[22,"静岡市葵区","追手町","９－１８"],"4200872":[22,"静岡市葵区","昭府町"],"4200962":[22,"静岡市葵区","東"],"4200017":[22,"静岡市葵区","葵町"],"4208641":[22,"静岡市葵区","呉服町","１丁目２"],"4208509":[22,"静岡市葵区","追手町","２－１２"],"4200035":[22,"静岡市葵区","七間町"],"4200014":[22,"静岡市葵区","上桶屋町"],"4208739":[22,"静岡市葵区","追手町","６－３"],"4208521":[22,"静岡市葵区","常磐町","２丁目１３－１"],"4208501":[22,"静岡市葵区","紺屋町","３－１０"],"4208760":[22,"静岡市葵区","呉服町","１丁目１０"],"4208536":[22,"静岡市葵区","南沼上","９７４－１５"],"4200816":[22,"静岡市葵区","沓谷"],"4200034":[22,"静岡市葵区","常磐町"],"4200023":[22,"静岡市葵区","富士見町"],"4200852":[22,"静岡市葵区","紺屋町"],"4208503":[22,"静岡市葵区","御幸町","５番９号"],"4208710":[22,"静岡市葵区","追手町","５－４"],"4200835":[22,"静岡市葵区","横田町"],"4200874":[22,"静岡市葵区","辰起町"],"4200805":[22,"静岡市葵区","城北"],"4200843":[22,"静岡市葵区","巴町"],"4208622":[22,"静岡市葵区","追手町","９－５０"],"4208702":[22,"静岡市葵区","追手町","３－１１"],"4200063":[22,"静岡市葵区","通車町"],"4208530":[22,"静岡市葵区","常磐町","１丁目７－５"],"4200934":[22,"静岡市葵区","岳美"],"4208523":[22,"静岡市葵区","流通センター","１２－３"],"4200033":[22,"静岡市葵区","昭和町"],"4208558":[22,"静岡市葵区","春日","２丁目４－３４"],"4200018":[22,"静岡市葵区","土太夫町"],"4200857":[22,"静岡市葵区","御幸町"],"4208655":[22,"静岡市葵区","若松町","４１－１"],"4200932":[22,"静岡市葵区","豊地"],"4208585":[22,"静岡市葵区","呉服町","１丁目３－１２"],"4200046":[22,"静岡市葵区","吉野町"],"4208612":[22,"静岡市葵区","追手町","２－１２"],"4200037":[22,"静岡市葵区","人宿町"],"4200078":[22,"静岡市葵区","八番町"],"4200951":[22,"静岡市葵区","天神前"],"4200858":[22,"静岡市葵区","伝馬町"],"4200915":[22,"静岡市葵区","南瀬名町"],"4200853":[22,"静岡市葵区","追手町"],"4208601":[22,"静岡市葵区","追手町","９－６"],"4208740":[22,"静岡市葵区","追手町","８－１"],"4200955":[22,"静岡市葵区","芝原"],"4200048":[22,"静岡市葵区","桜木町"],"4208721":[22,"静岡市葵区","西草深町","１－２１"],"4200012":[22,"静岡市葵区","柚木町"],"4208704":[22,"静岡市葵区","御幸町","９－５"],"4200886":[22,"静岡市葵区","大岩"],"4200846":[22,"静岡市葵区","城東町"],"4200810":[22,"静岡市葵区","上土"],"4200847":[22,"静岡市葵区","西千代田町"],"4200032":[22,"静岡市葵区","両替町"],"4200965":[22,"静岡市葵区","有永"],"4200002":[22,"静岡市葵区","材木町"],"4208720":[22,"静岡市葵区","金座町","２６の１"],"4208681":[22,"静岡市葵区","長沼","５００－１２"],"4200047":[22,"静岡市葵区","清閑町"],"4208528":[22,"静岡市葵区","伝馬町","８－６"],"4208604":[22,"静岡市葵区","城内町","１－２０"],"4208510":[22,"静岡市葵区","鷹匠","１丁目１－１"],"4208636":[22,"静岡市葵区","追手町","９－５０"],"4200844":[22,"静岡市葵区","緑町"],"4208747":[22,"静岡市葵区","紺屋町","６－１１"],"4208602":[22,"静岡市葵区","追手町","５－１"],"4208618":[22,"静岡市葵区","東草深町","７－１８"],"4200015":[22,"静岡市葵区","錦町"],"4200837":[22,"静岡市葵区","日出町"],"4208502":[22,"静岡市葵区","城北","２丁目２９－５"],"4208537":[22,"静岡市葵区","宮前町","１１０－１１"],"4200075":[22,"静岡市葵区","五番町"],"4200842":[22,"静岡市葵区","銭座町"],"4200942":[22,"静岡市葵区","松富上組"],"4208639":[22,"静岡市葵区","追手町","９－５０"],"4200855":[22,"静岡市葵区","駿府公園"],"4208644":[22,"静岡市葵区","追手町","９－１８"],"4200881":[22,"静岡市葵区","北安東"],"4208738":[22,"静岡市葵区","梅屋町","３－１２"],"4200876":[22,"静岡市葵区","平和"],"4208633":[22,"静岡市葵区","追手町","１０－８０"],"4200028":[22,"静岡市葵区","屋形町"],"4200071":[22,"静岡市葵区","一番町"],"4200821":[22,"静岡市葵区","柚木"],"4208508":[22,"静岡市葵区","鷹匠","１丁目１－１"],"4200913":[22,"静岡市葵区","瀬名川"],"4208686":[22,"静岡市葵区","一番町","３－３"],"4208620":[22,"静岡市葵区","追手町","６－１"],"4200924":[22,"静岡市葵区","川合新田"]}
