{"1940202":[13,"町田市","下小山田町"],"1940013":[13,"町田市","原町田"],"1940023":[13,"町田市","旭町"],"1948588":[13,"町田市","忠生","３丁目２２－１８"],"1940034":[13,"町田市","根岸町"],"1948566":[13,"町田市","成瀬","１３４８"],"1940021":[13,"町田市","中町"],"1948540":[13,"町田市","中町","１丁目３１－１２"],"1948586":[13,"町田市","原町田","４丁目１－１４"],"1940022":[13,"町田市","森野"],"1948527":[13,"町田市","原町田","５丁目５－１１住友生命ビル２階"],"1940201":[13,"町田市","上小山田町"],"1940037":[13,"町田市","木曽西"],"1940292":[13,"町田市","相原町","２６００"],"1940215":[13,"町田市","小山ケ丘"],"1940298":[13,"町田市","相原町","４３４２"],"1940294":[13,"町田市","常盤町","３７５８"],"1948510":[13,"町田市","鶴間","６５８－１"],"1948612":[13,"町田市","玉川学園","６丁目１－１"],"1948577":[13,"町田市","鶴間","２４６"],"1948507":[13,"町田市","森野","１丁目１３－１４"],"1940297":[13,"町田市","下小山田町","１４９１"],"1948505":[13,"町田市","原町田","４丁目１－１７"],"1940204":[13,"町田市","小山田桜台"],"1948611":[13,"町田市","玉川学園","６丁目１－１"],"1940001":[13,"町田市","つくし野"],"1940002":[13,"町田市","南つくし野"],"1948550":[13,"町田市","原町田","６丁目１２－２０"],"1948503":[13,"町田市","鶴間","１７－１７１６"],"1948530":[13,"町田市","森野","３丁目１５番２２"],"1948515":[13,"町田市","原町田","６丁目１５－２"],"1940044":[13,"町田市","成瀬"],"1948551":[13,"町田市","原町田","３丁目２－２第２タストンビル４Ｆ"],"1940036":[13,"町田市","木曽東"],"1940035":[13,"町田市","忠生"],"1948502":[13,"町田市","中町","１丁目２－４"],"1940043":[13,"町田市","成瀬台"],"1948558":[13,"町田市","原町田","６丁目１１－１９"],"1940203":[13,"町田市","図師町"],"1940004":[13,"町田市","鶴間"],"1940011":[13,"町田市","成瀬が丘"],"1948538":[13,"町田市","原町田","６丁目１３－２１"],"1948610":[13,"町田市","玉川学園","６丁目１－１"],"1940212":[13,"町田市","小山町"],"1948508":[13,"町田市","忠生","１丁目４－１"],"1940031":[13,"町田市","南大谷"],"1940032":[13,"町田市","本町田"],"1940033":[13,"町田市","木曽町"],"1948585":[13,"町田市","金森","１１６１"],"1940012":[13,"町田市","金森"],"1940038":[13,"町田市","根岸"],"1948511":[13,"町田市","南大谷","１１号"],"1940045":[13,"町田市","南成瀬"],"1940213":[13,"町田市","常盤町"],"1940003":[13,"町田市","小川"],"1948560":[13,"町田市","旭町","３丁目５－１"],"1940295":[13,"町田市","小山ケ丘","３丁目９－６"],"1940211":[13,"町田市","相原町"],"1940014":[13,"町田市","高ケ坂"],"1940041":[13,"町田市","玉川学園"],"1948567":[13,"町田市","中町","３丁目３－６"],"1940042":[13,"町田市","東玉川学園"],"1948520":[13,"町田市","中町","１丁目２０－２３"],"1948580":[13,"町田市","中町","１丁目２０－２３"],"1948555":[13,"町田市","鶴間","１６７０"],"1940214":[13,"町田市","矢部町"],"1948533":[13,"町田市","旭町","３丁目６－６"],"1940293":[13,"町田市","相原町","４７７１"],"1948666":[13,"町田市","成瀬","２２０６"],"1940000":[13,"町田市",""],"1948543":[13,"町田市","東玉川学園","３丁目３１６５番地"]}
