{"4110834":[22,"三島市","新谷"],"4110856":[22,"三島市","広小路町"],"4110013":[22,"三島市","三ツ谷新田"],"4110023":[22,"三島市","加茂"],"4110804":[22,"三島市","多呂"],"4110832":[22,"三島市","南二日町"],"4110911":[22,"駿東郡清水町","久米田"],"4110025":[22,"三島市","壱町田"],"4110905":[22,"駿東郡清水町","長沢"],"4118750":[22,"駿東郡長泉町","本宿","５０１"],"4110817":[22,"三島市","八反畑"],"4110935":[22,"駿東郡長泉町","上長窪"],"4118560":[22,"三島市","三好町","３－２７"],"4110942":[22,"駿東郡長泉町","中土狩"],"4110945":[22,"駿東郡長泉町","本宿"],"4110936":[22,"駿東郡長泉町","元長窪"],"4110044":[22,"三島市","徳倉"],"4110844":[22,"三島市","清住町"],"4110931":[22,"駿東郡長泉町","東野"],"4110020":[22,"三島市","旭ケ丘"],"4118650":[22,"駿東郡清水町","堂庭","２１０－１"],"4118648":[22,"三島市","安久","４３－２"],"4110907":[22,"駿東郡清水町","伏見"],"4110806":[22,"三島市","柳郷地"],"4118668":[22,"駿東郡長泉町","中土狩","８２８"],"4110917":[22,"駿東郡清水町","徳倉"],"4118510":[22,"三島市","松本","１３１"],"4110807":[22,"三島市","竹倉"],"4110824":[22,"三島市","長伏"],"4110853":[22,"三島市","大社町"],"4118730":[22,"駿東郡長泉町","下土狩","８４０"],"4110027":[22,"三島市","千枚原"],"4110803":[22,"三島市","大場"],"4118520":[22,"三島市","南町","６－７８"],"4110042":[22,"三島市","平成台"],"4110912":[22,"駿東郡清水町","卸団地"],"4110000":[22,"三島市",""],"4110902":[22,"駿東郡清水町","玉川"],"4110811":[22,"三島市","青木"],"4110047":[22,"三島市","佐野"],"4118577":[22,"三島市","八反畑","１１７－１"],"4110835":[22,"三島市","玉川"],"4118511":[22,"三島市","松本","６６"],"4110035":[22,"三島市","大宮町"],"4110802":[22,"三島市","東大場"],"4110837":[22,"三島市","南田町"],"4110847":[22,"三島市","西本町"],"4118777":[22,"駿東郡長泉町","下長窪","１００７"],"4110815":[22,"三島市","安久"],"4110932":[22,"駿東郡長泉町","南一色"],"4110028":[22,"三島市","富士ビレッジ"],"4110852":[22,"三島市","東町"],"4118610":[22,"駿東郡清水町","長沢","１３１－２"],"4110823":[22,"三島市","御園"],"4110038":[22,"三島市","西若町"],"4110012":[22,"三島市","笹原新田"],"4110918":[22,"駿東郡清水町","湯川"],"4110043":[22,"三島市","沢地"],"4118660":[22,"三島市","寿町","９－４４"],"4110016":[22,"三島市","塚原新田"],"4110018":[22,"三島市","初音台"],"4110906":[22,"駿東郡清水町","八幡"],"4118525":[22,"三島市","松本","１８１"],"4110033":[22,"三島市","文教町"],"4110904":[22,"駿東郡清水町","柿田"],"4110846":[22,"三島市","栄町"],"4118641":[22,"駿東郡清水町","久米田","１４０－１９"],"4110014":[22,"三島市","玉沢"],"4110822":[22,"三島市","松本"],"4110036":[22,"三島市","一番町"],"4118541":[22,"三島市","谷田","字雪沢１７３－２"],"4110021":[22,"三島市","富士見台"],"4110031":[22,"三島市","幸原町"],"4110805":[22,"三島市","北沢"],"4110934":[22,"駿東郡長泉町","下長窪"],"4110843":[22,"三島市","三好町"],"4110011":[22,"三島市","山中新田"],"4110022":[22,"三島市","川原ケ谷"],"4110901":[22,"駿東郡清水町","新宿"],"4110914":[22,"駿東郡清水町","畑中"],"4110855":[22,"三島市","本町"],"4118725":[22,"駿東郡長泉町","上土狩","字奥原７１６"],"4118644":[22,"三島市","一番町","２－２９"],"4118740":[22,"駿東郡長泉町","竹原","３８３－９"],"4110841":[22,"三島市","南本町"],"4110813":[22,"三島市","鶴喰"],"4110032":[22,"三島市","末広町"],"4110024":[22,"三島市","若松町"],"4118620":[22,"駿東郡清水町","卸団地","２８１"],"4110851":[22,"三島市","日の出町"],"4118720":[22,"駿東郡長泉町","上土狩","２３４"],"4118651":[22,"駿東郡長泉町","下土狩","９６－３"],"4118623":[22,"駿東郡清水町","卸団地","６７"],"4110831":[22,"三島市","東本町"],"4110854":[22,"三島市","北田町"],"4110041":[22,"三島市","佐野見晴台"],"4110821":[22,"三島市","平田"],"4118540":[22,"三島市","谷田","１１１１"],"4110916":[22,"駿東郡清水町","中徳倉"],"4118630":[22,"駿東郡清水町","伏見","字向田３５１"],"4118533":[22,"三島市","大場","３００"],"4110046":[22,"三島市","芙蓉台"],"4110034":[22,"三島市","加茂川町"],"4118722":[22,"駿東郡長泉町","上土狩","６９５"],"4110857":[22,"三島市","芝本町"],"4110808":[22,"三島市","錦が丘"],"4110019":[22,"三島市","松が丘"],"4110836":[22,"三島市","富田町"],"4110045":[22,"三島市","萩"],"4110913":[22,"駿東郡清水町","戸田"],"4118652":[22,"三島市","","４８４５"],"4118689":[22,"駿東郡長泉町","","スルガ平５００"],"4110951":[22,"駿東郡長泉町","桜堤"],"4110801":[22,"三島市","谷田"],"4118555":[22,"三島市","文教町","２丁目３１－１４５"],"4110858":[22,"三島市","中央町"],"4110933":[22,"駿東郡長泉町","納米里"],"4110845":[22,"三島市","加屋町"],"4110037":[22,"三島市","泉町"],"4110015":[22,"三島市","市ノ山新田"],"4118502":[22,"三島市","文教町","１丁目３－９３"],"4110838":[22,"三島市","中田町"],"4110017":[22,"三島市","三恵台"],"4118666":[22,"三島市","北田町","４－４７"],"4110848":[22,"三島市","緑町"],"4118551":[22,"三島市","文教町","１丁目４－３３"],"4110029":[22,"三島市","光ケ丘"],"4110026":[22,"三島市","東壱町田"],"4110833":[22,"三島市","中"],"4110001":[22,"田方郡函南町","桑原"],"4110915":[22,"駿東郡清水町","的場"],"4118611":[22,"駿東郡清水町","長沢","７６２－１"],"4110944":[22,"駿東郡長泉町","竹原"],"4110943":[22,"駿東郡長泉町","下土狩"],"4110941":[22,"駿東郡長泉町","上土狩"],"4110842":[22,"三島市","南町"],"4110039":[22,"三島市","寿町"],"4110814":[22,"三島市","中島"],"4118731":[22,"駿東郡長泉町","下土狩","１１８８"],"4110816":[22,"三島市","梅名"],"4110812":[22,"三島市","藤代町"],"4110903":[22,"駿東郡清水町","堂庭"]}
