{"2208541":[14,"横浜市西区","花咲町","７丁目１５８－２ＳＩＣ横浜ビル"],"2208107":[14,"横浜市西区","みなとみらいランドマークタワー"],"2206206":[14,"横浜市西区","みなとみらいクイーンズタワーＣ"],"2200024":[14,"横浜市西区","西平沼町"],"2208511":[14,"横浜市西区","北幸","２丁目１１－６"],"2200046":[14,"横浜市西区","西戸部町"],"2208122":[14,"横浜市西区","みなとみらいランドマークタワー"],"2200112":[14,"相模原市","城山町若葉台"],"2208146":[14,"横浜市西区","みなとみらいランドマークタワー"],"2208161":[14,"横浜市西区","みなとみらいランドマークタワー"],"2208134":[14,"横浜市西区","みなとみらいランドマークタワー"],"2200103":[14,"相模原市","城山町原宿南"],"2206104":[14,"横浜市西区","みなとみらいクイーンズタワーＢ"],"2206208":[14,"横浜市西区","みなとみらいクイーンズタワーＣ"],"2208133":[14,"横浜市西区","みなとみらいランドマークタワー"],"2206101":[14,"横浜市西区","みなとみらいクイーンズタワーＢ"],"2206213":[14,"横浜市西区","みなとみらいクイーンズタワーＣ"],"2208580":[14,"横浜市西区","桜木町","７丁目４０－３"],"2200012":[14,"横浜市西区","みなとみらい"],"2206005":[14,"横浜市西区","みなとみらいクイーンズタワーＡ"],"2206219":[14,"横浜市西区","みなとみらいクイーンズタワーＣ"],"2206217":[14,"横浜市西区","みなとみらいクイーンズタワーＣ"],"2206112":[14,"横浜市西区","みなとみらいクイーンズタワーＢ"],"2208152":[14,"横浜市西区","みなとみらいランドマークタワー"],"2208523":[14,"横浜市西区","花咲町","６丁目１３９番地"],"2206212":[14,"横浜市西区","みなとみらいクイーンズタワーＣ"],"2200003":[14,"横浜市西区","楠町"],"2206117":[14,"横浜市西区","みなとみらいクイーンズタワーＢ"],"2200054":[14,"横浜市西区","境之谷"],"2208118":[14,"横浜市西区","みなとみらいランドマークタワー"],"2200292":[14,"相模原市","津久井町中野","６３３"],"2206123":[14,"横浜市西区","みなとみらいクイーンズタワーＢ"],"2206122":[14,"横浜市西区","みなとみらいクイーンズタワーＢ"],"2208613":[14,"横浜市西区","みなとみらい","３丁目１－１"],"2208604":[13,"中央区","日本橋","１丁目９－１"],"2206203":[14,"横浜市西区","みなとみらいクイーンズタワーＣ"],"2206116":[14,"横浜市西区","みなとみらいクイーンズタワーＢ"],"2208566":[14,"横浜市西区","藤棚町","２丁目１９７"],"2200206":[14,"相模原市","津久井町青山"],"2200116":[14,"相模原市","城山町城山"],"2208104":[14,"横浜市西区","みなとみらいランドマークタワー"],"2206027":[14,"横浜市西区","みなとみらいクイーンズタワーＡ"],"2200051":[14,"横浜市西区","中央"],"2208522":[14,"横浜市西区","みなとみらい","１丁目１－１"],"2208159":[14,"横浜市西区","みなとみらいランドマークタワー"],"2208141":[14,"横浜市西区","みなとみらいランドマークタワー"],"2206126":[14,"横浜市西区","みなとみらいクイーンズタワーＢ"],"2200207":[14,"相模原市","津久井町中野"],"2208115":[14,"横浜市西区","みなとみらいランドマークタワー"],"2206121":[14,"横浜市西区","みなとみらいクイーンズタワーＢ"],"2200043":[14,"横浜市西区","御所山町"],"2206016":[14,"横浜市西区","みなとみらいクイーンズタワーＡ"],"2200117":[14,"相模原市","城山町中沢"],"2208142":[14,"横浜市西区","みなとみらいランドマークタワー"],"2208112":[14,"横浜市西区","みなとみらいランドマークタワー"],"2206111":[14,"横浜市西区","みなとみらいクイーンズタワーＢ"],"2208542":[14,"横浜市西区","みなとみらい","２丁目３番２号"],"2208145":[14,"横浜市西区","みなとみらいランドマークタワー"],"2208137":[14,"横浜市西区","みなとみらいランドマークタワー"],"2200035":[14,"横浜市西区","霞ケ丘"],"2200209":[14,"相模原市","津久井町三ケ木"],"2200072":[14,"横浜市西区","浅間町"],"2206220":[14,"横浜市西区","みなとみらいクイーンズタワーＣ"],"2206026":[14,"横浜市西区","みなとみらいクイーンズタワーＡ"],"2208113":[14,"横浜市西区","みなとみらいランドマークタワー"],"2206011":[14,"横浜市西区","みなとみらいクイーンズタワーＡ"],"2208147":[14,"横浜市西区","みなとみらいランドマークタワー"],"2208135":[14,"横浜市西区","みなとみらいランドマークタワー"],"2208612":[14,"横浜市西区","みなとみらい","３丁目１－１"],"2208539":[14,"横浜市西区","南幸","１丁目１番１号"],"2200102":[14,"相模原市","城山町原宿"],"2206214":[14,"横浜市西区","みなとみらいクイーンズタワーＣ"],"2206010":[14,"横浜市西区","みなとみらいクイーンズタワーＡ"],"2208609":[14,"横浜市西区","北幸","１丁目１１番１号"],"2206032":[14,"横浜市西区","みなとみらいクイーンズタワーＡ"],"2206090":[14,"横浜市西区","みなとみらいクイーンズタワーＡ"],"2208108":[14,"横浜市西区","みなとみらいランドマークタワー"],"2208125":[14,"横浜市西区","みなとみらいランドマークタワー"],"2200021":[14,"横浜市西区","桜木町"],"2208536":[14,"横浜市西区","みなとみらい","４丁目７－３横浜メディアタワー"],"2206029":[14,"横浜市西区","みなとみらいクイーンズタワーＡ"],"2206110":[14,"横浜市西区","みなとみらいクイーンズタワーＢ"],"2206006":[14,"横浜市西区","みなとみらいクイーンズタワーＡ"],"2200045":[14,"横浜市西区","伊勢町"],"2200192":[14,"相模原市","城山町久保沢","１丁目３番１号"],"2206020":[14,"横浜市西区","みなとみらいクイーンズタワーＡ"],"2206113":[14,"横浜市西区","みなとみらいクイーンズタワーＢ"],"2208615":[14,"横浜市西区","みなとみらい","３丁目１－１"],"2208502":[14,"横浜市西区","みなとみらい","１丁目１－１パシィフィコ横浜国際協力センター６Ｆ"],"2200101":[14,"相模原市","城山町町屋"],"2200106":[14,"相模原市","城山町広田"],"2206118":[14,"横浜市西区","みなとみらいクイーンズタワーＢ"],"2208167":[14,"横浜市西区","みなとみらいランドマークタワー"],"2206018":[14,"横浜市西区","みなとみらいクイーンズタワーＡ"],"2206202":[14,"横浜市西区","みなとみらいクイーンズタワーＣ"],"2208114":[14,"横浜市西区","みなとみらいランドマークタワー"],"2208588":[14,"横浜市中区","太田町","２丁目２３"],"2208510":[14,"横浜市西区","高島","２丁目１８－１"],"2208121":[14,"横浜市西区","みなとみらいランドマークタワー"],"2200002":[14,"横浜市西区","南軽井沢"],"2206205":[14,"横浜市西区","みなとみらいクイーンズタワーＣ"],"2200013":[14,"横浜市西区","緑町"],"2208540":[14,"横浜市西区","平沼","１丁目１－８"],"2208156":[14,"横浜市西区","みなとみらいランドマークタワー"],"2208140":[14,"横浜市西区","みなとみらいランドマークタワー"],"2208151":[14,"横浜市西区","みなとみらいランドマークタワー"],"2208130":[14,"横浜市西区","みなとみらいランドマークタワー"],"2200042":[14,"横浜市西区","戸部町"],"2208565":[14,"横浜市西区","みなとみらい","３丁目６－４"],"2206015":[14,"横浜市西区","みなとみらいクイーンズタワーＡ"],"2200113":[14,"相模原市","城山町谷ヶ原"],"2200411":[14,"相模原市","津久井町青野原"],"2206120":[14,"横浜市西区","みなとみらいクイーンズタワーＢ"],"2208168":[14,"横浜市西区","みなとみらいランドマークタワー"],"2208106":[14,"横浜市西区","みなとみらいランドマークタワー"],"2208622":[14,"横浜市西区","北幸","１丁目２－７"],"2206108":[14,"横浜市西区","みなとみらいクイーンズタワーＢ"],"2208164":[14,"横浜市西区","みなとみらいランドマークタワー"],"2208170":[14,"横浜市西区","みなとみらいランドマークタワー"],"2206035":[14,"横浜市西区","みなとみらいクイーンズタワーＡ"],"2208129":[14,"横浜市西区","みなとみらいランドマークタワー"],"2206105":[14,"横浜市西区","みなとみらいクイーンズタワーＢ"],"2200073":[14,"横浜市西区","岡野"],"2200201":[14,"相模原市","津久井町三井"],"2208162":[14,"横浜市西区","みなとみらいランドマークタワー"],"2206025":[14,"横浜市西区","みなとみらいクイーンズタワーＡ"],"2200205":[14,"相模原市","津久井町鳥屋"],"2208501":[14,"横浜市西区","北幸","１丁目３番２３号"],"2200031":[14,"横浜市西区","宮崎町"],"2208109":[14,"横浜市西区","みなとみらいランドマークタワー"],"2206012":[14,"横浜市西区","みなとみらいクイーンズタワーＡ"],"2208138":[14,"横浜市西区","みなとみらいランドマークタワー"],"2206114":[14,"横浜市西区","みなとみらいクイーンズタワーＢ"],"2208616":[14,"横浜市西区","みなとみらい","３丁目１－１"],"2206125":[14,"横浜市西区","みなとみらいクイーンズタワーＢ"],"2206019":[14,"横浜市西区","みなとみらいクイーンズタワーＡ"],"2208080":[14,"横浜市西区","みなとみらい","３丁目３－１三菱重工ビル内"],"2200295":[14,"相模原市","津久井町中野","５５０"],"2200032":[14,"横浜市西区","老松町"],"2206002":[14,"横浜市西区","みなとみらいクイーンズタワーＡ"],"2208139":[14,"横浜市西区","みなとみらいランドマークタワー"],"2208144":[14,"横浜市西区","みなとみらいランドマークタワー"],"2208521":[14,"横浜市西区","みなとみらい","３丁目７－３"],"2206109":[14,"横浜市西区","みなとみらいクイーンズタワーＢ"],"2208124":[14,"横浜市西区","みなとみらいランドマークタワー"],"2208136":[14,"横浜市西区","みなとみらいランドマークタワー"],"2200074":[14,"横浜市西区","南浅間町"],"2208117":[14,"横浜市西区","みなとみらいランドマークタワー"],"2206204":[14,"横浜市西区","みなとみらいクイーンズタワーＣ"],"2206014":[14,"横浜市西区","みなとみらいクイーンズタワーＡ"],"2200001":[14,"横浜市西区","北軽井沢"],"2208680":[14,"横浜市西区","みなとみらい","４丁目３－５"],"2208157":[14,"横浜市西区","みなとみらいランドマークタワー"],"2208163":[14,"横浜市西区","みなとみらいランドマークタワー"],"2206028":[14,"横浜市西区","みなとみらいクイーンズタワーＡ"],"2200204":[14,"相模原市","津久井町長竹"],"2206017":[14,"横浜市西区","みなとみらいクイーンズタワーＡ"],"2206201":[14,"横浜市西区","みなとみらいクイーンズタワーＣ"],"2200041":[14,"横浜市西区","戸部本町"],"2206106":[14,"横浜市西区","みなとみらいクイーンズタワーＢ"],"2206024":[14,"横浜市西区","みなとみらいクイーンズタワーＡ"],"2206290":[14,"横浜市西区","みなとみらいクイーンズタワーＣ"],"2206103":[14,"横浜市西区","みなとみらいクイーンズタワーＢ"],"2200005":[14,"横浜市西区","南幸"],"2208614":[14,"横浜市西区","みなとみらい","３丁目１－１"],"2208585":[14,"横浜市西区","紅葉ケ丘","９－２"],"2208515":[14,"横浜市西区","高島","２丁目６－３４"],"2200412":[14,"相模原市","津久井町青根"],"2208150":[14,"横浜市西区","みなとみらいランドマークタワー"],"2208110":[14,"横浜市西区","みなとみらいランドマークタワー"],"2208165":[14,"横浜市西区","みなとみらいランドマークタワー"],"2200061":[14,"横浜市西区","久保町"],"2200114":[14,"相模原市","城山町葉山島"],"2208101":[14,"横浜市西区","みなとみらいランドマークタワー"],"2208148":[14,"横浜市西区","みなとみらいランドマークタワー"],"2208601":[14,"横浜市西区","南幸","１丁目６－３１"],"2206030":[14,"横浜市西区","みなとみらいクイーンズタワーＡ"],"2206007":[14,"横浜市西区","みなとみらいクイーンズタワーＡ"],"2206004":[14,"横浜市西区","みなとみらいクイーンズタワーＡ"],"2208127":[14,"横浜市西区","みなとみらいランドマークタワー"],"2206013":[14,"横浜市西区","みなとみらいクイーンズタワーＡ"],"2200105":[14,"相模原市","城山町久保沢"],"2206033":[14,"横浜市西区","みなとみらいクイーンズタワーＡ"],"2206021":[14,"横浜市西区","みなとみらいクイーンズタワーＡ"],"2200023":[14,"横浜市西区","平沼"],"2208105":[14,"横浜市西区","みなとみらいランドマークタワー"],"2208128":[14,"横浜市西区","みなとみらいランドマークタワー"],"2200063":[14,"横浜市西区","元久保町"],"2206211":[14,"横浜市西区","みなとみらいクイーンズタワーＣ"],"2208611":[14,"横浜市西区","みなとみらい","３丁目１－１"],"2206209":[14,"横浜市西区","みなとみらいクイーンズタワーＣ"],"2208155":[14,"横浜市西区","みなとみらいランドマークタワー"],"2200104":[14,"相模原市","城山町向原"],"2208160":[14,"横浜市西区","みなとみらいランドマークタワー"],"2206031":[14,"横浜市西区","みなとみらいクイーンズタワーＡ"],"2206023":[14,"横浜市西区","みなとみらいクイーンズタワーＡ"],"2206218":[14,"横浜市西区","みなとみらいクイーンズタワーＣ"],"2206003":[14,"横浜市西区","みなとみらいクイーンズタワーＡ"],"2208119":[14,"横浜市西区","みなとみらいランドマークタワー"],"2200053":[14,"横浜市西区","藤棚町"],"2200033":[14,"横浜市西区","東ケ丘"],"2206216":[14,"横浜市西区","みなとみらいクイーンズタワーＣ"],"2200034":[14,"横浜市西区","赤門町"],"2206124":[14,"横浜市西区","みなとみらいクイーンズタワーＢ"],"2200202":[14,"相模原市","津久井町太井"],"2208132":[14,"横浜市西区","みなとみらいランドマークタワー"],"2208190":[14,"横浜市西区","みなとみらいランドマークタワー"],"2206115":[14,"横浜市西区","みなとみらいクイーンズタワーＢ"],"2206207":[14,"横浜市西区","みなとみらいクイーンズタワーＣ"],"2208153":[14,"横浜市西区","みなとみらいランドマークタワー"],"2206107":[14,"横浜市西区","みなとみらいクイーンズタワーＢ"],"2200203":[14,"相模原市","津久井町根小屋"],"2208577":[14,"横浜市西区","南幸","２丁目１５－１３"],"2206102":[14,"横浜市西区","みなとみらいクイーンズタワーＢ"],"2208166":[14,"横浜市西区","みなとみらいランドマークタワー"],"2208169":[14,"横浜市西区","みなとみらいランドマークタワー"],"2200000":[14,"横浜市西区",""],"2200111":[14,"相模原市","城山町川尻"],"2206009":[14,"横浜市西区","みなとみらいクイーンズタワーＡ"],"2200004":[14,"横浜市西区","北幸"],"2208116":[14,"横浜市西区","みなとみらいランドマークタワー"],"2208520":[14,"横浜市西区","高島","２丁目７－３０"],"2208674":[14,"横浜市西区","みなとみらい","３丁目３－１三菱重工横浜ビル"],"2200208":[14,"相模原市","津久井町又野"],"2200044":[14,"横浜市西区","紅葉ケ丘"],"2206190":[14,"横浜市西区","みなとみらいクイーンズタワーＢ"],"2206008":[14,"横浜市西区","みなとみらいクイーンズタワーＡ"],"2208120":[14,"横浜市西区","みなとみらいランドマークタワー"],"2200055":[14,"横浜市西区","浜松町"],"2200062":[14,"横浜市西区","東久保町"],"2208660":[14,"横浜市西区","北幸","１丁目６番１号"],"2206128":[14,"横浜市西区","みなとみらいクイーンズタワーＢ"],"2206022":[14,"横浜市西区","みなとみらいクイーンズタワーＡ"],"2206221":[14,"横浜市西区","みなとみらいクイーンズタワーＣ"],"2206119":[14,"横浜市西区","みなとみらいクイーンズタワーＢ"],"2208126":[14,"横浜市西区","みなとみらいランドマークタワー"],"2208143":[14,"横浜市西区","みなとみらいランドマークタワー"],"2208131":[14,"横浜市西区","みなとみらいランドマークタワー"],"2208102":[14,"横浜市西区","みなとみらいランドマークタワー"],"2200115":[14,"相模原市","城山町小倉"],"2200052":[14,"横浜市西区","西前町"],"2208103":[14,"横浜市西区","みなとみらいランドマークタワー"],"2206210":[14,"横浜市西区","みなとみらいクイーンズタワーＣ"],"2206215":[14,"横浜市西区","みなとみらいクイーンズタワーＣ"],"2200022":[14,"横浜市西区","花咲町"],"2206001":[14,"横浜市西区","みなとみらいクイーンズタワーＡ"],"2208158":[14,"横浜市西区","みなとみらいランドマークタワー"],"2206127":[14,"横浜市西区","みなとみらいクイーンズタワーＢ"],"2206034":[14,"横浜市西区","みなとみらいクイーンズタワーＡ"],"2200071":[14,"横浜市西区","浅間台"],"2200006":[14,"横浜市西区","宮ケ谷"],"2208111":[14,"横浜市西区","みなとみらいランドマークタワー"],"2208123":[14,"横浜市西区","みなとみらいランドマークタワー"],"2208154":[14,"横浜市西区","みなとみらいランドマークタワー"],"2200011":[14,"横浜市西区","高島"],"2208149":[14,"横浜市西区","みなとみらいランドマークタワー"],"2208558":[14,"横浜市西区","桜木町","６丁目３５－１"]}
