{"1108624":[13,"台東区","東上野","５丁目２－２日生ビル"],"1108686":[13,"台東区","入谷","１丁目１４－９"],"1108662":[13,"台東区","根岸","１丁目１－１２"],"1108605":[13,"台東区","東上野","１丁目２０－６丸幸ビル"],"1108628":[13,"台東区","東上野","１丁目１４－４上野三和ビル"],"1108697":[13,"台東区","竜泉","３丁目３５－１３"],"1108588":[13,"台東区","台東","１丁目２４－９"],"1108733":[13,"台東区","東上野","２丁目１１－８"],"1108565":[13,"台東区","上野","５丁目２４－１１"],"1108537":[13,"台東区","上野","１丁目２０－１１"],"1108532":[13,"台東区","上野","５丁目１－１文昌堂ビル"],"1108560":[13,"台東区","台東","１丁目５－１"],"1108626":[13,"台東区","東上野","２丁目２３－２５"],"1108553":[13,"台東区","台東","４丁目８－５わかばビル"],"1108578":[13,"台東区","台東","４丁目１９－９山口ビル"],"1100002":[13,"台東区","上野桜木"],"1108755":[13,"台東区","谷中","３丁目２５－６"],"1108736":[13,"台東区","上野","３丁目２３－９"],"1108534":[13,"台東区","上野","１丁目１－１０"],"1108630":[13,"台東区","東上野","１丁目２８－１２"],"1100004":[13,"台東区","下谷"],"1108528":[13,"台東区","上野","１丁目１８－１０"],"1108615":[13,"台東区","東上野","４丁目５－６"],"1108505":[13,"台東区","上野","５丁目１５－１３"],"1108567":[13,"台東区","台東","４丁目２３－１０ヴェラハイツ御徒町４０２号"],"1108688":[13,"台東区","入谷","１丁目１４－２"],"1108676":[13,"台東区","下谷","３丁目１０－１０"],"1108642":[13,"台東区","東上野","４丁目２４－１２"],"1108622":[13,"台東区","東上野","２丁目５－１０"],"1108584":[13,"台東区","台東","４丁目３０－７"],"1108530":[13,"台東区","上野","５丁目１２－８"],"1108559":[13,"台東区","台東","１丁目３０－８宮内ビル９Ｆ"],"1108561":[13,"台東区","台東","１丁目２６－２"],"1108541":[13,"台東区","上野","４丁目８－４"],"1108644":[13,"台東区","上野","６丁目２－１"],"1108511":[13,"台東区","上野","４丁目１－８"],"1108653":[13,"台東区","池之端","１丁目６－１３"],"1108533":[13,"台東区","上野","４丁目１０－５"],"1108549":[13,"台東区","上野","５丁目２－２"],"1108620":[13,"台東区","東上野","５丁目１６－５新明和上野ビル"],"1108680":[13,"台東区","入谷","１丁目２７－４"],"1108524":[13,"台東区","上野","２丁目１３－１０"],"1108535":[13,"台東区","上野","１丁目１７－６広小路ビル"],"1108787":[13,"台東区","上野","１丁目１０－１２"],"1108673":[13,"台東区","下谷","１丁目３－１０"],"1108708":[13,"台東区","東上野","５丁目２－２"],"1108522":[13,"台東区","上野","３丁目２７－１２"],"1100001":[13,"台東区","谷中"],"1108757":[13,"台東区","台東","４丁目２７－５秀和御徒町ビル"],"1108713":[13,"台東区","上野公園","１３－４３"],"1108501":[13,"台東区","上野","２丁目１－８"],"1108580":[13,"台東区","上野","７丁目７－６上野ＹＨＫビル５階"],"1108715":[13,"台東区","上野公園","４－５８"],"1108675":[13,"台東区","下谷","３丁目１３－１１"],"1108566":[13,"台東区","台東","２丁目３０－５"],"1108660":[13,"台東区","根岸","２丁目１９－１９"],"1108544":[13,"台東区","上野","１丁目１０－１２商工中金・第一生命上野ビル"],"1108618":[13,"台東区","東上野","１丁目６－２"],"1108610":[13,"台東区","東上野","１丁目１８－９"],"1108555":[13,"台東区","台東","１丁目３１－７"],"1108722":[13,"台東区","秋葉原","２－３"],"1100016":[13,"台東区","台東"],"1108515":[13,"台東区","上野","２丁目１３－１０"],"1100012":[13,"台東区","竜泉"],"1100006":[13,"台東区","秋葉原"],"1108665":[13,"台東区","根岸","５丁目７－４"],"1108780":[13,"台東区","下谷","１丁目４－１２"],"1100013":[13,"台東区","入谷"],"1108638":[13,"台東区","東上野","６丁目２７－５アプレパークス上野１０１"],"1108546":[13,"台東区","上野","１丁目１５－３"],"1108614":[13,"台東区","東上野","３丁目１９－６"],"1108536":[13,"台東区","上野","６丁目１６－１７"],"1108687":[13,"台東区","入谷","１丁目１８－７"],"1108507":[13,"台東区","上野","７丁目６－９"],"1108750":[13,"台東区","上野","７丁目４－８"],"1108721":[13,"台東区","秋葉原","１－８"],"1108716":[13,"台東区","上野公園","５－４５"],"1108621":[13,"台東区","北上野","１丁目１０－１４"],"1108723":[13,"台東区","秋葉原","５－７"],"1108782":[13,"台東区","池之端","１丁目４－２６"],"1108513":[13,"台東区","上野","２丁目１１－１５"],"1108701":[13,"台東区","池之端","３丁目１－２５"],"1108583":[13,"台東区","台東","４丁目３３－２"],"1108520":[13,"台東区","上野","２丁目１２－２０ＮＤＫロータスビル"],"1108521":[13,"台東区","上野","２丁目１１－１２"],"1108548":[13,"台東区","上野","２丁目７－１１"],"1108576":[13,"台東区","上野","５丁目２３－１１スグルビル６Ｆ"],"1108550":[13,"台東区","台東","１丁目９－３"],"1108577":[13,"台東区","台東","１丁目１－１４"],"1108517":[13,"台東区","上野","３丁目２１－８"],"1108654":[13,"台東区","台東","１丁目３－５反町ビル"],"1108661":[13,"台東区","東上野","６丁目２－１信興上野ビル"],"1108609":[13,"台東区","東上野","４丁目１－２"],"1100008":[13,"台東区","池之端"],"1108562":[13,"台東区","台東","２丁目１－１東秋葉原ビル"],"1108725":[13,"台東区","秋葉原","１－１０"],"1108509":[13,"台東区","上野","１丁目１５－５"],"1108685":[13,"台東区","入谷","２丁目７－１"],"1100003":[13,"台東区","根岸"],"1108603":[13,"台東区","東上野","２丁目１０－１第三政木ビル"],"1100007":[13,"台東区","上野公園"],"1108503":[13,"台東区","上野","３丁目２９－５"],"1108558":[13,"台東区","台東","４丁目２４－８新御徒町ビル"],"1108671":[13,"台東区","下谷","１丁目１３－６"],"1108808":[13,"台東区","竜泉","３丁目１３－８"],"1108527":[13,"台東区","上野","６丁目７－１５ＫＳビル８Ｆ"],"1108619":[13,"台東区","東上野","１丁目７－２"],"1100005":[13,"台東区","上野"],"1108712":[13,"台東区","上野公園","１３－９"],"1108539":[13,"台東区","上野","１丁目２０－１０"],"1108586":[13,"台東区","台東","１丁目１１－３"],"1108575":[13,"台東区","台東","１丁目２３－６"],"1108613":[13,"台東区","台東","２丁目１３番１１号"],"1108678":[13,"台東区","下谷","３丁目１５－９"],"1108645":[13,"台東区","東上野","２丁目２３－１６"],"1108669":[13,"台東区","根岸","５丁目１４－１６"],"1108518":[13,"台東区","上野","３丁目２３－１１"],"1108512":[13,"台東区","上野","１丁目１０番１２号"],"1108502":[13,"台東区","上野","６丁目１５－１"],"1108745":[13,"台東区","上野","１丁目１０－１２商工中金第一生命上野ビル"],"1108602":[13,"台東区","東上野","４丁目２－４"],"1108408":[13,"台東区","台東","４丁目１９－９"],"1108523":[13,"台東区","上野","３丁目２３－１１"],"1100015":[13,"台東区","東上野"],"1108681":[13,"台東区","入谷","１丁目１９－２"],"1108617":[13,"台東区","上野","５丁目２３－１２"],"1108582":[13,"台東区","台東","１丁目２８－２"],"1108677":[13,"台東区","下谷","３丁目４－４"],"1108740":[13,"台東区","上野","１丁目１９－１０"],"1100014":[13,"台東区","北上野"],"1108706":[13,"台東区","池之端","１丁目２－２３"],"1108543":[13,"台東区","上野","４丁目４－３"],"1108635":[13,"台東区","東上野","２丁目７－５"],"1108714":[13,"台東区","上野公園","１２－８"],"1108807":[13,"台東区","竜泉","２丁目１８－５"],"1108510":[13,"台東区","","東上野７丁目６－１１第一下谷ビル"],"1108625":[13,"台東区","東上野","４丁目８－１"],"1108579":[13,"台東区","台東","４丁目２７－５秀和御徒町２Ｆ"],"1100011":[13,"台東区","三ノ輪"],"1108573":[13,"台東区","台東","４丁目１９－９山口ビル７"],"1108531":[13,"台東区","上野","５丁目６－１０"],"1100000":[13,"台東区",""],"1108516":[13,"台東区","上野","１丁目１５－４上野ＤＫビル"],"1108508":[13,"台東区","上野","１丁目１－１２信井ビル"]}
