{"3491104":[11,"北葛飾郡栗橋町","栗橋"],"3491200":[11,"北埼玉郡北川辺町",""],"3490205":[11,"南埼玉郡白岡町","西"],"3491293":[11,"北埼玉郡北川辺町","大字麦倉","１２３８"],"3490225":[11,"南埼玉郡白岡町","太田新井"],"3490112":[11,"蓮田市","川島"],"3491106":[11,"北葛飾郡栗橋町","緑"],"3490198":[11,"蓮田市","大字黒浜","３５３５"],"3491134":[11,"北埼玉郡大利根町","北下新井"],"3490204":[11,"南埼玉郡白岡町","篠津"],"3490132":[11,"蓮田市","貝塚"],"3491105":[11,"北葛飾郡栗橋町","小右衛門"],"3491154":[11,"北埼玉郡大利根町","外記新田"],"3491122":[11,"北葛飾郡栗橋町","松永"],"3490131":[11,"蓮田市","根金"],"3490127":[11,"蓮田市","見沼町"],"3491133":[11,"北埼玉郡大利根町","琴寄"],"3491115":[11,"北葛飾郡栗橋町","新井"],"3491123":[11,"北葛飾郡栗橋町","間鎌"],"3490143":[11,"蓮田市","城"],"3491156":[11,"北埼玉郡大利根町","細間"],"3491114":[11,"北葛飾郡栗橋町","河原代"],"3490115":[11,"蓮田市","蓮田"],"3490217":[11,"南埼玉郡白岡町","小久喜"],"3491157":[11,"北埼玉郡大利根町","道目"],"3490145":[11,"蓮田市","西城"],"3491144":[11,"北埼玉郡大利根町","阿佐間"],"3490113":[11,"蓮田市","桜台"],"3491146":[11,"北埼玉郡大利根町","新井新田"],"3491141":[11,"北埼玉郡大利根町","松永新田"],"3491117":[11,"北葛飾郡栗橋町","南栗橋"],"3490294":[11,"南埼玉郡白岡町","大字白岡","１４７０"],"3490126":[11,"蓮田市","綾瀬"],"3490123":[11,"蓮田市","本町"],"3491116":[11,"北葛飾郡栗橋町","島川"],"3490195":[11,"蓮田市","大字黒浜","３５３５"],"3491112":[11,"北葛飾郡栗橋町","中里"],"3490111":[11,"蓮田市","東"],"3491101":[11,"北葛飾郡栗橋町","北"],"3491221":[9,"下都賀郡藤岡町","下宮"],"3490226":[11,"南埼玉郡白岡町","岡泉"],"3491135":[11,"北埼玉郡大利根町","北平野"],"3490201":[11,"南埼玉郡白岡町","柴山"],"3490224":[11,"南埼玉郡白岡町","彦兵衛"],"3491125":[11,"北葛飾郡栗橋町","高柳"],"3490137":[11,"蓮田市","高虫"],"3490102":[11,"蓮田市","江ケ崎"],"3491214":[11,"北埼玉郡北川辺町","駒場"],"3490192":[11,"蓮田市","大字黒浜","字桜ヶ丘４００８"],"3490215":[11,"南埼玉郡白岡町","千駄野"],"3491292":[11,"北埼玉郡北川辺町","大字麦倉","１４８１－１"],"3490121":[11,"蓮田市","関山"],"3490134":[11,"蓮田市","駒崎"],"3490193":[11,"蓮田市","大字黒浜","２７９９－１"],"3490200":[11,"南埼玉郡白岡町",""],"3491193":[11,"北埼玉郡大利根町","大字北下新井","１６７９－１"],"3490104":[11,"蓮田市","緑町"],"3491142":[11,"北埼玉郡大利根町","杓子木"],"3491204":[11,"北埼玉郡北川辺町","陽光台"],"3490216":[11,"南埼玉郡白岡町","実ケ谷"],"3490141":[11,"蓮田市","西新宿"],"3490125":[11,"蓮田市","御前橋"],"3491158":[11,"北埼玉郡大利根町","新利根"],"3491202":[11,"北埼玉郡北川辺町","小野袋"],"3490203":[11,"南埼玉郡白岡町","下大崎"],"3491111":[11,"北葛飾郡栗橋町","北広島"],"3490214":[11,"南埼玉郡白岡町","寺塚"],"3490292":[11,"南埼玉郡白岡町","大字千駄野","４３２"],"3491201":[11,"北埼玉郡北川辺町","柳生"],"3491213":[11,"北埼玉郡北川辺町","栄"],"3490124":[11,"蓮田市","末広"],"3490122":[11,"蓮田市","上"],"3491132":[11,"北埼玉郡大利根町","旗井"],"3491151":[11,"北埼玉郡大利根町","佐波"],"3491203":[11,"北埼玉郡北川辺町","柏戸"],"3491148":[11,"北埼玉郡大利根町","豊野台"],"3491197":[11,"北埼玉郡大利根町","大字北大桑","６８９"],"3491113":[11,"北葛飾郡栗橋町","狐塚"],"3490103":[11,"蓮田市","笹山"],"3490211":[11,"南埼玉郡白岡町","野牛"],"3490218":[11,"南埼玉郡白岡町","白岡"],"3490128":[11,"蓮田市","山ノ内"],"3491192":[11,"北葛飾郡栗橋町","大字間鎌","２５１－１"],"3491216":[11,"北埼玉郡北川辺町","本郷"],"3490136":[11,"蓮田市","上平野"],"3491212":[11,"北埼玉郡北川辺町","麦倉"],"3491103":[11,"北葛飾郡栗橋町","東"],"3490202":[11,"南埼玉郡白岡町","荒井新田"],"3490221":[11,"南埼玉郡白岡町","上野田"],"3491153":[11,"北埼玉郡大利根町","新川通"],"3491211":[11,"北埼玉郡北川辺町","飯積"],"3490133":[11,"蓮田市","閏戸"],"3490101":[11,"蓮田市","黒浜"],"3490142":[11,"蓮田市","南新宿"],"3490222":[11,"南埼玉郡白岡町","爪田ケ谷"],"3491102":[11,"北葛飾郡栗橋町","中央"],"3490100":[11,"蓮田市",""],"3491152":[11,"北埼玉郡大利根町","弥兵衛"],"3490213":[11,"南埼玉郡白岡町","高岩"],"3491215":[11,"北埼玉郡北川辺町","伊賀袋"],"3490144":[11,"蓮田市","椿山"],"3490196":[11,"蓮田市","大字黒浜","４１４７"],"3491147":[11,"北埼玉郡大利根町","北大桑"],"3490114":[11,"蓮田市","馬込"],"3490293":[11,"南埼玉郡白岡町","大字下大崎","８７３"],"3490212":[11,"南埼玉郡白岡町","新白岡"],"3491143":[11,"北埼玉郡大利根町","生出"],"3490135":[11,"蓮田市","井沼"],"3491145":[11,"北埼玉郡大利根町","間口"],"3491124":[11,"北葛飾郡栗橋町","佐間"],"3491131":[11,"北埼玉郡大利根町","中渡"],"3490223":[11,"南埼玉郡白岡町","下野田"],"3490219":[11,"南埼玉郡白岡町","白岡東"],"3491100":[11,"北埼玉郡大利根町",""],"3491121":[11,"北葛飾郡栗橋町","伊坂"],"3491155":[11,"北埼玉郡大利根町","砂原"],"3491205":[11,"北埼玉郡北川辺町","向古河"]}
