{"0760017":[1,"富良野市","下御料"],"0768765":[1,"富良野市","幸町","１３番１号"],"0760174":[1,"富良野市","南布礼別"],"0760053":[1,"富良野市","東町"],"0760021":[1,"富良野市","緑町"],"0760036":[1,"富良野市","島ノ下"],"0760164":[1,"富良野市","南麓郷"],"0760048":[1,"富良野市","清水山"],"0760052":[1,"富良野市","南麻町"],"0760172":[1,"富良野市","東布礼別"],"0760161":[1,"富良野市","麓郷市街地"],"0760051":[1,"富良野市","東麻町"],"0760025":[1,"富良野市","日の出町"],"0760165":[1,"富良野市","北麓郷"],"0760006":[1,"富良野市","西扇山"],"0760033":[1,"富良野市","新富町"],"0760044":[1,"富良野市","北大沼"],"0760163":[1,"富良野市","西麓郷"],"0760012":[1,"富良野市","下五区"],"0760183":[1,"富良野市","富丘更生"],"0760184":[1,"富良野市","八幡丘"],"0760173":[1,"富良野市","西布礼別"],"0760182":[1,"富良野市","西富丘"],"0760028":[1,"富良野市","錦町"],"0768666":[1,"富良野市","朝日町","３番１号"],"0760027":[1,"富良野市","花園町"],"0760004":[1,"富良野市","布部市街地"],"0760045":[1,"富良野市","東学田二区"],"0760016":[1,"富良野市","中御料"],"0768609":[1,"富良野市","緑町","９番１号"],"0760037":[1,"富良野市","西町"],"0760018":[1,"富良野市","弥生町"],"0760041":[1,"富良野市","東鳥沼"],"0768555":[1,"富良野市","弥生町","１番１号"],"0760042":[1,"富良野市","西鳥沼"],"0760026":[1,"富良野市","朝日町"],"0760176":[1,"富良野市","中布礼別"],"0760047":[1,"富良野市","西学田二区"],"0760046":[1,"富良野市","北斗町"],"0768511":[1,"富良野市","字中御料",""],"0760175":[1,"富良野市","北布礼別"],"0760014":[1,"富良野市","上五区"],"0760005":[1,"富良野市","布部一"],"0760204":[1,"富良野市","平沢"],"0760171":[1,"富良野市","布礼別市街地"],"0760055":[1,"富良野市","西麻町"],"0760054":[1,"富良野市","春日町"],"0760011":[1,"富良野市","末広町"],"0760057":[1,"富良野市","住吉町"],"0760002":[1,"富良野市","南扇山"],"0760203":[1,"富良野市","老節布"],"0760000":[1,"富良野市",""],"0760007":[1,"富良野市","南町"],"0760024":[1,"富良野市","幸町"],"0760034":[1,"富良野市","北の峰町"],"0760013":[1,"富良野市","中五区"],"0760032":[1,"富良野市","若松町"],"0760039":[1,"富良野市","信濃沢"],"0760001":[1,"富良野市","北扇山"],"0760003":[1,"富良野市","布部石綿"],"0760023":[1,"富良野市","栄町"],"0760038":[1,"富良野市","桂木町"],"0760015":[1,"富良野市","上御料"],"0760059":[1,"富良野市","北麻町"],"0760056":[1,"富良野市","瑞穂町"],"0760201":[1,"富良野市","西達布"],"0760043":[1,"富良野市","南大沼"],"0760202":[1,"富良野市","東山"],"0760181":[1,"富良野市","東富丘"],"0760058":[1,"富良野市","新光町"],"0760035":[1,"富良野市","学田三区"],"0760162":[1,"富良野市","東麓郷"],"0760031":[1,"富良野市","本町"],"0760008":[1,"富良野市","扇町"],"0760081":[1,"芦別市","泉"],"0760022":[1,"富良野市","若葉町"]}
