{"2820032":[12,"山武郡芝山町","香山新田"],"2828610":[12,"成田市","",""],"2820006":[12,"成田市","取香"],"2820004":[12,"成田市","古込"],"2820031":[12,"香取郡多古町","一鍬田"],"2820027":[12,"成田市","小菅"],"2820007":[12,"成田市","堀之内"],"2820034":[12,"山武郡芝山町","大里"],"2820005":[12,"成田市","木の根"],"2820003":[12,"成田市","東峰"],"2820011":[12,"成田市","三里塚"],"2820021":[12,"成田市","駒井野"],"2820001":[12,"成田市","天浪"],"2820033":[12,"山武郡芝山町","菱田"],"2820009":[12,"成田市","十余三"],"2820010":[12,"成田市","吉岡"],"2820035":[12,"山武郡芝山町","岩山"],"2828603":[12,"成田市","古込","字古込１－１"],"2820002":[12,"成田市","天神峰"],"2820012":[12,"成田市","東三里塚"]}
