{"3111523":[8,"鉾田市","串挽"],"3114611":[8,"常陸大宮市","秋田"],"3112492":[8,"潮来市","小泉南","１３５８"],"3111702":[8,"行方市","三和"],"3110311":[8,"常陸太田市","町屋町"],"3113132":[8,"東茨城郡茨城町","駒場"],"3113498":[8,"小美玉市","上玉里","２２５６"],"3112105":[8,"鉾田市","二重作"],"3111216":[8,"ひたちなか市","湊泉町"],"3110135":[8,"那珂市","鹿島"],"3111111":[8,"水戸市","小泉町"],"3110194":[8,"那珂市","菅谷","４５００"],"3111511":[8,"鉾田市","柏熊"],"3111238":[8,"ひたちなか市","美田多町"],"3112425":[8,"潮来市","あやめ"],"3113492":[8,"小美玉市","小川","４－１１"],"3113813":[8,"行方市","籠田"],"3111424":[8,"鉾田市","柏熊新田"],"3111232":[8,"ひたちなか市","柳が丘"],"3111305":[8,"東茨城郡大洗町","港中央"],"3113197":[8,"東茨城郡茨城町","大字長岡","字矢頭３７８３－３"],"3111237":[8,"ひたちなか市","関戸"],"3114406":[8,"東茨城郡城里町","下赤沢"],"3110323":[8,"常陸太田市","茅根町"],"3110502":[8,"常陸太田市","徳田町"],"3111535":[8,"鉾田市","青柳"],"3112204":[8,"鹿嶋市","荒井"],"3110134":[8,"那珂市","飯田"],"3112441":[8,"潮来市","大山"],"3112415":[8,"潮来市","延方"],"3113414":[8,"小美玉市","外之内"],"3111313":[8,"東茨城郡大洗町","成田町"],"3113825":[8,"行方市","根小屋"],"3114322":[8,"東茨城郡城里町","下圷"],"3113894":[8,"行方市","板峰","１８７"],"3113195":[8,"東茨城郡茨城町","大字長岡","３７８１－１"],"3113152":[8,"東茨城郡茨城町","飯沼"],"3114303":[8,"東茨城郡城里町","石塚"],"3111254":[8,"ひたちなか市","新堤"],"3111723":[8,"行方市","行戸"],"3111422":[8,"鉾田市","勝下"],"3113115":[8,"東茨城郡茨城町","前田"],"3113192":[8,"東茨城郡茨城町","大字小堤","１０８０"],"3112432":[8,"潮来市","茂木"],"3111414":[8,"鉾田市","子生"],"3114331":[8,"東茨城郡城里町","岩船"],"3111124":[8,"水戸市","森戸町"],"3113112":[8,"東茨城郡茨城町","常井"],"3114614":[8,"常陸大宮市","金井"],"3112116":[8,"鉾田市","札"],"3111501":[8,"鉾田市","舟木"],"3113153":[8,"東茨城郡茨城町","上飯沼"],"3111504":[8,"鉾田市","安房"],"3112114":[8,"鉾田市","江川"],"3112444":[8,"潮来市","小泉南"],"3113812":[8,"行方市","杉平"],"3112419":[8,"潮来市","福島"],"3114616":[8,"常陸大宮市","桧山"],"3113518":[8,"行方市","荒宿"],"3111512":[8,"鉾田市","白塚"],"3114311":[8,"東茨城郡城里町","増井"],"3114335":[8,"東茨城郡城里町","錫高野"],"3113137":[8,"東茨城郡茨城町","網掛"],"3113145":[8,"東茨城郡茨城町","上雨ケ谷"],"3113424":[8,"小美玉市","幡谷"],"3112449":[8,"潮来市","古高"],"3111228":[8,"ひたちなか市","八幡町"],"3114194":[8,"水戸市","木葉下町","富士山２９２－１９"],"3111267":[8,"ひたちなか市","廻り目"],"3110301":[8,"常陸太田市","河内西町"],"3112400":[8,"潮来市",""],"3112421":[8,"潮来市","辻"],"3113425":[8,"小美玉市","小塙"],"3113142":[8,"東茨城郡茨城町","鳥羽田"],"3112405":[8,"潮来市","築地"],"3113505":[8,"行方市","浜"],"3110402":[8,"日立市","入四間町"],"3111300":[8,"東茨城郡大洗町",""],"3113433":[8,"小美玉市","高崎"],"3111532":[8,"鉾田市","上冨田"],"3113124":[8,"東茨城郡茨城町","中石崎"],"3114392":[8,"東茨城郡城里町","大字春園","１６３４"],"3111241":[8,"ひたちなか市","赤坂"],"3114201":[8,"水戸市","藤井町"],"3114305":[8,"東茨城郡城里町","上青山"],"3114393":[8,"東茨城郡城里町","大字那珂西","２２７０－１"],"3114317":[8,"東茨城郡城里町","勝見沢"],"3113144":[8,"東茨城郡茨城町","下雨ケ谷"],"3114301":[8,"東茨城郡城里町","上泉"],"3112410":[8,"潮来市","延方西"],"3110509":[8,"常陸太田市","上深荻町"],"3112223":[8,"鹿嶋市","林"],"3110123":[8,"那珂市","上国井"],"3112115":[8,"鉾田市","中居"],"3113835":[8,"行方市","島並"],"3111114":[8,"水戸市","塩崎町"],"3111262":[8,"ひたちなか市","道メキ"],"3111255":[8,"ひたちなか市","雨沢谷津"],"3114323":[8,"東茨城郡城里町","上圷"],"3114205":[8,"水戸市","下国井町"],"3110106":[8,"那珂市","杉"],"3111493":[8,"鉾田市","箕輪","１６３２"],"3111123":[8,"水戸市","下入野町"],"3113514":[8,"行方市","西蓮寺"],"3111492":[8,"鉾田市","造谷","６０５－３"],"3113121":[8,"東茨城郡茨城町","谷田部"],"3111202":[8,"ひたちなか市","磯崎町"],"3112448":[8,"潮来市","須賀"],"3111131":[8,"水戸市","下大野町"],"3114203":[8,"水戸市","上国井町"],"3111207":[8,"ひたちなか市","烏ケ台"],"3111136":[8,"水戸市","東前"],"3112445":[8,"潮来市","曲松南"],"3113800":[8,"行方市",""],"3113136":[8,"東茨城郡茨城町","宮ケ崎"],"3112215":[8,"鹿嶋市","和"],"3114206":[8,"水戸市","飯富町"],"3114334":[8,"東茨城郡城里町","孫根"],"3114143":[8,"水戸市","大塚町"],"3114313":[8,"東茨城郡城里町","上入野"],"3113111":[8,"東茨城郡茨城町","馬渡"],"3113106":[8,"東茨城郡茨城町","越安"],"3114162":[8,"水戸市","金谷町"],"3113807":[8,"行方市","五町田"],"3110401":[8,"日立市","中深荻町"],"3111226":[8,"ひたちなか市","幸町"],"3113103":[8,"東茨城郡茨城町","野曽"],"3110112":[8,"那珂市","津田"],"3111222":[8,"ひたちなか市","海門町"],"3111214":[8,"ひたちなか市","和田町"],"3110104":[8,"那珂市","堤"],"3113826":[8,"行方市","矢幡"],"3113801":[8,"行方市","行方"],"3111227":[8,"ひたちなか市","洞下町"],"3110193":[8,"那珂市","向山","８０１－１"],"3111503":[8,"鉾田市","徳宿"],"3114332":[8,"東茨城郡城里町","高根台"],"3110124":[8,"那珂市","田崎"],"3111403":[8,"鉾田市","上釜"],"3112404":[8,"潮来市","水原"],"3111715":[8,"行方市","小幡"],"3113108":[8,"東茨城郡茨城町","中央工業団地"],"3112104":[8,"鉾田市","梶山"],"3113413":[8,"小美玉市","山野"],"3113146":[8,"東茨城郡茨城町","下座"],"3114154":[8,"水戸市","萱場町"],"3113517":[8,"行方市","藤井"],"3111537":[8,"鉾田市","紅葉"],"3112443":[8,"潮来市","新宮南"],"3114502":[8,"常陸大宮市","野口平"],"3111211":[8,"ひたちなか市","沢メキ"],"3110100":[8,"那珂市",""],"3113892":[8,"行方市","麻生","１５６１－９"],"3111516":[8,"鉾田市","新鉾田"],"3111263":[8,"ひたちなか市","和尚塚"],"3110121":[8,"那珂市","戸崎"],"3113131":[8,"東茨城郡茨城町","小堤"],"3114195":[8,"水戸市","木葉下町","富士山２９２－２９"],"3110115":[8,"那珂市","西木倉"],"3114315":[8,"東茨城郡城里町","上古内"],"3112214":[8,"鹿嶋市","棚木"],"3111714":[8,"行方市","南高岡"],"3113404":[8,"小美玉市","飯前"],"3113123":[8,"東茨城郡茨城町","若宮"],"3112221":[8,"鹿嶋市","荒野"],"3111266":[8,"ひたちなか市","船窪"],"3114198":[8,"水戸市","双葉台","３丁目３－１０"],"3113824":[8,"行方市","宇崎"],"3113513":[8,"行方市","手賀"],"3113141":[8,"東茨城郡茨城町","神谷"],"3112211":[8,"鹿嶋市","青塚"],"3111413":[8,"鉾田市","冷水"],"3113423":[8,"小美玉市","小川"],"3113502":[8,"行方市","若海"],"3110322":[8,"常陸太田市","常福地町"],"3110116":[8,"那珂市","上河内"],"3113814":[8,"行方市","天掛"],"3113133":[8,"東茨城郡茨城町","南島田"],"3111312":[8,"東茨城郡大洗町","神山町"],"3110404":[8,"日立市","下深荻町"],"3111234":[8,"ひたちなか市","峰後"],"3111245":[8,"ひたちなか市","館山"],"3112408":[8,"潮来市","洲崎"],"3111533":[8,"鉾田市","下冨田"],"3113832":[8,"行方市","麻生"],"3113417":[8,"小美玉市","倉数"],"3113506":[8,"行方市","八木蒔"],"3112440":[8,"潮来市","川尾"],"3113507":[8,"行方市","羽生"],"3114151":[8,"水戸市","姫子"],"3110503":[8,"常陸太田市","小妻町"],"3113811":[8,"行方市","四鹿"],"3113105":[8,"東茨城郡茨城町","蕎麦原"],"3110107":[8,"那珂市","額田南郷"],"3111251":[8,"ひたちなか市","山崎"],"3113511":[8,"行方市","玉造乙"],"3111412":[8,"鉾田市","玉田"],"3113135":[8,"東茨城郡茨城町","海老沢"],"3111206":[8,"ひたちなか市","西十三奉行"],"3113804":[8,"行方市","小高"],"3110111":[8,"那珂市","後台"],"3113821":[8,"行方市","蔵川"],"3111515":[8,"鉾田市","烟田"],"3114164":[8,"水戸市","谷津町"],"3111722":[8,"行方市","次木"],"3111703":[8,"行方市","成田"],"3112222":[8,"鹿嶋市","小山"],"3111135":[8,"水戸市","六反田町"],"3111215":[8,"ひたちなか市","東本町"],"3113827":[8,"行方市","石神"],"3111402":[8,"鉾田市","下太田"],"3114193":[8,"水戸市","赤塚","１丁目２０２９－１２１"],"3113437":[8,"小美玉市","東田中"],"3113412":[8,"小美玉市","川戸"],"3114163":[8,"水戸市","加倉井町"],"3114314":[8,"東茨城郡城里町","下古内"],"3114592":[8,"常陸大宮市","野口","３１９５"],"3111203":[8,"ひたちなか市","平磯町"],"3112409":[8,"潮来市","延方東"],"3111521":[8,"鉾田市","飯名"],"3112433":[8,"潮来市","堀之内"],"3111304":[8,"東茨城郡大洗町","和銅"],"3111233":[8,"ひたちなか市","堀川"],"3111223":[8,"ひたちなか市","栄町"],"3113516":[8,"行方市","井上藤井"],"3111121":[8,"水戸市","島田町"],"3113102":[8,"東茨城郡茨城町","南栗崎"],"3114405":[8,"東茨城郡城里町","上赤沢"],"3112493":[8,"潮来市","辻","６２６"],"3113116":[8,"東茨城郡茨城町","長岡"],"3113122":[8,"東茨城郡茨城町","上石崎"],"3114161":[8,"水戸市","全隈町"],"3110131":[8,"那珂市","北酒出"],"3111221":[8,"ひたちなか市","湊本町"],"3113815":[8,"行方市","新宮"],"3110108":[8,"那珂市","額田北郷"],"3110508":[8,"常陸太田市","大菅町"],"3111525":[8,"鉾田市","野友"],"3114202":[8,"水戸市","岩根町"],"3111528":[8,"鉾田市","当間"],"3114144":[8,"水戸市","開江町"],"3110321":[8,"常陸太田市","春友町"],"3114612":[8,"常陸大宮市","中居"],"3113893":[8,"行方市","麻生","１７００－６"],"3111534":[8,"鉾田市","鳥栖"],"3111711":[8,"行方市","吉川"],"3113101":[8,"東茨城郡茨城町","南川又"],"3113802":[8,"行方市","於下"],"3110105":[8,"那珂市","菅谷"],"3112403":[8,"潮来市","釜谷"],"3113823":[8,"行方市","白浜"],"3113107":[8,"東茨城郡茨城町","小鶴"],"3110325":[8,"常陸太田市","里野宮町"],"3111212":[8,"ひたちなか市","殿山町"],"3113833":[8,"行方市","富田"],"3110313":[8,"常陸太田市","西河内中町"],"3112201":[8,"鹿嶋市","大小志崎"],"3111716":[8,"行方市","北高岡"],"3111415":[8,"鉾田市","造谷"],"3112118":[8,"鉾田市","阿玉"],"3114207":[8,"水戸市","成沢町"],"3112103":[8,"鉾田市","汲上"],"3113134":[8,"東茨城郡茨城町","神宿"],"3110192":[8,"那珂市","福田","１８１９－５"],"3110125":[8,"那珂市","大内"],"3111536":[8,"鉾田市","大和田"],"3113155":[8,"東茨城郡茨城町","下土師"],"3111246":[8,"ひたちなか市","相金町"],"3113422":[8,"小美玉市","中延"],"3111426":[8,"鉾田市","樅山"],"3114155":[8,"水戸市","飯島町"],"3114333":[8,"東茨城郡城里町","高根"],"3111502":[8,"鉾田市","大戸"],"3113836":[8,"行方市","南"],"3111311":[8,"東茨城郡大洗町","大貫町"],"3114153":[8,"水戸市","河和田町"],"3113411":[8,"小美玉市","野田"],"3113125":[8,"東茨城郡茨城町","下石崎"],"3114302":[8,"東茨城郡城里町","那珂西"],"3111423":[8,"鉾田市","滝浜"],"3111133":[8,"水戸市","栗崎町"],"3111113":[8,"水戸市","平戸町"],"3110114":[8,"那珂市","東木倉"],"3110314":[8,"常陸太田市","西河内上町"],"3111514":[8,"鉾田市","安塚"],"3111303":[8,"東茨城郡大洗町","東光台"],"3114341":[8,"東茨城郡城里町","御前山"],"3113193":[8,"東茨城郡茨城町","桜の郷","２８０"],"3113434":[8,"小美玉市","栗又四ケ"],"3111593":[8,"鉾田市","鉾田","１３６７－３"],"3111518":[8,"鉾田市","新鉾田西"],"3114304":[8,"東茨城郡城里町","下青山"],"3111392":[8,"東茨城郡大洗町","磯浜町","６８８１－２７５"],"3112213":[8,"鹿嶋市","中"],"3112407":[8,"潮来市","下田"],"3112206":[8,"鹿嶋市","武井"],"3111122":[8,"水戸市","秋成町"],"3112435":[8,"潮来市","上戸"],"3112207":[8,"鹿嶋市","志崎"],"3114316":[8,"東茨城郡城里町","小坂"],"3114501":[8,"常陸大宮市","門井"],"3111527":[8,"鉾田市","借宿"],"3113435":[8,"小美玉市","田木谷"],"3110403":[8,"日立市","東河内町"],"3111252":[8,"ひたちなか市","部田野"],"3113512":[8,"行方市","玉造甲"],"3114617":[8,"常陸大宮市","上伊勢畑"],"3113405":[8,"小美玉市","上合"],"3113508":[8,"行方市","沖洲"],"3112203":[8,"鹿嶋市","浜津賀"],"3113503":[8,"行方市","捻木"],"3114312":[8,"東茨城郡城里町","磯野"],"3112412":[8,"潮来市","宮前"],"3111125":[8,"水戸市","大場町"],"3114321":[8,"東茨城郡城里町","粟"],"3111506":[8,"鉾田市","秋山"],"3111242":[8,"ひたちなか市","西赤坂"],"3113816":[8,"行方市","小牧"],"3113401":[8,"小美玉市","世楽"],"3110133":[8,"那珂市","鴻巣"],"3113113":[8,"東茨城郡茨城町","近藤"],"3113194":[8,"東茨城郡茨城町","大字長岡","３５４８"],"3110102":[8,"那珂市","向山"],"3112112":[8,"鉾田市","飯島"],"3111505":[8,"鉾田市","駒木根"],"3111592":[8,"鉾田市","鉾田","１４４４－１"],"3110110":[8,"那珂市","竹ノ内"],"3111411":[8,"鉾田市","荒地"],"3114165":[8,"水戸市","木葉下町"],"3114343":[8,"東茨城郡城里町","下阿野沢"],"3111235":[8,"ひたちなか市","田中後"],"3111307":[8,"東茨城郡大洗町","桜道"],"3111406":[8,"鉾田市","田崎"],"3111224":[8,"ひたちなか市","山ノ上町"],"3111134":[8,"水戸市","百合が丘町"],"3110504":[8,"常陸太田市","小中町"],"3110109":[8,"那珂市","額田東郷"],"3110507":[8,"常陸太田市","小菅町"],"3114196":[8,"水戸市","谷津町","１－４０"],"3113494":[8,"小美玉市","百里","１７０"],"3114145":[8,"水戸市","双葉台"],"3111204":[8,"ひたちなか市","平磯遠原町"],"3111393":[8,"東茨城郡大洗町","成田町","４００２"],"3111264":[8,"ひたちなか市","浅井内"],"3113138":[8,"東茨城郡茨城町","城之内"],"3112436":[8,"潮来市","牛堀"],"3113416":[8,"小美玉市","与沢"],"3113805":[8,"行方市","橋門"],"3110101":[8,"那珂市","本米崎"],"3113431":[8,"小美玉市","川中子"],"3114595":[8,"東茨城郡城里町","大字阿波山","１７６"],"3110501":[8,"常陸太田市","里川町"],"3112434":[8,"潮来市","島須"],"3114404":[8,"東茨城郡城里町","真端"],"3110118":[8,"那珂市","福田"],"3112402":[8,"潮来市","大生"],"3112417":[8,"潮来市","米島"],"3112424":[8,"潮来市","潮来"],"3114401":[8,"東茨城郡城里町","塩子"],"3113515":[8,"行方市","井上"],"3114141":[8,"水戸市","赤塚"],"3111404":[8,"鉾田市","沢尻"],"3112224":[8,"鹿嶋市","奈良毛"],"3111522":[8,"鉾田市","塔ケ崎"],"3111265":[8,"ひたちなか市","狢谷津"],"3113426":[8,"小美玉市","下馬場"],"3110113":[8,"那珂市","中台"],"3112102":[8,"鉾田市","台濁沢"],"3111517":[8,"鉾田市","鉾田"],"3111112":[8,"水戸市","川又町"],"3111231":[8,"ひたちなか市","柳沢"],"3111524":[8,"鉾田市","高田"],"3112205":[8,"鹿嶋市","津賀"],"3114403":[8,"東茨城郡城里町","大網"],"3112212":[8,"鹿嶋市","角折"],"3111229":[8,"ひたちなか市","湊中央"],"3111701":[8,"行方市","長野江"],"3110122":[8,"那珂市","戸"],"3112426":[8,"潮来市","大塚野"],"3111724":[8,"行方市","小貫"],"3110136":[8,"那珂市","門部"],"3111201":[8,"ひたちなか市","阿字ケ浦町"],"3111248":[8,"ひたちなか市","田宮原"],"3111416":[8,"鉾田市","鹿田"],"3111513":[8,"鉾田市","大竹"],"3114142":[8,"水戸市","東赤塚"],"3112117":[8,"鉾田市","大蔵"],"3110324":[8,"常陸太田市","白羽町"],"3111218":[8,"ひたちなか市","富士ノ上"],"3113415":[8,"小美玉市","百里"],"3111712":[8,"行方市","繁昌"],"3110126":[8,"那珂市","下江戸"],"3114411":[9,"芳賀郡茂木町","桧山"],"3113154":[8,"東茨城郡茨城町","下飯沼"],"3113493":[8,"小美玉市","上玉里","２２２１"],"3114208":[8,"水戸市","藤が原"],"3111205":[8,"ひたちなか市","十三奉行"],"3110505":[8,"常陸太田市","大中町"],"3111236":[8,"ひたちなか市","国神前"],"3113817":[8,"行方市","板峰"],"3110117":[8,"那珂市","豊喰"],"3112111":[8,"鉾田市","上沢"],"3114613":[8,"常陸大宮市","長倉"],"3111500":[8,"鉾田市",""],"3113406":[8,"小美玉市","下吉影"],"3112418":[8,"潮来市","徳島"],"3111302":[8,"東茨城郡大洗町","磯道"],"3111268":[8,"ひたちなか市","湊中原"],"3112442":[8,"潮来市","小泉"],"3112113":[8,"鉾田市","上幡木"],"3113822":[8,"行方市","岡"],"3110132":[8,"那珂市","南酒出"],"3111531":[8,"鉾田市","菅野谷"],"3111261":[8,"ひたちなか市","鶴代"],"3113156":[8,"東茨城郡茨城町","奥谷"],"3111244":[8,"ひたちなか市","南神敷台"],"3111526":[8,"鉾田市","半原"],"3113436":[8,"小美玉市","上玉里"],"3111704":[8,"行方市","山田"],"3111132":[8,"水戸市","東前町"],"3111401":[8,"鉾田市","箕輪"],"3113157":[8,"東茨城郡茨城町","小幡"],"3114306":[8,"東茨城郡城里町","春園"],"3114618":[8,"常陸大宮市","野田"],"3114344":[8,"東茨城郡城里町","阿波山"],"3113402":[8,"小美玉市","佐才"],"3114407":[8,"東茨城郡城里町","徳蔵"],"3112437":[8,"潮来市","永山"],"3111721":[8,"行方市","両宿"],"3111301":[8,"東茨城郡大洗町","磯浜町"],"3112423":[8,"潮来市","日の出"],"3114615":[8,"常陸大宮市","下伊勢畑"],"3111792":[8,"行方市","山田","２５６４－１０"],"3111306":[8,"東茨城郡大洗町","五反田"],"3112422":[8,"潮来市","大洲"],"3112101":[8,"鉾田市","青山"],"3112431":[8,"潮来市","清水"],"3114204":[8,"水戸市","田谷町"],"3110312":[8,"常陸太田市","西河内下町"],"3110506":[8,"常陸太田市","折橋町"],"3113504":[8,"行方市","谷島"],"3111253":[8,"ひたちなか市","小谷金"],"3113151":[8,"東茨城郡茨城町","木部"],"3113117":[8,"東茨城郡茨城町","桜の郷"],"3113147":[8,"東茨城郡茨城町","秋葉"],"3114325":[8,"東茨城郡城里町","北方"],"3113421":[8,"小美玉市","宮田"],"3113104":[8,"東茨城郡茨城町","駒渡"],"3113501":[8,"行方市","芹沢"],"3114503":[8,"常陸大宮市","野口"],"3113834":[8,"行方市","粗毛"],"3112406":[8,"潮来市","新宮"],"3110103":[8,"那珂市","横堀"],"3114300":[8,"東茨城郡城里町",""],"3111713":[8,"行方市","中根"],"3111421":[8,"鉾田市","勝下新田"],"3111705":[8,"行方市","内宿"],"3113143":[8,"東茨城郡茨城町","生井沢"],"3113497":[8,"小美玉市","上玉里","２２３９－１"],"3114324":[8,"東茨城郡城里町","高久"],"3111225":[8,"ひたちなか市","釈迦町"],"3111217":[8,"ひたちなか市","富士ノ下"],"3113831":[8,"行方市","青沼"],"3113432":[8,"小美玉市","下玉里"],"3111427":[8,"鉾田市","常磐"],"3114402":[8,"東茨城郡城里町","小勝"],"3114391":[8,"東茨城郡城里町","大字石塚","１４２８－２５"],"3112495":[8,"潮来市","牛堀","１７"],"3113803":[8,"行方市","井貝"],"3114146":[8,"水戸市","中丸町"],"3113403":[8,"小美玉市","上吉影"],"3113100":[8,"東茨城郡茨城町",""],"3114342":[8,"東茨城郡城里町","上阿野沢"],"3111243":[8,"ひたちなか市","北神敷台"],"3113806":[8,"行方市","船子"],"3112416":[8,"潮来市","前川"],"3111405":[8,"鉾田市","上太田"],"3112202":[8,"鹿嶋市","武井釜"],"3113114":[8,"東茨城郡茨城町","大戸"],"3111247":[8,"ひたちなか市","四十発句"],"3112447":[8,"潮来市","曲松"],"3111425":[8,"鉾田市","湯坪"],"3112446":[8,"潮来市","須賀南"],"3114152":[8,"水戸市","河和田"],"3111115":[8,"水戸市","大串町"],"3112401":[8,"潮来市","大賀"],"3111213":[8,"ひたちなか市","牛久保"]}
