{"0861645":[1,"野付郡別海町","野付"],"0861072":[1,"標津郡中標津町","東三十二条北"],"0861045":[1,"標津郡中標津町","東五条北"],"0861622":[1,"標津郡標津町","茶志骨"],"0861602":[1,"標津郡標津町","伊茶仁"],"0861733":[1,"標津郡標津町","崎無異"],"0860212":[1,"野付郡別海町","別海鶴舞町"],"0861834":[1,"目梨郡羅臼町","礼文町"],"0861142":[1,"標津郡中標津町","大通南"],"0861081":[1,"標津郡中標津町","東四十一条南"],"0860065":[1,"根室市","西厚床"],"0861101":[1,"標津郡中標津町","西一条南"],"0860211":[1,"野付郡別海町","別海寿町"],"0861024":[1,"標津郡中標津町","東二十四条南"],"0860205":[1,"野付郡別海町","別海常盤町"],"0861147":[1,"標津郡中標津町","共立"],"0861125":[1,"標津郡中標津町","西五条北"],"0860061":[1,"根室市","明郷"],"0861128":[1,"標津郡中標津町","西八条北"],"0861657":[1,"標津郡標津町","南七条"],"0860654":[1,"野付郡別海町","中春別"],"0861102":[1,"標津郡中標津町","西二条南"],"0861035":[1,"標津郡中標津町","東三十五条南"],"0861652":[1,"標津郡標津町","南二条"],"0860203":[1,"野付郡別海町","別海西本町"],"0861061":[1,"標津郡中標津町","東二十一条北"],"0861638":[1,"標津郡標津町","北八条"],"0861001":[1,"標津郡中標津町","東一条南"],"0861083":[1,"標津郡中標津町","東中"],"0861049":[1,"標津郡中標津町","東九条北"],"0860063":[1,"根室市","東厚床"],"0861003":[1,"標津郡中標津町","東三条南"],"0861079":[1,"標津郡中標津町","東三十九条北"],"0861065":[1,"標津郡中標津町","東二十五条北"],"0861069":[1,"標津郡中標津町","東二十九条北"],"0861047":[1,"標津郡中標津町","東七条北"],"0861070":[1,"標津郡中標津町","東三十条北"],"0861842":[1,"目梨郡羅臼町","麻布町"],"0861106":[1,"標津郡中標津町","西六条南"],"0861843":[1,"目梨郡羅臼町","春日町"],"0861892":[1,"目梨郡羅臼町","栄町","１００番地の８３"],"0861126":[1,"標津郡中標津町","西六条北"],"0861111":[1,"標津郡中標津町","西十一条南"],"0861067":[1,"標津郡中標津町","東二十七条北"],"0861074":[1,"標津郡中標津町","東三十四条北"],"0861056":[1,"標津郡中標津町","東十六条北"],"0861654":[1,"標津郡標津町","南四条"],"0861814":[1,"目梨郡羅臼町","岬町"],"0861626":[1,"標津郡標津町","茶志骨"],"0860652":[1,"野付郡別海町","中春別南町"],"0860656":[1,"野付郡別海町","美原"],"0860215":[1,"野付郡別海町","別海川上町"],"0861641":[1,"野付郡別海町","尾岱沼"],"0861134":[1,"標津郡中標津町","西十四条北"],"0861030":[1,"標津郡中標津町","東三十条南"],"0861043":[1,"標津郡中標津町","東三条北"],"0861051":[1,"標津郡中標津町","東十一条北"],"0861805":[1,"目梨郡羅臼町","崩浜"],"0860651":[1,"野付郡別海町","中春別東町"],"0861044":[1,"標津郡中標津町","東四条北"],"0861058":[1,"標津郡中標津町","東十八条北"],"0861131":[1,"標津郡中標津町","西十一条北"],"0861018":[1,"標津郡中標津町","東十八条南"],"0861029":[1,"標津郡中標津町","東二十九条南"],"0861160":[1,"標津郡中標津町","りんどう町"],"0861656":[1,"標津郡標津町","南六条"],"0861752":[1,"目梨郡羅臼町","幌萌町"],"0860074":[1,"根室市","東梅"],"0861055":[1,"標津郡中標津町","東十五条北"],"0861632":[1,"標津郡標津町","北二条"],"0861037":[1,"標津郡中標津町","東三十七条南"],"0861132":[1,"標津郡中標津町","西十二条北"],"0861016":[1,"標津郡中標津町","東十六条南"],"0860214":[1,"野付郡別海町","別海緑町"],"0861145":[1,"標津郡中標津町","北中"],"0861732":[1,"標津郡標津町","薫別"],"0861816":[1,"目梨郡羅臼町","共栄町"],"0861156":[1,"標津郡中標津町","並美ケ丘"],"0861141":[1,"標津郡中標津町","大通北"],"0860200":[1,"野付郡別海町",""],"0861009":[1,"標津郡中標津町","東九条南"],"0861803":[1,"目梨郡羅臼町","船泊"],"0860346":[1,"野付郡別海町","矢臼別"],"0861076":[1,"標津郡中標津町","東三十六条北"],"0860076":[1,"根室市","初田牛"],"0861025":[1,"標津郡中標津町","東二十五条南"],"0861048":[1,"標津郡中標津町","東八条北"],"0861152":[1,"標津郡中標津町","北町"],"0861600":[1,"標津郡標津町",""],"0861822":[1,"目梨郡羅臼町","湯ノ沢町"],"0861013":[1,"標津郡中標津町","東十三条南"],"0861014":[1,"標津郡中標津町","東十四条南"],"0860522":[1,"野付郡別海町","本別海"],"0860071":[1,"根室市","槍昔"],"0860342":[1,"野付郡別海町","中西別朝日町"],"0861121":[1,"標津郡中標津町","西一条北"],"0861836":[1,"目梨郡羅臼町","知昭町"],"0861841":[1,"目梨郡羅臼町","八木浜町"],"0861143":[1,"標津郡中標津町","当幌本通"],"0861635":[1,"標津郡標津町","北五条"],"0861054":[1,"標津郡中標津町","東十四条北"],"0861634":[1,"標津郡標津町","北四条"],"0861812":[1,"目梨郡羅臼町","昆布浜"],"0861643":[1,"野付郡別海町","尾岱沼港町"],"0861002":[1,"標津郡中標津町","東二条南"],"0860655":[1,"野付郡別海町","床丹"],"0861042":[1,"標津郡中標津町","東二条北"],"0861007":[1,"標津郡中標津町","東七条南"],"0861032":[1,"標津郡中標津町","東三十二条南"],"0860064":[1,"根室市","厚床"],"0860081":[1,"厚岸郡浜中町","厚陽"],"0860344":[1,"野付郡別海町","中西別本町"],"0860072":[1,"根室市","川口"],"0861150":[1,"標津郡中標津町","南中"],"0861139":[1,"標津郡中標津町","豊岡"],"0861823":[1,"目梨郡羅臼町","栄町"],"0861272":[1,"標津郡中標津町","開陽"],"0861062":[1,"標津郡中標津町","東二十二条北"],"0861022":[1,"標津郡中標津町","東二十二条南"],"0861027":[1,"標津郡中標津町","東二十七条南"],"0861165":[1,"標津郡中標津町","緑町北"],"0861124":[1,"標津郡中標津町","西四条北"],"0861011":[1,"標津郡中標津町","東十一条南"],"0861105":[1,"標津郡中標津町","西五条南"],"0861163":[1,"標津郡中標津町","俵中"],"0861831":[1,"目梨郡羅臼町","富士見町"],"0861005":[1,"標津郡中標津町","東五条南"],"0861658":[1,"標津郡標津町","南八条"],"0860204":[1,"野付郡別海町","別海新栄町"],"0861651":[1,"標津郡標津町","南一条"],"0861130":[1,"標津郡中標津町","西十条北"],"0861100":[1,"標津郡中標津町",""],"0861036":[1,"標津郡中標津町","東三十六条南"],"0861127":[1,"標津郡中標津町","西七条北"],"0861833":[1,"目梨郡羅臼町","本町"],"0861066":[1,"標津郡中標津町","東二十六条北"],"0861034":[1,"標津郡中標津町","東三十四条南"],"0860343":[1,"野付郡別海町","中西別光町"],"0861148":[1,"標津郡中標津町","緑ケ丘"],"0861122":[1,"標津郡中標津町","西二条北"],"0860216":[1,"野付郡別海町","別海"],"0861082":[1,"標津郡中標津町","東四十二条南"],"0861633":[1,"標津郡標津町","北三条"],"0861020":[1,"標津郡中標津町","東二十条南"],"0861109":[1,"標津郡中標津町","西九条南"],"0861080":[1,"標津郡中標津町","東四十条南"],"0860657":[1,"野付郡別海町","豊原"],"0861644":[1,"野付郡別海町","尾岱沼潮見町"],"0861019":[1,"標津郡中標津町","東十九条南"],"0861653":[1,"標津郡標津町","南三条"],"0861137":[1,"標津郡中標津町","俵橋"],"0861801":[1,"目梨郡羅臼町","知床岬"],"0861052":[1,"標津郡中標津町","東十二条北"],"0861637":[1,"標津郡標津町","北七条"],"0861103":[1,"標津郡中標津町","西三条南"],"0861068":[1,"標津郡中標津町","東二十八条北"],"0861057":[1,"標津郡中標津町","東十七条北"],"0861060":[1,"標津郡中標津町","東二十条北"],"0861751":[1,"目梨郡羅臼町","峯浜町"],"0861039":[1,"標津郡中標津町","東三十九条南"],"0861655":[1,"標津郡標津町","南五条"],"0861077":[1,"標津郡中標津町","東三十七条北"],"0861804":[1,"目梨郡羅臼町","化石浜"],"0861073":[1,"標津郡中標津町","東三十三条北"],"0861046":[1,"標津郡中標津町","東六条北"],"0860521":[1,"野付郡別海町","床丹"],"0861059":[1,"標津郡中標津町","東十九条北"],"0861813":[1,"目梨郡羅臼町","北浜"],"0861071":[1,"標津郡中標津町","東三十一条北"],"0861273":[1,"標津郡中標津町","俣落"],"0861129":[1,"標津郡中標津町","西九条北"],"0861107":[1,"標津郡中標津町","西七条南"],"0861893":[1,"目梨郡羅臼町","船見町","２番地の１３"],"0861075":[1,"標津郡中標津町","東三十五条北"],"0861110":[1,"標津郡中標津町","西十条南"],"0861023":[1,"標津郡中標津町","東二十三条南"],"0861053":[1,"標津郡中標津町","東十三条北"],"0861630":[1,"標津郡標津町","北十条"],"0861621":[1,"標津郡標津町","茶志骨"],"0861623":[1,"標津郡標津町","茶志骨"],"0861642":[1,"野付郡別海町","尾岱沼岬町"],"0861004":[1,"標津郡中標津町","東四条南"],"0861166":[1,"標津郡中標津町","緑町南"],"0861026":[1,"標津郡中標津町","東二十六条南"],"0861006":[1,"標津郡中標津町","東六条南"],"0861112":[1,"標津郡中標津町","西十二条南"],"0861197":[1,"標津郡中標津町","丸山","２丁目２２番地"],"0861164":[1,"標津郡中標津町","丸山"],"0861625":[1,"標津郡標津町","茶志骨"],"0861015":[1,"標津郡中標津町","東十五条南"],"0861451":[1,"標津郡標津町","川北"],"0861636":[1,"標津郡標津町","北六条"],"0861017":[1,"標津郡中標津町","東十七条南"],"0860523":[1,"野付郡別海町","走古丹"],"0861135":[1,"標津郡中標津町","旭ケ丘"],"0860201":[1,"野付郡別海町","別海宮舞町"],"0861631":[1,"標津郡標津町","北一条"],"0861064":[1,"標津郡中標津町","東二十四条北"],"0860653":[1,"野付郡別海町","中春別西町"],"0861153":[1,"標津郡中標津町","桜ケ丘"],"0861159":[1,"標津郡中標津町","青葉台"],"0861136":[1,"標津郡中標津町","協和"],"0861146":[1,"標津郡中標津町","南町"],"0861806":[1,"目梨郡羅臼町","相泊"],"0860202":[1,"野付郡別海町","別海旭町"],"0861844":[1,"目梨郡羅臼町","幌萌町"],"0861133":[1,"標津郡中標津町","西十三条北"],"0860345":[1,"野付郡別海町","中西別"],"0861157":[1,"標津郡中標津町","西町"],"0861031":[1,"標津郡中標津町","東三十一条南"],"0861731":[1,"標津郡標津町","古多糠"],"0861108":[1,"標津郡中標津町","西八条南"],"0861033":[1,"標津郡中標津町","東三十三条南"],"0861144":[1,"標津郡中標津町","東当幌"],"0860131":[1,"野付郡別海町","上風連"],"0861151":[1,"標津郡中標津町","川西"],"0861815":[1,"目梨郡羅臼町","海岸町"],"0861821":[1,"目梨郡羅臼町","緑町"],"0861835":[1,"目梨郡羅臼町","松法町"],"0861802":[1,"目梨郡羅臼町","滝ノ下"],"0861601":[1,"標津郡標津町","忠類"],"0861008":[1,"標津郡中標津町","東八条南"],"0860075":[1,"根室市","別当賀"],"0861050":[1,"標津郡中標津町","東十条北"],"0861104":[1,"標津郡中標津町","西四条南"],"0861041":[1,"標津郡中標津町","東一条北"],"0861038":[1,"標津郡中標津町","東三十八条南"],"0861639":[1,"標津郡標津町","北九条"],"0861811":[1,"目梨郡羅臼町","瀬石"],"0860073":[1,"根室市","酪陽"],"0861832":[1,"目梨郡羅臼町","船見町"],"0860341":[1,"野付郡別海町","中西別緑町"],"0861010":[1,"標津郡中標津町","東十条南"],"0861271":[1,"標津郡中標津町","武佐"],"0861800":[1,"目梨郡羅臼町",""],"0861021":[1,"標津郡中標津町","東二十一条南"],"0860213":[1,"野付郡別海町","奥行"],"0860062":[1,"根室市","湖南"],"0861078":[1,"標津郡中標津町","東三十八条北"],"0861012":[1,"標津郡中標津町","東十二条南"],"0861063":[1,"標津郡中標津町","東二十三条北"],"0861123":[1,"標津郡中標津町","西三条北"],"0861028":[1,"標津郡中標津町","東二十八条南"]}
