{"4050054":[19,"笛吹市","一宮町千米寺"],"4050078":[19,"笛吹市","一宮町田中"],"4050055":[19,"笛吹市","一宮町地蔵堂"],"4050079":[19,"笛吹市","一宮町金田"],"4050077":[19,"笛吹市","一宮町坪井"],"4058577":[19,"笛吹市","一宮町市之蔵","７０７"],"4050048":[19,"山梨市","切差"],"4050007":[19,"山梨市","七日市場"],"4050053":[19,"笛吹市","一宮町中尾"],"4050052":[19,"笛吹市","一宮町南野呂"],"4050005":[19,"山梨市","小原東"],"4050034":[19,"山梨市","上岩下"],"4050006":[19,"山梨市","小原西"],"4050016":[19,"山梨市","大野"],"4050066":[19,"笛吹市","一宮町神沢"],"4050069":[19,"笛吹市","一宮町東新居"],"4050018":[19,"山梨市","上神内川"],"4058555":[19,"笛吹市","一宮町末木","８０７－６"],"4050042":[19,"山梨市","南"],"4050002":[19,"山梨市","東"],"4058585":[19,"山梨市","上神内川","７３８"],"4050072":[19,"笛吹市","一宮町本都塚"],"4050033":[19,"山梨市","落合"],"4050031":[19,"山梨市","万力"],"4050001":[19,"山梨市","西"],"4050071":[19,"笛吹市","一宮町北都塚"],"4050004":[19,"山梨市","上之割"],"4058501":[19,"山梨市","小原西","９５５"],"4050000":[19,"山梨市",""],"4050075":[19,"笛吹市","一宮町橋立"],"4050059":[19,"笛吹市","一宮町上矢作"],"4050014":[19,"山梨市","上石森"],"4050047":[19,"山梨市","水口"],"4050041":[19,"山梨市","北"],"4050076":[19,"笛吹市","一宮町竹原田"],"4050036":[19,"山梨市","矢坪"],"4050035":[19,"山梨市","山根"],"4050044":[19,"山梨市","市川"],"4050024":[19,"山梨市","歌田"],"4050023":[19,"山梨市","下栗原"],"4050061":[19,"笛吹市","一宮町石"],"4050003":[19,"山梨市","下井尻"],"4050032":[19,"山梨市","正徳寺"],"4050058":[19,"笛吹市","一宮町小城"],"4050065":[19,"笛吹市","一宮町新巻"],"4050022":[19,"山梨市","上栗原"],"4050056":[19,"笛吹市","一宮町一ノ宮"],"4050043":[19,"山梨市","江曽原"],"4050063":[19,"笛吹市","一宮町市之蔵"],"4050045":[19,"山梨市","大工"],"4050074":[19,"笛吹市","一宮町国分"],"4050073":[19,"笛吹市","一宮町末木"],"4050057":[19,"笛吹市","一宮町下矢作"],"4050068":[19,"笛吹市","一宮町狐新居"],"4050017":[19,"山梨市","下神内川"],"4050011":[19,"山梨市","三ケ所"],"4050046":[19,"山梨市","堀内"],"4050064":[19,"笛吹市","一宮町塩田"],"4050062":[19,"笛吹市","一宮町金沢"],"4050015":[19,"山梨市","下石森"],"4050012":[19,"山梨市","東後屋敷"],"4050067":[19,"笛吹市","一宮町土塚"],"4050025":[19,"山梨市","一町田中"],"4050051":[19,"笛吹市","一宮町北野呂"],"4050021":[19,"山梨市","中村"],"4050013":[19,"山梨市","鴨居寺"]}
