{"3780313":[10,"沼田市","利根町日影南郷"],"3780408":[10,"利根郡片品村","花咲"],"3780026":[10,"沼田市","上川田町"],"3780035":[10,"沼田市","井土上町"],"3780304":[10,"沼田市","利根町大楊"],"3780075":[10,"沼田市","奈良町"],"3780071":[10,"沼田市","上発知町"],"3780124":[10,"沼田市","白沢町尾合"],"3780114":[10,"利根郡川場村","天神"],"3780112":[10,"利根郡川場村","立岩"],"3780033":[10,"沼田市","白岩町"],"3780024":[10,"沼田市","下川田町"],"3780311":[10,"沼田市","利根町小松"],"3780301":[10,"沼田市","利根町平川"],"3780325":[10,"沼田市","利根町輪組"],"3780415":[10,"利根郡片品村","鎌田"],"3780074":[10,"沼田市","下発知町"],"3780055":[10,"沼田市","柳町"],"3780014":[10,"沼田市","栄町"],"3780077":[10,"沼田市","石墨町"],"3780044":[10,"沼田市","下之町"],"3780412":[10,"利根郡片品村","土出"],"3780312":[10,"沼田市","利根町根利"],"3780103":[10,"利根郡川場村","中野"],"3780101":[10,"利根郡川場村","谷地"],"3780127":[10,"沼田市","白沢町下古語父"],"3780321":[10,"沼田市","利根町高戸谷"],"3780411":[10,"利根郡片品村","戸倉"],"3780018":[10,"沼田市","鍛冶町"],"3780404":[10,"利根郡片品村","築地"],"3780025":[10,"沼田市","今井町"],"3780073":[10,"沼田市","発知新田町"],"3788501":[10,"沼田市","西倉内町","７８０番地"],"3780051":[10,"沼田市","上原町"],"3780322":[10,"沼田市","利根町老神"],"3780409":[10,"利根郡片品村","針山"],"3780052":[10,"沼田市","桜町"],"3780305":[10,"沼田市","利根町穴原"],"3780125":[10,"沼田市","白沢町平出"],"3780056":[10,"沼田市","高橋場町"],"3780062":[10,"沼田市","町田町"],"3780307":[10,"沼田市","利根町柿平"],"3780054":[10,"沼田市","西原新町"],"3780111":[10,"利根郡川場村","萩室"],"3780316":[10,"沼田市","利根町二本松"],"3780072":[10,"沼田市","中発知町"],"3780317":[10,"沼田市","利根町多那"],"3780048":[10,"沼田市","中町"],"3780065":[10,"沼田市","堀廻町"],"3780323":[10,"沼田市","利根町大原"],"3780413":[10,"利根郡片品村","越本"],"3780061":[10,"沼田市","岡谷町"],"3780401":[10,"利根郡片品村","須賀川"],"3780068":[10,"沼田市","宇楚井町"],"3780406":[10,"利根郡片品村","摺淵"],"3780000":[10,"沼田市",""],"3780034":[10,"沼田市","恩田町"],"3780042":[10,"沼田市","西倉内町"],"3780045":[10,"沼田市","材木町"],"3780403":[10,"利根郡片品村","菅沼"],"3780078":[10,"沼田市","佐山町"],"3780122":[10,"沼田市","白沢町生枝"],"3780022":[10,"沼田市","屋形原町"],"3780013":[10,"沼田市","新町"],"3780303":[10,"沼田市","利根町追貝"],"3780012":[10,"沼田市","沼須町"],"3780067":[10,"沼田市","大釜町"],"3780031":[10,"沼田市","薄根町"],"3780066":[10,"沼田市","原町"],"3780041":[10,"沼田市","榛名町"],"3780017":[10,"沼田市","坊新田町"],"3780102":[10,"利根郡川場村","川場湯原"],"3780306":[10,"沼田市","利根町日向南郷"],"3780004":[10,"沼田市","下久屋町"],"3780326":[10,"沼田市","利根町石戸新田"],"3780001":[10,"沼田市","戸神町"],"3780121":[10,"沼田市","白沢町高平"],"3780053":[10,"沼田市","東原新町"],"3780015":[10,"沼田市","戸鹿野町"],"3780047":[10,"沼田市","上之町"],"3780315":[10,"沼田市","利根町砂川"],"3780021":[10,"沼田市","岩本町"],"3780113":[10,"利根郡川場村","生品"],"3780016":[10,"沼田市","清水町"],"3780115":[10,"利根郡川場村","門前"],"3780046":[10,"沼田市","馬喰町"],"3780402":[10,"利根郡片品村","御座入"],"3780498":[10,"利根郡片品村","大字鎌田","３９６７－３"],"3780314":[10,"沼田市","利根町青木"],"3780302":[10,"沼田市","利根町千鳥"],"3780324":[10,"沼田市","利根町園原"],"3780002":[10,"沼田市","横塚町"],"3780064":[10,"沼田市","善桂寺町"],"3780407":[10,"利根郡片品村","幡谷"],"3780400":[10,"利根郡片品村",""],"3780011":[10,"沼田市","上沼須町"],"3780005":[10,"沼田市","久屋原町"],"3780043":[10,"沼田市","東倉内町"],"3780105":[10,"利根郡川場村","小田川"],"3780405":[10,"利根郡片品村","下平"],"3780123":[10,"沼田市","白沢町岩室"],"3780126":[10,"沼田市","白沢町上古語父"],"3780003":[10,"沼田市","上久屋町"],"3780023":[10,"沼田市","篠尾町"],"3780100":[10,"利根郡川場村",""],"3780032":[10,"沼田市","硯田町"],"3780076":[10,"沼田市","秋塚町"],"3780414":[10,"利根郡片品村","東小川"],"3780104":[10,"利根郡川場村","太田川"],"3780063":[10,"沼田市","下沼田町"]}
