{"1968686":[13,"昭島市","拝島町","３９７５－１８"],"1960012":[13,"昭島市","つつじが丘"],"1968666":[13,"昭島市","松原町","３丁目９－１２"],"1960013":[13,"昭島市","大神町"],"1968601":[13,"昭島市","拝島町","４０１７番地３"],"1968611":[13,"昭島市","松原町","３丁目２－１２"],"1968550":[13,"昭島市","宮沢町","５１２"],"1968558":[13,"昭島市","武蔵野","３丁目１－２"],"1960024":[13,"昭島市","宮沢町"],"1960034":[13,"昭島市","玉川町"],"1960031":[13,"昭島市","福島町"],"1960014":[13,"昭島市","田中町"],"1960003":[13,"昭島市","松原町"],"1968555":[13,"昭島市","武蔵野","３丁目１－１"],"1960021":[13,"昭島市","武蔵野"],"1968585":[13,"昭島市","拝島町","３９２８番地３"],"1968501":[13,"昭島市","武蔵野","３丁目９－１８"],"1968511":[13,"昭島市","田中町","１丁目１７－１"],"1968522":[13,"昭島市","田中町","６００"],"1968510":[13,"昭島市","武蔵野","３丁目３－１"],"1960002":[13,"昭島市","拝島町"],"1960015":[13,"昭島市","昭和町"],"1960025":[13,"昭島市","朝日町"],"1960000":[13,"昭島市",""],"1960022":[13,"昭島市","中神町"],"1968588":[13,"昭島市","福島町","３丁目１２－８"],"1960023":[13,"昭島市","築地町"],"1960004":[13,"昭島市","緑町"],"1960033":[13,"昭島市","東町"],"1960032":[13,"昭島市","郷地町"],"1960011":[13,"昭島市","上川原町"],"1960001":[13,"昭島市","美堀町"],"1968668":[13,"昭島市","つつじが丘","１丁目１－１１０"]}
