{"0750162":[1,"芦別市","東頼城町"],"0750001":[1,"芦別市","北一条西"],"0750253":[1,"芦別市","豊岡町"],"0750007":[1,"芦別市","北七条西"],"0750251":[1,"芦別市","新城町"],"0750163":[1,"芦別市","緑泉町"],"0750003":[1,"芦別市","北三条西"],"0750033":[1,"芦別市","南三条東"],"0758501":[1,"芦別市","本町","１４番地"],"0758711":[1,"芦別市","北一条東","１丁目３番地"],"0750021":[1,"芦別市","南一条西"],"0750252":[1,"芦別市","黄金町"],"0750166":[1,"芦別市","川岸"],"0750011":[1,"芦別市","北一条東"],"0750018":[1,"芦別市","常磐町"],"0750034":[1,"芦別市","幌内"],"0750164":[1,"芦別市","頼城町"],"0750002":[1,"芦別市","北二条西"],"0750032":[1,"芦別市","南二条東"],"0750035":[1,"芦別市","旭町油谷"],"0750031":[1,"芦別市","南一条東"],"0750254":[1,"芦別市","豊岡"],"0750013":[1,"芦別市","北三条東"],"0750014":[1,"芦別市","北四条東"],"0750017":[1,"芦別市","福住町"],"0750006":[1,"芦別市","北六条西"],"0750012":[1,"芦別市","北二条東"],"0750015":[1,"芦別市","北五条東"],"0750016":[1,"芦別市","北六条東"],"0750019":[1,"芦別市","高根町"],"0750167":[1,"芦別市","中の丘町"],"0750165":[1,"芦別市","青木沢"],"0750004":[1,"芦別市","北四条西"],"0750005":[1,"芦別市","北五条西"],"0750036":[1,"芦別市","旭町"],"0750000":[1,"芦別市",""],"0750041":[1,"芦別市","本町"],"0750161":[1,"芦別市","西芦別町"]}
