{"5040951":[21,"各務原市","那加日吉町"],"5040931":[21,"各務原市","大佐野町"],"5040963":[21,"各務原市","那加北栄町"],"5040006":[21,"各務原市","那加琴が丘町"],"5040009":[21,"各務原市","那加扇平"],"5040024":[21,"各務原市","那加幸町"],"5040044":[21,"各務原市","那加石山町"],"5040822":[21,"各務原市","蘇原栄町"],"5040815":[21,"各務原市","蘇原東栄町"],"5040934":[21,"各務原市","大野町"],"5040016":[21,"各務原市","那加御屋敷町"],"5040971":[21,"各務原市","川崎町"],"5040854":[21,"各務原市","蘇原野口町"],"5048710":[21,"各務原市","川崎町","１"],"5040944":[21,"各務原市","那加緑町"],"5040802":[21,"各務原市","蘇原持田町"],"5040833":[21,"各務原市","入会町"],"5040856":[21,"各務原市","蘇原島崎町"],"5040004":[21,"各務原市","尾崎西町"],"5040968":[21,"各務原市","那加西野町"],"5040913":[21,"各務原市","那加大東町"],"5040954":[21,"各務原市","那加栄町"],"5040957":[21,"各務原市","金属団地"],"5040835":[21,"各務原市","那加雄飛ケ丘町"],"5040021":[21,"各務原市","那加前洞新町"],"5040002":[21,"各務原市","尾崎北町"],"5040916":[21,"各務原市","那加楠町"],"5040813":[21,"各務原市","蘇原中央町"],"5040927":[21,"各務原市","上戸町"],"5040807":[21,"各務原市","蘇原清住町"],"5040959":[21,"各務原市","那加西浦町"],"5040015":[21,"各務原市","那加東野町"],"5040829":[21,"各務原市","蘇原希望町"],"5040816":[21,"各務原市","蘇原東島町"],"5040961":[21,"各務原市","那加新那加町"],"5040933":[21,"各務原市","神置町"],"5040964":[21,"各務原市","那加元町"],"5040836":[21,"各務原市","那加雲雀町"],"5040025":[21,"各務原市","那加野畑町"],"5040932":[21,"各務原市","下中屋町"],"5040045":[21,"各務原市","那加新田町"],"5040808":[21,"各務原市","蘇原飛鳥町"],"5040805":[21,"各務原市","蘇原昭栄町"],"5040935":[21,"各務原市","成清町"],"5040845":[21,"各務原市","蘇原申子町"],"5040902":[21,"各務原市","蘇原緑町"],"5040031":[21,"各務原市","那加兼橋町"],"5040036":[21,"各務原市","那加荒田町"],"5048555":[21,"各務原市","那加桜町","１丁目６９"],"5040907":[21,"各務原市","那加住吉町"],"5040843":[21,"各務原市","蘇原青雲町"],"5040841":[21,"各務原市","蘇原赤羽根町"],"5040042":[21,"各務原市","那加山後町"],"5040915":[21,"各務原市","三井山町"],"5040853":[21,"各務原市","蘇原熊田町"],"5040018":[21,"各務原市","那加西市場町"],"5040825":[21,"各務原市","蘇原柿沢町"],"5040838":[21,"各務原市","那加不動丘"],"5048701":[21,"各務原市","那加官有地無番地",""],"5040038":[21,"各務原市","那加大門町"],"5040821":[21,"各務原市","蘇原瑞雲町"],"5040827":[21,"各務原市","蘇原沢上町"],"5040911":[21,"各務原市","那加門前町"],"5040847":[21,"各務原市","蘇原大島町"],"5040923":[21,"各務原市","前渡西町"],"5040924":[21,"各務原市","下切町"],"5040823":[21,"各務原市","蘇原菊園町"],"5040912":[21,"各務原市","那加桜町"],"5040956":[21,"各務原市","三井北町"],"5040811":[21,"各務原市","蘇原和合町"],"5040904":[21,"各務原市","蘇原三柿野町"],"5040909":[21,"各務原市","那加信長町"],"5040967":[21,"各務原市","那加楽天地町"],"5040831":[21,"各務原市","蘇原瑞穂町"],"5040901":[21,"各務原市","那加東新町"],"5040033":[21,"各務原市","那加大谷町"],"5048511":[21,"各務原市","那加桐野町","５丁目６８"],"5040943":[21,"各務原市","那加萱場町"],"5040851":[21,"各務原市","蘇原伊吹町"],"5040941":[21,"各務原市","三井町"],"5040834":[21,"各務原市","那加昭南町"],"5040945":[21,"各務原市","那加日新町"],"5040005":[21,"各務原市","那加柄山町"],"5040958":[21,"各務原市","那加新加納町"],"5048501":[21,"各務原市","那加手力町","４１"],"5040921":[21,"各務原市","前渡北町"],"5040905":[21,"各務原市","蘇原六軒町"],"5040023":[21,"各務原市","那加太平町"],"5040861":[21,"各務原市","東山"],"5048585":[21,"各務原市","蘇原新生町","２丁目６３"],"5040003":[21,"各務原市","尾崎南町"],"5040803":[21,"各務原市","蘇原東門町"],"5040855":[21,"各務原市","蘇原新栄町"],"5040839":[21,"各務原市","那加巾下町"],"5040014":[21,"各務原市","那加山崎町"],"5040011":[21,"各務原市","那加北洞町"],"5040962":[21,"各務原市","那加吾妻町"],"5040001":[21,"各務原市","那加大洞"],"5040806":[21,"各務原市","蘇原外山町"],"5040012":[21,"各務原市","蘇原宮代町"],"5040032":[21,"各務原市","那加神田町"],"5040000":[21,"各務原市",""],"5040022":[21,"各務原市","那加東亜町"],"5040844":[21,"各務原市","蘇原吉新町"],"5040828":[21,"各務原市","蘇原村雨町"],"5040952":[21,"各務原市","那加西那加町"],"5048545":[21,"各務原市","那加東亜町","２４－１"],"5040809":[21,"各務原市","蘇原北陽町"],"5040965":[21,"各務原市","那加日之出町"],"5040814":[21,"各務原市","蘇原興亜町"],"5040812":[21,"各務原市","蘇原坂井町"],"5040017":[21,"各務原市","那加山下町"],"5048642":[21,"各務原市","蘇原興亜町","４丁目１"],"5040926":[21,"各務原市","上中屋町"],"5040043":[21,"各務原市","那加手力町"],"5040013":[21,"各務原市","蘇原宮塚町"],"5040928":[21,"各務原市","山脇町"],"5040026":[21,"各務原市","那加前野町"],"5040903":[21,"各務原市","蘇原月丘町"],"5040955":[21,"各務原市","那加南栄町"],"5040046":[21,"各務原市","那加長塚町"],"5040047":[21,"各務原市","那加岩地町"],"5048504":[21,"各務原市","那加桐野町","２丁目４３"],"5040914":[21,"各務原市","三井東町"],"5040925":[21,"各務原市","松本町"],"5040922":[21,"各務原市","前渡東町"],"5048551":[21,"各務原市","蘇原興亜町","５丁目１０"],"5040804":[21,"各務原市","蘇原新生町"],"5040906":[21,"各務原市","那加桐野外二ケ所大字入会地"],"5040801":[21,"各務原市","蘇原北山町"],"5040826":[21,"各務原市","蘇原早苗町"],"5040007":[21,"各務原市","那加芦原町"],"5040908":[21,"各務原市","那加織田町"],"5048702":[21,"各務原市","前渡東町","４丁目２２２番地"],"5040034":[21,"各務原市","那加浜見町"],"5040837":[21,"各務原市","那加甥田町"],"5040824":[21,"各務原市","蘇原旭町"],"5040041":[21,"各務原市","那加土山町"],"5040037":[21,"各務原市","那加五反田町"],"5040852":[21,"各務原市","蘇原古市場町"],"5040846":[21,"各務原市","蘇原吉野町"],"5040035":[21,"各務原市","那加宮浦町"],"5040942":[21,"各務原市","小佐野町"],"5040008":[21,"各務原市","那加桐野町"],"5040832":[21,"各務原市","蘇原花園町"],"5048601":[21,"各務原市","蘇原東島町","４丁目６番地２"],"5040953":[21,"各務原市","那加東那加町"],"5040842":[21,"各務原市","蘇原寺島町"],"5040966":[21,"各務原市","那加本町"]}
