{"4130021":[22,"熱海市","清水町"],"4130024":[22,"熱海市","和田町"],"4138505":[22,"熱海市","春日町","１３－１４"],"4130505":[22,"賀茂郡河津町","沢田"],"4130005":[22,"熱海市","春日町"],"4130703":[22,"下田市","荒増"],"4130292":[22,"伊東市","八幡野","１１５１"],"4138589":[22,"熱海市","伊豆山","８３７"],"4130032":[22,"熱海市","梅園町"],"4130013":[22,"熱海市","銀座町"],"4130501":[22,"賀茂郡河津町","梨本"],"4130502":[22,"賀茂郡河津町","川津筏場"],"4130301":[22,"賀茂郡東伊豆町","大川"],"4130713":[22,"下田市","加増野"],"4130004":[22,"熱海市","初島"],"4130037":[22,"熱海市","笹良ケ台町"],"4130027":[22,"熱海市","紅葉ガ丘町"],"4130233":[22,"伊東市","赤沢"],"4130515":[22,"賀茂郡河津町","谷津"],"4130001":[22,"熱海市","泉"],"4130025":[22,"熱海市","桜木町"],"4130000":[22,"熱海市",""],"4130293":[22,"伊東市","八幡野","１０２７"],"4130002":[22,"熱海市","伊豆山"],"4130715":[22,"下田市","宇土金"],"4130504":[22,"賀茂郡河津町","田中"],"4130003":[22,"熱海市","海光町"],"4130507":[22,"賀茂郡河津町","湯ケ野"],"4130111":[22,"伊東市","グリーンヒル別荘地"],"4130514":[22,"賀茂郡河津町","縄地"],"4130511":[22,"賀茂郡河津町","峰"],"4138530":[22,"熱海市","泉","１７－２"],"4130232":[22,"伊東市","八幡野"],"4130234":[22,"伊東市","池"],"4130705":[22,"下田市","箕作"],"4138611":[22,"熱海市","和田浜南町","３－９"],"4138555":[22,"熱海市","熱海","釜ケ根１９９３－２５０"],"4130035":[22,"熱海市","緑ガ丘町"],"4130011":[22,"熱海市","田原本町"],"4130704":[22,"下田市","椎原"],"4138511":[22,"熱海市","桃山町","２６－２"],"4130012":[22,"熱海市","東海岸町"],"4138567":[22,"熱海市","東海岸町","１３－１"],"4130042":[22,"熱海市","山手町"],"4130033":[22,"熱海市","熱海"],"4130500":[22,"賀茂郡河津町",""],"4138566":[22,"熱海市","西熱海町","１丁目２４－１"],"4130503":[22,"賀茂郡河津町","見高"],"4130016":[22,"熱海市","水口町"],"4138502":[22,"熱海市","上宿町","１４番１５号"],"4130701":[22,"下田市","落合"],"4130516":[22,"賀茂郡河津町","逆川"],"4130028":[22,"熱海市","桜町"],"4130300":[22,"賀茂郡東伊豆町",""],"4130015":[22,"熱海市","中央町"],"4130014":[22,"熱海市","渚町"],"4130038":[22,"熱海市","西熱海町"],"4130303":[22,"賀茂郡東伊豆町","片瀬"],"4130513":[22,"賀茂郡河津町","浜"],"4130019":[22,"熱海市","咲見町"],"4130512":[22,"賀茂郡河津町","笹原"],"4130196":[22,"熱海市","網代","４００－１"],"4130712":[22,"下田市","横川"],"4130018":[22,"熱海市","上宿町"],"4130235":[22,"伊東市","大室高原"],"4130031":[22,"熱海市","林ガ丘町"],"4130508":[22,"賀茂郡河津町","小鍋"],"4130006":[22,"熱海市","桃山町"],"4138558":[22,"熱海市","田原本町","９－１"],"4130298":[22,"伊東市","八幡野","１１５１番地"],"4138618":[22,"熱海市","紅葉ガ丘町","１７－１４"],"4130493":[22,"賀茂郡東伊豆町","稲取","２１８５－１"],"4130716":[22,"下田市","須原"],"4130101":[22,"熱海市","上多賀"],"4130509":[22,"賀茂郡河津町","大鍋"],"4130029":[22,"熱海市","小嵐町"],"4130702":[22,"下田市","堀之内"],"4130411":[22,"賀茂郡東伊豆町","稲取"],"4130103":[22,"熱海市","網代"],"4130102":[22,"熱海市","下多賀"],"4138585":[22,"熱海市","桃山町","２６－１"],"4130026":[22,"熱海市","梅花町"],"4130039":[22,"熱海市","相の原町"],"4130506":[22,"賀茂郡河津町","下佐ケ野"],"4130023":[22,"熱海市","和田浜南町"],"4138550":[22,"熱海市","中央町","１－１"],"4130036":[22,"熱海市","日金町"],"4130017":[22,"熱海市","福道町"],"4130022":[22,"熱海市","昭和町"],"4138678":[22,"熱海市","東海岸町","１２－４０"],"4130711":[22,"下田市","相玉"],"4130302":[22,"賀茂郡東伊豆町","奈良本"],"4130714":[22,"下田市","北湯ケ野"],"4130231":[22,"伊東市","富戸"],"4130034":[22,"熱海市","西山町"],"4138560":[22,"熱海市","福道町","７－３０"],"4130492":[22,"賀茂郡東伊豆町","稲取","１６２４－１"],"4138626":[22,"熱海市","和田浜南町","１０－１"],"4138510":[22,"熱海市","泉","山下２７－１"],"4130041":[22,"熱海市","青葉町"],"4130304":[22,"賀茂郡東伊豆町","白田"]}
