{"2521134":[14,"綾瀬市","寺尾南"],"2521193":[14,"綾瀬市","早川","２７４３－１"],"2520813":[14,"藤沢市","亀井野"],"2521105":[14,"綾瀬市","蓼川"],"2520821":[14,"藤沢市","用田"],"2521101":[14,"綾瀬市","厚木航空基地"],"2521116":[14,"綾瀬市","落合北"],"2528501":[14,"藤沢市","土棚","８"],"2520816":[14,"藤沢市","遠藤"],"2520823":[14,"藤沢市","菖蒲沢"],"2521111":[14,"綾瀬市","上土棚北"],"2521107":[14,"綾瀬市","深谷中"],"2521123":[14,"綾瀬市","早川"],"2520811":[14,"藤沢市","桐原町"],"2521135":[14,"綾瀬市","寺尾釜田"],"2521103":[14,"綾瀬市","深谷"],"2528586":[14,"藤沢市","獺郷","１００８－１"],"2521112":[14,"綾瀬市","上土棚"],"2521108":[14,"綾瀬市","深谷上"],"2521125":[14,"綾瀬市","吉岡東"],"2520822":[14,"藤沢市","葛原"],"2520825":[14,"藤沢市","獺郷"],"2520805":[14,"藤沢市","円行"],"2521195":[14,"綾瀬市","深谷中","８丁目８番６号"],"2520826":[14,"藤沢市","宮原"],"2521126":[14,"綾瀬市","綾西"],"2528530":[14,"藤沢市","遠藤","４４１１"],"2520803":[14,"藤沢市","今田"],"2528520":[14,"藤沢市","遠藤","５３２２"],"2521102":[14,"綾瀬市","本蓼川"],"2520815":[14,"藤沢市","石川"],"2520807":[14,"藤沢市","下土棚"],"2521131":[14,"綾瀬市","寺尾北"],"2521133":[14,"綾瀬市","寺尾本町"],"2521106":[14,"綾瀬市","深谷南"],"2521124":[14,"綾瀬市","吉岡"],"2521121":[14,"綾瀬市","小園"],"2521115":[14,"綾瀬市","落合南"],"2521122":[14,"綾瀬市","小園南"],"2521104":[14,"綾瀬市","大上"],"2520824":[14,"藤沢市","打戻"],"2520801":[14,"藤沢市","長後"],"2521113":[14,"綾瀬市","上土棚中"],"2521132":[14,"綾瀬市","寺尾中"],"2521137":[14,"綾瀬市","寺尾台"],"2528510":[14,"藤沢市","亀井野","１８６６"],"2521192":[14,"綾瀬市","早川","５５０"],"2521100":[14,"綾瀬市",""],"2521136":[14,"綾瀬市","寺尾西"],"2521127":[14,"綾瀬市","早川城山"],"2520812":[14,"藤沢市","西俣野"],"2520804":[14,"藤沢市","湘南台"],"2520806":[14,"藤沢市","土棚"],"2521114":[14,"綾瀬市","上土棚南"],"2528588":[14,"藤沢市","桐原町","１番地"],"2520814":[14,"藤沢市","天神町"],"2520802":[14,"藤沢市","高倉"]}
