{"0791264":[1,"赤平市","茂尻旭町"],"0798588":[1,"旭川市","流通団地三条","５丁目７番地"],"0798509":[1,"旭川市","永山町","６丁目"],"0790315":[1,"空知郡奈井江町","高島"],"0790161":[1,"美唄市","光珠内拓北"],"0798519":[1,"旭川市","流通団地二条","３丁目"],"0790503":[1,"雨竜郡妹背牛町","３区"],"0791283":[1,"赤平市","平岸東町"],"0791266":[1,"赤平市","茂尻"],"0798415":[1,"旭川市","永山五条"],"0790192":[1,"美唄市","峰延町本町",""],"0798555":[1,"旭川市","永山二条","３丁目２－１６"],"0798655":[1,"旭川市","永山二条","６丁目"],"0798413":[1,"旭川市","永山三条"],"0791114":[1,"赤平市","若木町南"],"0798424":[1,"旭川市","永山十四条"],"0791573":[1,"富良野市","山部西２５線"],"0790510":[1,"雨竜郡妹背牛町","１０区"],"0790317":[1,"空知郡奈井江町","瑞穂"],"0791581":[1,"富良野市","山部東１２線"],"0798411":[1,"旭川市","永山一条"],"0792206":[1,"勇払郡占冠村","双珠別"],"0798501":[1,"旭川市","永山三条","２３丁目３"],"0798401":[1,"旭川市","秋月一条"],"0792403":[1,"空知郡南富良野町","幾寅"],"0792412":[1,"空知郡南富良野町","東幾寅"],"0790301":[1,"空知郡奈井江町","厳島"],"0790174":[1,"美唄市","峰延町本町"],"0791142":[1,"赤平市","東大町"],"0791124":[1,"赤平市","豊丘町"],"0791123":[1,"赤平市","東文京町"],"0791268":[1,"赤平市","茂尻元町北"],"0798420":[1,"旭川市","永山十条"],"0790271":[1,"美唄市","中村町南"],"0790313":[1,"空知郡奈井江町","本町"],"0791271":[1,"赤平市","百戸町北"],"0798417":[1,"旭川市","永山七条"],"0791113":[1,"赤平市","若木町東"],"0791121":[1,"赤平市","北文京町"],"0790311":[1,"空知郡奈井江町","大和"],"0790461":[1,"滝川市","江部乙町"],"0790505":[1,"雨竜郡妹背牛町","５区"],"0791396":[1,"芦別市","野花南町","１０００番地"],"0792204":[1,"勇払郡占冠村","中トマム"],"0791263":[1,"赤平市","茂尻本町"],"0790502":[1,"雨竜郡妹背牛町","２区"],"0791372":[1,"芦別市","野花南町"],"0791286":[1,"赤平市","平岸西町"],"0790166":[1,"美唄市","光珠内東山"],"0798516":[1,"旭川市","流通団地三条","５丁目"],"0790304":[1,"空知郡奈井江町","宮村"],"0791151":[1,"赤平市","宮下町"],"0798422":[1,"旭川市","永山十二条"],"0791131":[1,"赤平市","西豊里町"],"0798610":[1,"旭川市","永山六条","１９丁目"],"0792202":[1,"勇払郡占冠村","占冠"],"0790508":[1,"雨竜郡妹背牛町","８区"],"0792200":[1,"勇払郡占冠村",""],"0798403":[1,"旭川市","秋月三条"],"0790264":[1,"美唄市","日東町本町"],"0792551":[1,"空知郡南富良野町","落合"],"0791100":[1,"赤平市",""],"0791133":[1,"赤平市","豊里"],"0790261":[1,"美唄市","茶志内町"],"0791397":[1,"芦別市","上芦別町","２６－２３"],"0790300":[1,"空知郡奈井江町",""],"0792131":[1,"空知郡南富良野町","金山"],"0790392":[1,"空知郡奈井江町","字奈井江","１１番地"],"0791284":[1,"赤平市","平岸南町"],"0790462":[1,"滝川市","江部乙町西"],"0790500":[1,"雨竜郡妹背牛町",""],"0791141":[1,"赤平市","大町"],"0791371":[1,"芦別市","上芦別町"],"0798612":[1,"旭川市","永山六条","１９丁目"],"0791393":[1,"芦別市","上芦別町","１１８－１２２"],"0798418":[1,"旭川市","永山八条"],"0791154":[1,"赤平市","幸町"],"0798652":[1,"旭川市","流通団地一条","３丁目"],"0791143":[1,"赤平市","赤平"],"0791272":[1,"赤平市","百戸町東"],"0790394":[1,"空知郡奈井江町","字チャシュナイ","９８７番地"],"0798511":[1,"旭川市","永山町","８丁目３７－１"],"0790595":[1,"雨竜郡妹背牛町","字妹背牛","４９９番地の５"],"0790172":[1,"美唄市","峰延町東"],"0798585":[1,"旭川市","流通団地一条","１丁目３３番地の１"],"0790267":[1,"美唄市","茶志内町協和"],"0790176":[1,"美唄市","豊葦町"],"0790263":[1,"美唄市","日東町住吉"],"0790182":[1,"岩見沢市","峰延町"],"0798503":[1,"旭川市","永山一条","３丁目"],"0798653":[1,"旭川市","永山二条","１９丁目４番１０号"],"0790397":[1,"空知郡奈井江町","字奈井江","９５５－１"],"0798613":[1,"旭川市","永山六条","１９丁目"],"0798507":[1,"旭川市","永山十条","２丁目"],"0798441":[1,"旭川市","流通団地一条"],"0790198":[1,"美唄市","光珠内町東山",""],"0790272":[1,"美唄市","中村町中央"],"0792552":[1,"空知郡南富良野町","北落合"],"0790316":[1,"空知郡奈井江町","キナウスナイ"],"0798416":[1,"旭川市","永山六条"],"0792207":[1,"勇払郡占冠村","ニニウ"],"0791572":[1,"富良野市","山部西２０線"],"0790509":[1,"雨竜郡妹背牛町","９区"],"0791122":[1,"赤平市","西文京町"],"0791287":[1,"赤平市","平岸桂町"],"0798550":[1,"旭川市","永山三条","１２丁目"],"0791156":[1,"赤平市","住吉町"],"0798508":[1,"旭川市","永山町","３丁目１０２番地"],"0798656":[1,"旭川市","永山二条","１３丁目１番２８号"],"0792133":[1,"富良野市","東山"],"0790314":[1,"空知郡奈井江町","南町"],"0791571":[1,"富良野市","山部西１２線"],"0791262":[1,"赤平市","茂尻春日町"],"0791136":[1,"赤平市","本町"],"0798650":[1,"旭川市","流通団地一条","２丁目"],"0791281":[1,"赤平市","平岸新光町"],"0792201":[1,"勇払郡占冠村","中央"],"0790162":[1,"美唄市","光珠内北"],"0798502":[1,"旭川市","永山一条","４丁目１－３"],"0791274":[1,"赤平市","エルム町"],"0790167":[1,"美唄市","光珠内町南"],"0790265":[1,"美唄市","日東町富の郷"],"0790501":[1,"雨竜郡妹背牛町","１区"],"0791265":[1,"赤平市","茂尻新町"],"0792203":[1,"勇払郡占冠村","下トマム"],"0790506":[1,"雨竜郡妹背牛町","６区"],"0791144":[1,"赤平市","美園町"],"0790393":[1,"空知郡奈井江町","字奈井江町","１５０番地"],"0792205":[1,"勇払郡占冠村","上トマム"],"0790312":[1,"空知郡奈井江町","北町"],"0798421":[1,"旭川市","永山十一条"],"0792401":[1,"空知郡南富良野町","幾寅"],"0790274":[1,"美唄市","北美唄町"],"0792400":[1,"空知郡南富良野町",""],"0791153":[1,"赤平市","豊栄町"],"0791282":[1,"赤平市","平岸仲町"],"0798402":[1,"旭川市","秋月二条"],"0790177":[1,"美唄市","上美唄町"],"0790507":[1,"雨竜郡妹背牛町","７区"],"0798419":[1,"旭川市","永山九条"],"0790173":[1,"美唄市","峰延町公園"],"0790504":[1,"雨竜郡妹背牛町","４区"],"0798518":[1,"旭川市","流通団地二条","４丁目"],"0790306":[1,"空知郡奈井江町","東町"],"0791582":[1,"富良野市","山部東２０線"],"0798423":[1,"旭川市","永山十三条"],"0798412":[1,"旭川市","永山二条"],"0798444":[1,"旭川市","流通団地四条"],"0791561":[1,"富良野市","山部市街地"],"0792402":[1,"空知郡南富良野町","幾寅"],"0798513":[1,"旭川市","秋月二条","２丁目５番２２号"],"0791155":[1,"赤平市","昭和町"],"0790183":[1,"岩見沢市","大願町"],"0790273":[1,"美唄市","中村町北"],"0790511":[1,"雨竜郡妹背牛町","１１区"],"0791102":[1,"赤平市","幌岡町"],"0791134":[1,"赤平市","泉町"],"0798505":[1,"旭川市","永山七条","１６丁目"],"0790171":[1,"美唄市","光珠内中央"],"0790197":[1,"美唄市","字美唄","１６１０－１"],"0790593":[1,"雨竜郡妹背牛町","字妹背牛","３８２番地"],"0791181":[1,"砂川市","富平"],"0791111":[1,"赤平市","若木町北"],"0798431":[1,"旭川市","永山町"],"0790262":[1,"美唄市","日東町栄町"],"0791135":[1,"赤平市","錦町"],"0790592":[1,"雨竜郡妹背牛町","１区","１６"],"0791132":[1,"赤平市","東豊里町"],"0798442":[1,"旭川市","流通団地二条"],"0790175":[1,"美唄市","峰延町峰樺"],"0790463":[1,"滝川市","江部乙町東"],"0798651":[1,"旭川市","流通団地一条","３丁目"],"0790165":[1,"美唄市","光珠内上中の沢"],"0798611":[1,"旭川市","永山六条","１９丁目"],"0792132":[1,"空知郡南富良野町","下金山"],"0791261":[1,"赤平市","茂尻中央町南"],"0798414":[1,"旭川市","永山四条"],"0790305":[1,"空知郡奈井江町","茶志内"],"0790266":[1,"美唄市","茶志内町本町"],"0791152":[1,"赤平市","桜木町"],"0790302":[1,"空知郡奈井江町","白山"],"0791101":[1,"赤平市","共和町"],"0791273":[1,"赤平市","百戸町西"],"0792404":[1,"空知郡南富良野町","幾寅"],"0791267":[1,"赤平市","茂尻元町南"],"0791112":[1,"赤平市","若木町西"],"0798510":[1,"旭川市","永山町","７丁目"],"0790181":[1,"岩見沢市","岡山町"],"0798443":[1,"旭川市","流通団地三条"],"0792411":[1,"空知郡南富良野町","東鹿越"],"0791285":[1,"赤平市","平岸曙町"],"0790303":[1,"空知郡奈井江町","向ケ丘"],"0790164":[1,"美唄市","光珠内下中の沢"],"0798514":[1,"旭川市","流通団地二条","１丁目７番地"],"0791192":[1,"赤平市","泉町","４丁目１番地"]}
