{"1508373":[13,"渋谷区","渋谷","２丁目１７－５"],"1508355":[13,"渋谷区","神宮前","５丁目５３－６７コスモス青山"],"1500043":[13,"渋谷区","道玄坂"],"1508932":[13,"渋谷区","恵比寿","４丁目１－１８"],"1500031":[13,"渋谷区","桜丘町"],"1500013":[13,"渋谷区","恵比寿"],"1506024":[13,"渋谷区","恵比寿恵比寿ガーデンプレイス"],"1508327":[13,"渋谷区","渋谷","３丁目２９－１４"],"1508001":[13,"渋谷区","神南","２丁目２－１"],"1500032":[13,"渋谷区","鶯谷町"],"1506001":[13,"渋谷区","恵比寿恵比寿ガーデンプレイス"],"1508511":[13,"渋谷区","南平台町","５－６"],"1508015":[13,"渋谷区","道玄坂","１丁目３－２"],"1508322":[13,"渋谷区","神宮前","５丁目５３－６７コスモ青山"],"1508522":[13,"渋谷区","恵比寿","４丁目２０－１"],"1508319":[13,"渋谷区","渋谷","２丁目２４－１"],"1506011":[13,"渋谷区","恵比寿恵比寿ガーデンプレイス"],"1508545":[13,"渋谷区","渋谷","２丁目２２－３渋谷東口ビル１１Ｆ"],"1508902":[13,"渋谷区","渋谷","１丁目１－４"],"1508935":[13,"渋谷区","広尾","４丁目１－２２"],"1506033":[13,"渋谷区","恵比寿恵比寿ガーデンプレイス"],"1508502":[13,"渋谷区","恵比寿南","１丁目１１－１５海光ビル"],"1500045":[13,"渋谷区","神泉町"],"1506005":[13,"渋谷区","恵比寿恵比寿ガーデンプレイス"],"1508955":[13,"渋谷区","恵比寿南","２丁目１４－６"],"1506090":[13,"渋谷区","恵比寿恵比寿ガーデンプレイス"],"1508081":[13,"渋谷区","宇田川町","４１－１"],"1508530":[13,"渋谷区","渋谷","３丁目２５－１８渋谷ガーデンフロント"],"1508363":[13,"渋谷区","渋谷","１丁目１５－１２"],"1506008":[13,"渋谷区","恵比寿恵比寿ガーデンプレイス"],"1508360":[13,"渋谷区","渋谷","３丁目６－７"],"1508533":[13,"渋谷区","神泉町","８－１６渋谷ファーストプレイス内"],"1508306":[13,"渋谷区","宇田川町","１－１東京都渋谷区総合庁舎"],"1508307":[13,"渋谷区","渋谷","３丁目１－１"],"1508408":[13,"渋谷区","恵比寿","１丁目２０－８"],"1508384":[13,"渋谷区","神南","１丁目２１番１号日本生命ビル７Ｆ"],"1508923":[13,"渋谷区","神宮前","５丁目５３－１こどもの城１１階"],"1508585":[13,"渋谷区","松濤","２丁目２０－４"],"1508512":[13,"渋谷区","桜丘町","２６番１号"],"1506028":[13,"渋谷区","恵比寿恵比寿ガーデンプレイス"],"1508577":[13,"渋谷区","桜丘町","３１－１１ＮＳＷビル"],"1508301":[13,"渋谷区","宇田川町","１－１０渋谷地方合同庁舎"],"1500042":[13,"渋谷区","宇田川町"],"1508515":[13,"渋谷区","神山町","５－５"],"1500011":[13,"渋谷区","東"],"1506017":[13,"渋谷区","恵比寿恵比寿ガーデンプレイス"],"1500047":[13,"渋谷区","神山町"],"1500044":[13,"渋谷区","円山町"],"1508569":[13,"渋谷区","桜丘町","２０－１渋谷インフォスタワー１９Ｆ"],"1506007":[13,"渋谷区","恵比寿恵比寿ガーデンプレイス"],"1506013":[13,"渋谷区","恵比寿恵比寿ガーデンプレイス"],"1506034":[13,"渋谷区","恵比寿恵比寿ガーデンプレイス"],"1508587":[13,"渋谷区","恵比寿西","１丁目１９－６ＵＮパークビル４Ｆ"],"1506036":[13,"渋谷区","恵比寿恵比寿ガーデンプレイス"],"1506009":[13,"渋谷区","恵比寿恵比寿ガーデンプレイス"],"1506026":[13,"渋谷区","恵比寿恵比寿ガーデンプレイス"],"1506003":[13,"渋谷区","恵比寿恵比寿ガーデンプレイス"],"1508517":[13,"渋谷区","松濤","２丁目２０－６"],"1508555":[13,"渋谷区","神泉町","９－６明和地所渋谷神泉ビル"],"1508911":[13,"渋谷区","渋谷","３丁目１１－１２"],"1500035":[13,"渋谷区","鉢山町"],"1506021":[13,"渋谷区","恵比寿恵比寿ガーデンプレイス"],"1508514":[13,"渋谷区","猿楽町","３－７木下ビル５Ｆ"],"1508333":[13,"渋谷区","宇田川町","１－１０渋谷地方合同庁舎"],"1500036":[13,"渋谷区","南平台町"],"1506023":[13,"渋谷区","恵比寿恵比寿ガーデンプレイス"],"1506031":[13,"渋谷区","恵比寿恵比寿ガーデンプレイス"],"1508343":[13,"渋谷区","渋谷","２丁目１２－１９東建インターナショナルビル"],"1500000":[13,"渋谷区",""],"1506019":[13,"渋谷区","恵比寿恵比寿ガーデンプレイス"],"1500046":[13,"渋谷区","松濤"],"1508508":[13,"渋谷区","恵比寿南","１丁目５－５"],"1508345":[13,"渋谷区","桜丘町","１８－６"],"1508019":[13,"渋谷区","道玄坂","２丁目２４－１"],"1506004":[13,"渋谷区","恵比寿恵比寿ガーデンプレイス"],"1508338":[13,"渋谷区","渋谷","１丁目４－１３"],"1508324":[13,"渋谷区","渋谷","２丁目１２－９エスエル青山ビル"],"1506010":[13,"渋谷区","恵比寿恵比寿ガーデンプレイス"],"1500041":[13,"渋谷区","神南"],"1508325":[13,"渋谷区","渋谷","２丁目１６－１日石ビル９Ｆ"],"1500021":[13,"渋谷区","恵比寿西"],"1506014":[13,"渋谷区","恵比寿恵比寿ガーデンプレイス"],"1508010":[13,"渋谷区","宇田川町","１－１"],"1500033":[13,"渋谷区","猿楽町"],"1500012":[13,"渋谷区","広尾"],"1506020":[13,"渋谷区","恵比寿恵比寿ガーデンプレイス"],"1508550":[13,"渋谷区","渋谷","１丁目１０－１０ミヤマスタワーＢ１Ｆ"],"1508488":[13,"渋谷区","恵比寿","１丁目２８－１"],"1508516":[13,"渋谷区","神宮前","６丁目２７－８京セラ原宿ビル６Ｆ"],"1508451":[13,"渋谷区","東","３丁目１６－３エフ・ニッセイビル"],"1508505":[13,"渋谷区","南平台町","５－１日本たばこ渋谷ビル"],"1508673":[13,"渋谷区","渋谷","２丁目１７－５"],"1508303":[13,"渋谷区","神宮前","６丁目２７－８京セラ原宿ビル２Ｆ"],"1506002":[13,"渋谷区","恵比寿恵比寿ガーデンプレイス"],"1506039":[13,"渋谷区","恵比寿恵比寿ガーデンプレイス"],"1508440":[13,"渋谷区","東","４丁目１０－２８"],"1508409":[13,"渋谷区","神宮前","６丁目１２－１７"],"1508383":[13,"渋谷区","渋谷","３丁目３－１金王ビル"],"1508482":[13,"渋谷区","恵比寿","４丁目４－９大黒ビル"],"1508938":[13,"渋谷区","広尾","４丁目３－１"],"1508677":[13,"渋谷区","恵比寿","３丁目４３－２"],"1506035":[13,"渋谷区","恵比寿恵比寿ガーデンプレイス"],"1506016":[13,"渋谷区","恵比寿恵比寿ガーデンプレイス"],"1508385":[13,"渋谷区","宇田川町","１－１"],"1506025":[13,"渋谷区","恵比寿恵比寿ガーデンプレイス"],"1508412":[13,"渋谷区","神南","１丁目１０－１"],"1508328":[13,"渋谷区","宇田川町","４１－１"],"1508525":[13,"渋谷区","道玄坂","１丁目１２－１渋谷マークシティウェスト１５Ｆ"],"1508925":[13,"渋谷区","神宮前","５丁目５３－７０"],"1500002":[13,"渋谷区","渋谷"],"1508688":[13,"渋谷区","鉢山町","１５－５"],"1508377":[13,"渋谷区","宇田川町","１５－１"],"1508940":[13,"渋谷区","広尾","５丁目６－６"],"1508507":[13,"渋谷区","道玄坂","２丁目２４－１"],"1506030":[13,"渋谷区","恵比寿恵比寿ガーデンプレイス"],"1508350":[13,"渋谷区","渋谷","１丁目３－９"],"1508455":[13,"渋谷区","広尾","５丁目４－３"],"1508405":[13,"渋谷区","恵比寿","４丁目２０－２恵比寿ガーデンテラス弐番館内"],"1508315":[13,"渋谷区","渋谷","１丁目２－５"],"1508366":[13,"渋谷区","渋谷","４丁目４－２５"],"1506027":[13,"渋谷区","恵比寿恵比寿ガーデンプレイス"],"1508672":[13,"渋谷区","神宮前","１丁目２３－３０"],"1506006":[13,"渋谷区","恵比寿恵比寿ガーデンプレイス"],"1508326":[13,"渋谷区","渋谷","２丁目１５－１東邦生命ビル２７Ｆ"],"1508011":[13,"渋谷区","神宮前","６丁目２６－１"],"1506037":[13,"渋谷区","恵比寿恵比寿ガーデンプレイス"],"1508567":[13,"渋谷区","猿楽町","１０－１１ＮＲＳビル"],"1506015":[13,"渋谷区","恵比寿恵比寿ガーデンプレイス"],"1500034":[13,"渋谷区","代官山町"],"1508334":[13,"渋谷区","神南","１丁目１２－１"],"1500022":[13,"渋谷区","恵比寿南"],"1500001":[13,"渋谷区","神宮前"],"1508340":[13,"渋谷区","渋谷","１丁目１６－１４渋谷地下鉄ビル"],"1508563":[13,"渋谷区","南平台町","１６－２５養命酒ビル"],"1506012":[13,"渋谷区","恵比寿恵比寿ガーデンプレイス"],"1506029":[13,"渋谷区","恵比寿恵比寿ガーデンプレイス"],"1508402":[13,"渋谷区","広尾","１丁目１－３９恵比寿プライムスクエアタワー"],"1508503":[13,"渋谷区","渋谷","１丁目１５－９美竹ビル"],"1506022":[13,"渋谷区","恵比寿恵比寿ガーデンプレイス"],"1506038":[13,"渋谷区","恵比寿恵比寿ガーデンプレイス"],"1508586":[13,"渋谷区","恵比寿南","１丁目１５－１ＪＴ恵比寿南ビル"],"1506018":[13,"渋谷区","恵比寿恵比寿ガーデンプレイス"],"1506032":[13,"渋谷区","恵比寿恵比寿ガーデンプレイス"],"1508436":[13,"渋谷区","広尾","１丁目３－１８広尾オフィスビル"]}
