{"3870014":[20,"千曲市","打沢"],"3870017":[20,"千曲市","中"],"3870001":[20,"千曲市","雨宮"],"3870004":[20,"千曲市","倉科"],"3870024":[20,"千曲市","桑原"],"3878603":[20,"千曲市","大字雨宮","１８２５"],"3878561":[20,"千曲市","大字八幡","３２９７－２"],"3870003":[20,"千曲市","生萱"],"3870022":[20,"千曲市","野高場"],"3878503":[20,"千曲市","大字屋代","１４８０"],"3870023":[20,"千曲市","八幡"],"3870018":[20,"千曲市","新田"],"3870002":[20,"千曲市","土口"],"3878512":[20,"千曲市","大字杭瀬下","５８"],"3878521":[20,"千曲市","大字鋳物師屋","２００"],"3870012":[20,"千曲市","桜堂"],"3878601":[20,"千曲市","大字屋代","２４５１"],"3870011":[20,"千曲市","杭瀬下"],"3870013":[20,"千曲市","小島"],"3878501":[20,"千曲市","大字屋代","１０００"],"3878585":[20,"千曲市","大字寂蒔","８８０"],"3870006":[20,"千曲市","粟佐"],"3870000":[20,"千曲市",""],"3870005":[20,"千曲市","森"],"3870007":[20,"千曲市","屋代"],"3870015":[20,"千曲市","鋳物師屋"],"3878511":[20,"千曲市","大字杭瀬下","８４"],"3878555":[20,"千曲市","大字屋代","１３９３"],"3870016":[20,"千曲市","寂蒔"],"3870021":[20,"千曲市","稲荷山"],"3878502":[20,"千曲市","大字屋代","２１０４"]}
