{"1648588":[13,"中野区","中野","５丁目５－１１"],"1640013":[13,"中野区","弥生町"],"1648505":[13,"中野区","中野","５丁目６２－１"],"1640001":[13,"中野区","中野"],"1648656":[13,"中野区","中野","２丁目４－２５"],"1648512":[13,"中野区","中野","４丁目１－１"],"1648686":[13,"中野区","中野","２丁目１４－２２"],"1648611":[13,"中野区","弥生町","３丁目３５－１３"],"1648577":[13,"中野区","東中野","５丁目１－１"],"1648678":[13,"中野区","本町","２丁目９－５"],"1648701":[13,"中野区","中野","４丁目３－２"],"1640014":[13,"中野区","南台"],"1648541":[13,"中野区","中野","４丁目２２－１"],"1648503":[13,"中野区","中央","１丁目３８－１住友中野坂上ビル"],"1648585":[13,"中野区","中野","４丁目１１－１"],"1648666":[13,"中野区","弥生町","２丁目１４－２"],"1648522":[13,"中野区","中野","４丁目１５－９"],"1648567":[13,"中野区","東中野","３丁目１２－２"],"1648602":[13,"中野区","南台","５丁目２４－１５"],"1640000":[13,"中野区",""],"1648644":[13,"中野区","弥生町","１丁目１０－１"],"1640012":[13,"中野区","本町"],"1648550":[13,"中野区","東中野","３丁目１８－１１"],"1648617":[13,"中野区","弥生町","５丁目２５－１５"],"1648642":[13,"中野区","中野","４丁目１５－９"],"1640002":[13,"中野区","上高田"],"1640003":[13,"中野区","東中野"],"1648638":[13,"中野区","本町","６丁目３８－１"],"1648555":[13,"中野区","東中野","２丁目７－１４"],"1648725":[13,"中野区","本町","１丁目３２－２"],"1648620":[13,"中野区","本町","２丁目４６－２中野坂上セントラルビル"],"1648501":[13,"中野区","中野","４丁目８－１"],"1640011":[13,"中野区","中央"],"1648650":[13,"中野区","中央","１丁目２９－１５"],"1648504":[13,"中野区","本町","１丁目３２－４ハーモニーウィング５Ｆ"]}
