{"3030022":[8,"常総市","水海道淵頭町"],"3030004":[8,"常総市","水海道元町"],"3030021":[8,"常総市","水海道諏訪町"],"3030018":[8,"常総市","十花町"],"3030017":[8,"常総市","平町"],"3030006":[8,"常総市","小山戸町"],"3030013":[8,"常総市","箕輪町"],"3030001":[8,"常総市","中山町"],"3030034":[8,"常総市","水海道天満町"],"3030000":[8,"常総市",""],"3030033":[8,"常総市","水海道高野町"],"3030031":[8,"常総市","水海道山田町"],"3030014":[8,"常総市","兵町"],"3030023":[8,"常総市","水海道宝町"],"3030005":[8,"常総市","水海道森下町"],"3030026":[8,"常総市","水海道本町"],"3038501":[8,"常総市","水海道諏訪町","３２２２－３"],"3030012":[8,"常総市","大崎町"],"3030003":[8,"常総市","水海道橋本町"],"3030024":[8,"常総市","水海道栄町"],"3030046":[8,"常総市","内守谷町きぬの里"],"3030032":[8,"常総市","水海道川又町"],"3030043":[8,"常総市","内守谷町"],"3030016":[8,"常総市","新井木町"],"3030025":[8,"常総市","水海道亀岡町"],"3030044":[8,"常総市","菅生町"],"3030045":[8,"常総市","大塚戸町"],"3030015":[8,"常総市","長助町"],"3030041":[8,"常総市","豊岡町"],"3038503":[8,"常総市","坂手町","５５４０－１１"],"3030042":[8,"常総市","坂手町"],"3030002":[8,"常総市","相野谷町"],"3030011":[8,"常総市","東町"]}
