{"1120005":[13,"文京区","水道"],"1128556":[13,"文京区","春日","２丁目４－１"],"1120012":[13,"文京区","大塚"],"1128710":[13,"文京区","白山","５丁目１番３－１０１号東京富山会館７階"],"1128585":[13,"文京区","小日向","３丁目４－１４"],"1128570":[13,"文京区","後楽","１丁目４－１０"],"1128655":[13,"文京区","音羽","１丁目２１－１１"],"1128514":[13,"文京区","小石川","１丁目１２－１４－５Ｆ"],"1128670":[13,"文京区","関口","１丁目２０－１０"],"1128551":[13,"文京区","春日","１丁目１３－２７"],"1128506":[13,"文京区","小石川","３丁目１１－６"],"1128683":[13,"文京区","目白台","２丁目９－１３"],"1128557":[13,"文京区","春日","２丁目４－１大曲ビル"],"1120001":[13,"文京区","白山"],"1128682":[13,"文京区","目白台","１丁目２１－２"],"1128635":[13,"文京区","大塚","３丁目１６－１２"],"1128575":[13,"文京区","後楽","１丁目３－６１"],"1128515":[13,"文京区","後楽","２丁目１５－１"],"1128627":[13,"文京区","大塚","３丁目２８－７"],"1128528":[13,"文京区","小石川","１丁目２８－１"],"1128651":[13,"文京区","音羽","２丁目１０－２"],"1120006":[13,"文京区","小日向"],"1128634":[13,"文京区","大塚","３丁目２１－４"],"1128684":[13,"文京区","目白台","２丁目９－１３"],"1128702":[13,"新宿区","山吹町","３５０"],"1128642":[13,"文京区","大塚","３丁目５－１０"],"1128568":[13,"文京区","後楽","１丁目２－７"],"1128531":[13,"文京区","水道","１丁目３－３"],"1128668":[13,"文京区","関口","１丁目４４－１０"],"1128733":[13,"文京区","後楽","２丁目１５－１"],"1128512":[13,"文京区","小石川","５丁目２４－２１"],"1128611":[13,"文京区","白山","２丁目３６－５"],"1128516":[13,"文京区","小石川","５丁目１４－１４"],"1128088":[13,"文京区","小石川","４丁目６－１０"],"1128569":[13,"文京区","後楽","１丁目２－７"],"1128503":[13,"文京区","小石川","１丁目４－１"],"1120014":[13,"文京区","関口"],"1128533":[13,"文京区","水道","１丁目８番２号"],"1120015":[13,"文京区","目白台"],"1128555":[13,"文京区","春日","１丁目１６番２１号"],"1128511":[13,"文京区","小石川","２丁目５－７"],"1128667":[13,"文京区","関口","２丁目１０－８"],"1128629":[13,"文京区","大塚","１丁目５－９"],"1128654":[13,"文京区","音羽","１丁目２０－１１"],"1120004":[13,"文京区","後楽"],"1128572":[13,"文京区","後楽","１丁目７－２７"],"1128632":[13,"文京区","大塚","３丁目４－７"],"1128573":[13,"文京区","後楽","１丁目９－２０"],"1120013":[13,"文京区","音羽"],"1128601":[13,"文京区","白山","５丁目１６－６"],"1128701":[13,"文京区","後楽","１丁目４－１８"],"1120002":[13,"文京区","小石川"],"1128617":[13,"文京区","千石","１丁目６－１５"],"1120011":[13,"文京区","千石"],"1128612":[13,"文京区","白山","５丁目６－６"],"1128620":[13,"文京区","千石","２丁目３０－１２"],"1128538":[13,"文京区","水道","１丁目１５－１５"],"1128501":[13,"文京区","小石川","４丁目１４－１２"],"1128561":[13,"文京区","後楽","１丁目４－２７"],"1128618":[13,"文京区","千石","４丁目２２－１６"],"1128522":[13,"文京区","小石川","４丁目１９－２"],"1128678":[13,"文京区","関口","１丁目４７－１２"],"1128566":[13,"文京区","後楽","１丁目７－２７"],"1128610":[13,"文京区","大塚","２丁目１－１"],"1128548":[13,"文京区","春日","１丁目９－２６"],"1128540":[13,"文京区","水道","２丁目４－５"],"1128510":[13,"文京区","小石川","１丁目３－２１"],"1128625":[13,"文京区","大塚","１丁目２－１０"],"1128563":[13,"文京区","後楽","２丁目５－１"],"1128671":[13,"文京区","後楽","１丁目４－１０"],"1128562":[13,"文京区","後楽","１丁目３－６１"],"1128664":[13,"文京区","関口","２丁目１０－８"],"1120003":[13,"文京区","春日"],"1128633":[13,"文京区","大塚","３丁目９－１０"],"1128652":[13,"文京区","音羽","１丁目１７－１４"],"1128541":[13,"文京区","春日","２丁目１６－７"],"1128685":[13,"文京区","目白台","２丁目９－１３"],"1128677":[13,"文京区","関口","１丁目４５－１５"],"1128001":[13,"文京区","音羽","２丁目１２－２１"],"1128011":[13,"文京区","音羽","１丁目１６－６"],"1128662":[13,"文京区","音羽","１丁目１－１"],"1128644":[13,"文京区","大塚","４丁目４５－９"],"1128650":[13,"文京区","大塚","５丁目６－１５"],"1128582":[13,"文京区","後楽","２丁目５－１"],"1128576":[13,"文京区","後楽","２丁目２－８"],"1128660":[13,"文京区","音羽","２丁目１０－２"],"1128502":[13,"文京区","小石川","１丁目２１－１４"],"1128681":[13,"文京区","目白台","２丁目８－１"],"1128663":[13,"文京区","関口","２丁目３－３"],"1128580":[13,"文京区","後楽","１丁目２－１２"],"1128505":[13,"文京区","小石川","１丁目１５－１７"],"1128657":[13,"文京区","音羽","１丁目２６－１"],"1128622":[13,"文京区","千石","４丁目３７－２０"],"1128550":[13,"文京区","春日","１丁目１６－２１"],"1128509":[13,"文京区","小石川","５丁目２－７"],"1128607":[13,"文京区","白山","５丁目２８－２５"],"1128558":[13,"文京区","春日","１丁目４－５"],"1128524":[13,"文京区","小石川","１丁目１－１７とみん日生春日町ビル６Ｆ"],"1128606":[13,"文京区","白山","５丁目２８－２０"],"1128687":[13,"文京区","大塚","１丁目５－２"],"1128680":[13,"文京区","関口","２丁目１０－８"],"1120000":[13,"文京区",""]}
