{"1650032":[13,"中野区","鷺宮"],"1658780":[13,"中野区","野方","１丁目３４－１"],"1650022":[13,"中野区","江古田"],"1650024":[13,"中野区","松が丘"],"1650033":[13,"中野区","若宮"],"1658555":[13,"中野区","江原町","１丁目１３－２２"],"1650023":[13,"中野区","江原町"],"1650035":[13,"中野区","白鷺"],"1650021":[13,"中野区","丸山"],"1650025":[13,"中野区","沼袋"],"1650027":[13,"中野区","野方"],"1650034":[13,"中野区","大和町"],"1650031":[13,"中野区","上鷺宮"],"1650026":[13,"中野区","新井"]}
