{"2168502":[14,"川崎市宮前区","初山","１丁目２１－３１"],"2160034":[14,"川崎市宮前区","梶ケ谷"],"2168566":[14,"川崎市宮前区","有馬","２丁目９－４"],"2160033":[14,"川崎市宮前区","宮崎"],"2160004":[14,"川崎市宮前区","鷺沼"],"2168522":[14,"川崎市宮前区","水沢","１丁目１－１"],"2160014":[14,"川崎市宮前区","菅生ケ丘"],"2168570":[14,"川崎市宮前区","宮前平","２丁目２０－５"],"2160005":[14,"川崎市宮前区","土橋"],"2160007":[14,"川崎市宮前区","小台"],"2168556":[14,"川崎市宮前区","菅生","１丁目２０番８号"],"2160023":[14,"川崎市宮前区","けやき平"],"2160022":[14,"川崎市宮前区","平"],"2168519":[14,"川崎市宮前区","小台","１丁目１８－１"],"2160032":[14,"川崎市宮前区","神木"],"2160000":[14,"川崎市宮前区",""],"2160035":[14,"川崎市宮前区","馬絹"],"2160003":[14,"川崎市宮前区","有馬"],"2160002":[14,"川崎市宮前区","東有馬"],"2168505":[14,"川崎市宮前区","宮崎","１５６"],"2160021":[14,"川崎市宮前区","五所塚"],"2160006":[14,"川崎市宮前区","宮前平"],"2160024":[14,"川崎市宮前区","南平台"],"2160001":[14,"川崎市宮前区","野川"],"2168501":[14,"川崎市宮前区","菅生","２丁目８－１４"],"2160025":[14,"川崎市宮前区","白幡台"],"2160031":[14,"川崎市宮前区","神木本町"],"2160026":[14,"川崎市宮前区","初山"],"2160015":[14,"川崎市宮前区","菅生"],"2160011":[14,"川崎市宮前区","犬蔵"],"2168512":[14,"川崎市宮前区","菅生","２丁目１６－１"],"2160013":[14,"川崎市宮前区","潮見台"],"2168514":[14,"川崎市宮前区","菅生","２丁目１６－１"],"2168511":[14,"川崎市宮前区","菅生","２丁目１６－１"],"2160012":[14,"川崎市宮前区","水沢"],"2168510":[14,"川崎市宮前区","南平台","１－１"]}
