{"5250064":[25,"草津市","御倉町"],"5250011":[25,"草津市","片岡町"],"5250016":[25,"草津市","北大萱町"],"5258505":[25,"草津市","南笠町","新池１０２"],"5250005":[25,"草津市","志那町"],"5258566":[25,"草津市","野路町","１７８番地"],"5250053":[25,"草津市","矢倉"],"5250055":[25,"草津市","野路町"],"5258558":[25,"草津市","青地町","１０００"],"5250052":[25,"草津市","西矢倉"],"5250065":[25,"草津市","橋岡町"],"5250062":[25,"草津市","山田町"],"5250033":[25,"草津市","東草津"],"5250063":[25,"草津市","南山田町"],"5250041":[25,"草津市","青地町"],"5250003":[25,"草津市","長束町"],"5258555":[25,"草津市","野路東","２丁目３番１－２号"],"5258577":[25,"草津市","野路東","１丁目１番１号"],"5250002":[25,"草津市","芦浦町"],"5250015":[25,"草津市","集町"],"5250051":[25,"草津市","木川町"],"5250013":[25,"草津市","新堂町"],"5250061":[25,"草津市","北山田町"],"5250000":[25,"草津市",""],"5250072":[25,"草津市","笠山"],"5250021":[25,"草津市","川原"],"5250044":[25,"草津市","岡本町"],"5258502":[25,"草津市","桜ケ丘","５丁目１番５号"],"5258588":[25,"草津市","草津","３丁目１３－３０"],"5250045":[25,"草津市","若草"],"5250071":[25,"草津市","南笠東"],"5258525":[25,"草津市","草津","３丁目１４－７５"],"5258567":[25,"草津市","山寺町","４００"],"5250027":[25,"草津市","野村"],"5250034":[25,"草津市","草津"],"5250056":[25,"草津市","南笠町"],"5258522":[25,"草津市","馬場町","１２００－２２"],"5258585":[25,"草津市","矢橋町","１６６０"],"5258515":[25,"草津市","渋川","１丁目１０６０－２１"],"5250043":[25,"草津市","馬場町"],"5250042":[25,"草津市","山寺町"],"5250012":[25,"草津市","穴村町"],"5250037":[25,"草津市","西大路町"],"5250004":[25,"草津市","上寺町"],"5250059":[25,"草津市","野路"],"5250007":[25,"草津市","下寺町"],"5258511":[25,"草津市","南山田町","８５番地"],"5250035":[25,"草津市","西草津"],"5250057":[25,"草津市","桜ケ丘"],"5250032":[25,"草津市","大路"],"5250014":[25,"草津市","駒井沢町"],"5250006":[25,"草津市","志那中町"],"5258520":[25,"草津市","野路東","３丁目１－１"],"5258501":[25,"草津市","東草津","２丁目３－３８"],"5250058":[25,"草津市","野路東"],"5250029":[25,"草津市","下笠町"],"5250066":[25,"草津市","矢橋町"],"5258521":[25,"草津市","野村","３丁目４－１"],"5250028":[25,"草津市","上笠"],"5250054":[25,"草津市","東矢倉"],"5250036":[25,"草津市","草津町"],"5250031":[25,"草津市","若竹町"],"5250067":[25,"草津市","新浜町"],"5250026":[25,"草津市","渋川"],"5250023":[25,"草津市","平井"],"5250001":[25,"草津市","下物町"],"5250024":[25,"草津市","平井町"],"5250025":[25,"草津市","西渋川"],"5250022":[25,"草津市","川原町"],"5250046":[25,"草津市","追分町"]}
