{"3020107":[8,"守谷市","大木"],"3020024":[8,"取手市","新町"],"3020032":[8,"取手市","野々井"],"3020110":[8,"守谷市","百合ケ丘"],"3020038":[8,"取手市","下高井"],"3020014":[8,"取手市","中央町"],"3020031":[8,"取手市","新取手"],"3020035":[8,"取手市","上高井"],"3020037":[8,"取手市","市之代"],"3028501":[8,"取手市","白山","７丁目５－１"],"3020013":[8,"取手市","台宿"],"3020111":[8,"守谷市","赤法花"],"3028502":[8,"取手市","大字桑原","１８８－１"],"3020023":[8,"取手市","白山"],"3020109":[8,"守谷市","本町"],"3020022":[8,"取手市","本郷"],"3020198":[8,"守谷市","大柏","９５０－１"],"3020115":[8,"守谷市","守谷"],"3020105":[8,"守谷市","薬師台"],"3028585":[8,"取手市","寺田","５１３９"],"3020011":[8,"取手市","井野"],"3020000":[8,"取手市",""],"3020012":[8,"取手市","井野団地"],"3020108":[8,"守谷市","松並"],"3020003":[8,"取手市","小堀"],"3020116":[8,"守谷市","大柏"],"3020027":[8,"取手市","駒場"],"3020004":[8,"取手市","取手"],"3020006":[8,"取手市","青柳"],"3020025":[8,"取手市","西"],"3020118":[8,"守谷市","立沢"],"3020021":[8,"取手市","寺田"],"3020106":[8,"守谷市","緑"],"3020001":[8,"取手市","小文間"],"3020125":[8,"守谷市","高野"],"3020100":[8,"守谷市",""],"3020123":[8,"守谷市","乙子"],"3020124":[8,"守谷市","美園"],"3020005":[8,"取手市","東"],"3020026":[8,"取手市","稲"],"3020112":[8,"守谷市","同地"],"3020103":[8,"守谷市","大山新田"],"3020128":[8,"守谷市","けやき台"],"3020017":[8,"取手市","桑原"],"3020117":[8,"守谷市","野木崎"],"3020015":[8,"取手市","井野台"],"3020126":[8,"守谷市","鈴塚"],"3020034":[8,"取手市","戸頭"],"3020033":[8,"取手市","米ノ井"],"3020121":[8,"守谷市","みずき野"],"3020127":[8,"守谷市","松ケ丘"],"3020131":[8,"守谷市","ひがし野"],"3020016":[8,"取手市","中原町"],"3020101":[8,"守谷市","板戸井"],"3020036":[8,"取手市","貝塚"],"3020119":[8,"守谷市","御所ケ丘"],"3020192":[8,"守谷市","百合ケ丘","３丁目２４９－１"],"3020002":[8,"取手市","長兵衛新田"],"3020007":[8,"取手市","吉田"],"3020122":[8,"守谷市","小山"],"3020102":[8,"守谷市","松前台"],"3020104":[8,"守谷市","久保ケ丘"]}
