{"1870042":[13,"小平市","仲町"],"1878578":[13,"小平市","花小金井南町","２丁目８－４"],"1878503":[13,"小平市","小川東町","５丁目７－１０"],"1870043":[13,"小平市","学園東町"],"1870033":[13,"小平市","中島町"],"1878505":[13,"小平市","小川町","１丁目７３６"],"1878520":[13,"小平市","喜平町","２丁目２－１"],"1870044":[13,"小平市","喜平町"],"1870035":[13,"小平市","小川西町"],"1878558":[13,"小平市","喜平町","１丁目１０－７"],"1878533":[13,"小平市","花小金井","１丁目６－２０"],"1870002":[13,"小平市","花小金井"],"1878570":[13,"小平市","小川町","１丁目８３０"],"1878507":[13,"小平市","仲町","５２２"],"1878531":[13,"小平市","小川東町","３丁目１－１"],"1878701":[13,"小平市","小川町","２丁目１３３３"],"1870004":[13,"小平市","天神町"],"1870011":[13,"小平市","鈴木町"],"1878581":[13,"小平市","上水本町","２丁目１１－３０"],"1870022":[13,"小平市","上水本町"],"1878540":[13,"小平市","喜平町","２丁目１－２"],"1878502":[13,"小平市","小川東町","４丁目１－１"],"1878587":[13,"小平市","学園西町","１丁目２９－１"],"1870013":[13,"小平市","回田町"],"1870025":[13,"小平市","津田町"],"1870031":[13,"小平市","小川東町"],"1878588":[13,"小平市","上水本町","５丁目２０－１"],"1870041":[13,"小平市","美園町"],"1870023":[13,"小平市","上水新町"],"1870001":[13,"小平市","大沼町"],"1870034":[13,"小平市","栄町"],"1878560":[13,"小平市","小川町","１丁目７００"],"1878567":[13,"小平市","天神町","１丁目１６１"],"1878551":[13,"小平市","小川東町","４丁目１－１"],"1878577":[13,"小平市","津田町","２丁目１－１"],"1870032":[13,"小平市","小川町"],"1878510":[13,"小平市","天神町","２丁目４５０"],"1870021":[13,"小平市","上水南町"],"1878522":[13,"小平市","上水本町","５丁目２２－１"],"1878512":[13,"小平市","回田町","３９３"],"1878553":[13,"小平市","小川東町","４丁目１－１"],"1878585":[13,"小平市","小川西町","２丁目３５－１"],"1878555":[13,"小平市","小川町","２丁目１２６５－１"],"1870000":[13,"小平市",""],"1878518":[13,"小平市","小川町","２丁目１８２７"],"1870024":[13,"小平市","たかの台"],"1870012":[13,"小平市","御幸町"],"1878511":[13,"小平市","御幸町","３２"],"1870003":[13,"小平市","花小金井南町"],"1870045":[13,"小平市","学園西町"]}
