{"3400022":[11,"草加市","瀬崎町"],"3400161":[11,"幸手市","千塚"],"3400156":[11,"幸手市","南"],"3400111":[11,"幸手市","北"],"3408588":[11,"八潮市","中央","１丁目２－１"],"3400192":[11,"幸手市","東","４丁目６－８"],"3400215":[11,"北葛飾郡鷲宮町","栄"],"3400101":[11,"幸手市","外国府間"],"3400017":[11,"草加市","吉町"],"3400212":[11,"北葛飾郡鷲宮町","久本寺"],"3400000":[11,"草加市",""],"3400048":[11,"草加市","原町"],"3400801":[11,"八潮市","八條"],"3400002":[11,"草加市","青柳"],"3400046":[11,"草加市","北谷"],"3400206":[11,"北葛飾郡鷲宮町","西大輪"],"3400135":[11,"幸手市","槇野地"],"3400116":[11,"幸手市","西"],"3400015":[11,"草加市","高砂"],"3400202":[11,"北葛飾郡鷲宮町","東大輪"],"3400026":[11,"草加市","両新田東町"],"3400105":[11,"幸手市","松石"],"3408550":[11,"草加市","高砂","１丁目１－１"],"3400013":[11,"草加市","松江"],"3400103":[11,"幸手市","内国府間"],"3408555":[11,"草加市","吉町","４丁目１０－４５"],"3400821":[11,"八潮市","伊勢野"],"3400004":[11,"草加市","弁天"],"3400134":[11,"幸手市","花島"],"3408560":[11,"草加市","草加","２丁目２１－１"],"3400121":[11,"幸手市","上吉羽"],"3400152":[11,"幸手市","天神島"],"3400145":[11,"幸手市","平須賀"],"3400123":[11,"幸手市","木立"],"3400133":[11,"幸手市","惣新田"],"3400034":[11,"草加市","氷川町"],"3408551":[11,"草加市","住吉","１丁目１３－１０"],"3400113":[11,"幸手市","幸手"],"3400806":[11,"八潮市","伊草"],"3400144":[11,"幸手市","戸島"],"3400027":[11,"草加市","両新田西町"],"3400832":[11,"八潮市","柳之宮"],"3400814":[11,"八潮市","南川崎"],"3400131":[11,"幸手市","西関宿"],"3400125":[11,"幸手市","下宇和田"],"3400831":[11,"八潮市","南後谷"],"3400200":[11,"北葛飾郡鷲宮町",""],"3408524":[11,"草加市","原町","２丁目７－１"],"3400012":[11,"草加市","神明"],"3400126":[11,"幸手市","下吉羽"],"3400163":[11,"幸手市","中川崎"],"3400016":[11,"草加市","中央"],"3400043":[11,"草加市","草加"],"3400045":[11,"草加市","小山"],"3400115":[11,"幸手市","中"],"3400014":[11,"草加市","住吉"],"3400007":[11,"草加市","青柳町"],"3408659":[11,"草加市","稲荷","６丁目１９－１"],"3400811":[11,"八潮市","二丁目"],"3400053":[11,"草加市","旭町"],"3400214":[11,"北葛飾郡鷲宮町","葛梅"],"3400036":[11,"草加市","苗塚町"],"3400218":[11,"北葛飾郡鷲宮町","砂原"],"3408501":[11,"草加市","北谷","３丁目４０－７"],"3400051":[11,"草加市","長栄町"],"3400024":[11,"草加市","谷塚上町"],"3408567":[11,"草加市","谷塚町","８５"],"3400032":[11,"草加市","遊馬町"],"3408533":[11,"草加市","遊馬町","８６２－１"],"3408510":[11,"草加市","苗塚町","５７７"],"3400142":[11,"幸手市","中野"],"3400041":[11,"草加市","松原"],"3400295":[11,"北葛飾郡鷲宮町","鷲宮","６丁目１番１号"],"3400100":[11,"幸手市",""],"3400055":[11,"草加市","清門町"],"3408509":[11,"草加市","弁天","４丁目１０－７"],"3400203":[11,"北葛飾郡鷲宮町","桜田"],"3400813":[11,"八潮市","木曽根"],"3400822":[11,"八潮市","大瀬"],"3400042":[11,"草加市","学園町"],"3400112":[11,"幸手市","権現堂"],"3400816":[11,"八潮市","中央"],"3400193":[11,"幸手市","大字権現堂","１１３４－２"],"3400001":[11,"草加市","柿木町"],"3408511":[11,"草加市","谷塚上町","５６５"],"3400003":[11,"草加市","稲荷"],"3400025":[11,"草加市","谷塚仲町"],"3400812":[11,"八潮市","中馬場"],"3400808":[11,"八潮市","緑町"],"3400205":[11,"北葛飾郡鷲宮町","外野"],"3400104":[11,"幸手市","円藤内"],"3400005":[11,"草加市","中根"],"3400162":[11,"幸手市","下川崎"],"3408611":[11,"草加市","松江","４丁目２－６"],"3400021":[11,"草加市","手代町"],"3408585":[11,"草加市","学園町","１－１"],"3400805":[11,"八潮市","松之木"],"3400006":[11,"草加市","八幡町"],"3400803":[11,"八潮市","上馬場"],"3400155":[11,"幸手市","上高野"],"3400114":[11,"幸手市","東"],"3408686":[11,"草加市","稲荷","５丁目１９－１"],"3400834":[11,"八潮市","大曽根"],"3400217":[11,"北葛飾郡鷲宮町","鷲宮"],"3400201":[11,"北葛飾郡鷲宮町","八甫"],"3400102":[11,"幸手市","高須賀"],"3400023":[11,"草加市","谷塚町"],"3400802":[11,"八潮市","鶴ケ曽根"],"3400151":[11,"幸手市","緑台"],"3400216":[11,"北葛飾郡鷲宮町","中央"],"3408610":[11,"草加市","稲荷","１丁目１１－１"],"3400054":[11,"草加市","新善町"],"3400823":[11,"八潮市","古新田"],"3400213":[11,"北葛飾郡鷲宮町","中妻"],"3400835":[11,"八潮市","浮塚"],"3400136":[11,"幸手市","細野"],"3400146":[11,"幸手市","神扇"],"3400154":[11,"幸手市","栄"],"3400204":[11,"北葛飾郡鷲宮町","上川崎"],"3400164":[11,"幸手市","香日向"],"3400033":[11,"草加市","柳島町"],"3400056":[11,"草加市","新栄町"],"3400815":[11,"八潮市","八潮"],"3400807":[11,"八潮市","新町"],"3400824":[11,"八潮市","垳"],"3400132":[11,"幸手市","中島"],"3408568":[11,"草加市","谷塚上町","４３４"],"3400047":[11,"草加市","北谷町"],"3400153":[11,"幸手市","吉野"],"3400044":[11,"草加市","花栗"],"3400035":[11,"草加市","西町"],"3400825":[11,"八潮市","大原"],"3400833":[11,"八潮市","西袋"],"3400031":[11,"草加市","新里町"],"3400804":[11,"八潮市","小作田"],"3408577":[11,"草加市","高砂","１丁目７－３６"],"3400800":[11,"八潮市",""],"3400211":[11,"北葛飾郡鷲宮町","上内"],"3400011":[11,"草加市","栄町"],"3400122":[11,"幸手市","神明内"],"3400052":[11,"草加市","金明町"],"3400143":[11,"幸手市","長間"],"3400124":[11,"幸手市","上宇和田"],"3400141":[11,"幸手市","平野"]}
