{"3580002":[11,"入間市","東町"],"3580000":[11,"入間市",""],"3580007":[11,"入間市","黒須"],"3580055":[11,"入間市","新光"],"3580017":[11,"入間市","駒形富士山"],"3580012":[11,"入間市","東藤沢"],"3580032":[11,"入間市","狭山ケ原"],"3580053":[11,"入間市","仏子"],"3580011":[11,"入間市","下藤沢"],"3580036":[11,"入間市","花ノ木"],"3580054":[11,"入間市","野田"],"3588588":[11,"入間市","大字狭山台","２３４"],"3580005":[11,"入間市","宮前町"],"3580004":[11,"入間市","鍵山"],"3588501":[11,"入間市","大字狭山ケ原","１６－２"],"3588510":[11,"入間市","大字小谷田","８５７"],"3580024":[11,"入間市","久保稲荷"],"3580031":[11,"入間市","新久"],"3580003":[11,"入間市","豊岡"],"3580013":[11,"入間市","上藤沢"],"3580006":[11,"入間市","春日町"],"3580033":[11,"入間市","狭山台"],"3588515":[11,"入間市","宮寺","３１６９－１"],"3580008":[11,"入間市","河原町"],"3580014":[11,"入間市","宮寺"],"3580045":[11,"入間市","寺竹"],"3580034":[11,"入間市","根岸"],"3588558":[11,"入間市","大字二本木","１１２－１"],"3580044":[11,"入間市","三ツ木台"],"3580042":[11,"入間市","上谷ケ貫"],"3580025":[11,"入間市","善蔵新田"],"3588585":[11,"入間市","大字狭山ケ原","１０８－９"],"3580026":[11,"入間市","小谷田"],"3580043":[11,"入間市","西三ツ木"],"3588511":[11,"入間市","豊岡","１丁目１６－１"],"3580035":[11,"入間市","中神"],"3580021":[11,"入間市","高倉"],"3580022":[11,"入間市","扇町屋"],"3580046":[11,"入間市","南峯"],"3580023":[11,"入間市","扇台"],"3588521":[11,"入間市","大字中神","７２８"],"3580027":[11,"入間市","上小谷田"],"3580048":[11,"入間市","金子中央"],"3580001":[11,"入間市","向陽台"],"3580052":[11,"入間市","森坂"],"3580016":[11,"入間市","高根"],"3580047":[11,"入間市","木蓮寺"],"3588555":[11,"入間市","大字上藤沢","４８０"],"3580051":[11,"入間市","牛沢町"],"3580015":[11,"入間市","二本木"],"3580041":[11,"入間市","下谷ケ貫"]}
