{"5070001":[21,"多治見市","小名田町小滝"],"5078561":[21,"多治見市","姫町","３丁目１６２"],"5070002":[21,"多治見市","小名田町別山"],"5070847":[21,"多治見市","小路町"],"5070824":[21,"多治見市","元町"],"5070815":[21,"多治見市","大畑町赤松"],"5078607":[21,"多治見市","大畑町","３丁目１"],"5070843":[21,"多治見市","常盤町"],"5070003":[21,"多治見市","小名田町東谷"],"5070837":[21,"多治見市","青木町"],"5070028":[21,"多治見市","弁天町"],"5070025":[21,"多治見市","宮前町"],"5078601":[21,"多治見市","大針町","６６１－１"],"5070018":[21,"多治見市","高田町"],"5078511":[21,"多治見市","前畑町","３丁目４３"],"5078602":[21,"多治見市","京町","４丁目１９－１"],"5078527":[21,"多治見市","上野町","５丁目１"],"5078705":[21,"多治見市","錦町","１丁目１２"],"5078603":[21,"多治見市","新町","１丁目２３番地"],"5070047":[21,"多治見市","富士見町"],"5078709":[21,"多治見市","小田町","４丁目８番地の３"],"5070817":[21,"多治見市","大畑町大洞"],"5070814":[21,"多治見市","市之倉町"],"5070845":[21,"多治見市","山下町"],"5070901":[21,"多治見市","笠原町"],"5070842":[21,"多治見市","中町"],"5070021":[21,"多治見市","緑ケ丘"],"5070044":[21,"多治見市","諏訪町"],"5078605":[21,"多治見市","陶元町","２０７"],"5070017":[21,"多治見市","長瀬町"],"5070056":[21,"多治見市","美山町"],"5070831":[21,"多治見市","新町"],"5070033":[21,"多治見市","本町"],"5070802":[21,"多治見市","山吹町"],"5070034":[21,"多治見市","豊岡町"],"5078701":[21,"多治見市","前畑町","２丁目１２"],"5070823":[21,"多治見市","平野町"],"5078706":[21,"多治見市","音羽町","１丁目３５"],"5070822":[21,"多治見市","奥川町"],"5070000":[21,"多治見市",""],"5070008":[21,"多治見市","希望ケ丘"],"5070826":[21,"多治見市","脇之島町"],"5078650":[21,"多治見市","笠原町","２０８２番地の５"],"5070828":[21,"多治見市","三笠町"],"5070037":[21,"多治見市","音羽町"],"5070048":[21,"多治見市","池田町"],"5070076":[21,"多治見市","昭栄町"],"5070015":[21,"多治見市","住吉町"],"5070027":[21,"多治見市","上野町"],"5070016":[21,"多治見市","金岡町"],"5078702":[21,"多治見市","本町","２丁目５－１"],"5070038":[21,"多治見市","白山町"],"5070057":[21,"多治見市","赤坂町"],"5078533":[21,"多治見市","本町","１丁目２番地"],"5070801":[21,"多治見市","東町"],"5070036":[21,"多治見市","田代町"],"5070821":[21,"多治見市","窯町"],"5070834":[21,"多治見市","御幸町"],"5070055":[21,"多治見市","喜多町"],"5070061":[21,"多治見市","姫町"],"5070026":[21,"多治見市","虎渓町"],"5070073":[21,"多治見市","小泉町"],"5070825":[21,"多治見市","京町"],"5070813":[21,"多治見市","滝呂町"],"5070053":[21,"多治見市","若松町"],"5070075":[21,"多治見市","大沢町"],"5070058":[21,"多治見市","平井町"],"5070803":[21,"多治見市","美坂町"],"5070035":[21,"多治見市","栄町"],"5070804":[21,"多治見市","坂上町"],"5070062":[21,"多治見市","大針町"],"5070045":[21,"多治見市","三の倉町"],"5070068":[21,"多治見市","大薮町"],"5070041":[21,"多治見市","太平町"],"5070065":[21,"多治見市","根本町"],"5070836":[21,"多治見市","昭和町"],"5070067":[21,"多治見市","北小木町"],"5070072":[21,"多治見市","明和町"],"5070833":[21,"多治見市","広小路"],"5070806":[21,"多治見市","上町"],"5078523":[21,"多治見市","小田町","６丁目１"],"5070074":[21,"多治見市","大原町"],"5070042":[21,"多治見市","前畑町"],"5070031":[21,"多治見市","精華町"],"5070004":[21,"多治見市","小名田町"],"5070013":[21,"多治見市","東栄町"],"5070019":[21,"多治見市","東山"],"5070043":[21,"多治見市","月見町"],"5070832":[21,"多治見市","金山町"],"5070006":[21,"多治見市","小名田町西山"],"5070066":[21,"多治見市","西山町"],"5070816":[21,"多治見市","大畑町西仲根"],"5070844":[21,"多治見市","陶元町"],"5070835":[21,"多治見市","錦町"],"5070827":[21,"多治見市","平和町"],"5070024":[21,"多治見市","大正町"],"5070812":[21,"多治見市","下沢町"],"5070063":[21,"多治見市","松坂町"],"5070023":[21,"多治見市","小田町"],"5070012":[21,"多治見市","高田町白粉"],"5070032":[21,"多治見市","大日町"],"5070064":[21,"多治見市","北丘町"],"5070022":[21,"多治見市","上山町"],"5070841":[21,"多治見市","明治町"],"5070071":[21,"多治見市","旭ケ丘"],"5070046":[21,"多治見市","廿原町"],"5070838":[21,"多治見市","末広町"],"5070014":[21,"多治見市","虎渓山町"],"5070818":[21,"多治見市","大畑町"],"5070005":[21,"多治見市","小名田町岩ケ根"],"5070078":[21,"多治見市","高根町"],"5070846":[21,"多治見市","神楽町"],"5070051":[21,"多治見市","西坂町"],"5078608":[21,"多治見市","新町","１丁目２３"],"5070007":[21,"多治見市","小名田町西ケ洞"],"5078522":[21,"多治見市","前畑町","５丁目１６１"],"5078708":[21,"多治見市","上野町","５丁目６８－１"],"5070807":[21,"多治見市","生田町"],"5070052":[21,"多治見市","光ケ丘"],"5070848":[21,"多治見市","日ノ出町"],"5078703":[21,"多治見市","日ノ出町","２丁目１５"],"5070011":[21,"多治見市","高田町岩曽根"],"5070805":[21,"多治見市","新富町"],"5070054":[21,"多治見市","宝町"],"5070077":[21,"多治見市","幸町"],"5070039":[21,"多治見市","十九田町"],"5070811":[21,"多治見市","星ケ台"]}
