{"5100059":[24,"四日市市","尾上町"],"5100814":[24,"四日市市","清水町"],"5100104":[24,"四日市市","楠町南五味塚"],"5100864":[24,"四日市市","中里町"],"5100227":[24,"鈴鹿市","南若松町"],"5108555":[24,"四日市市","北浜田町","１０－３"],"5100811":[24,"四日市市","みゆきケ丘"],"5100205":[24,"鈴鹿市","稲生"],"5101200":[24,"三重郡菰野町",""],"5108121":[24,"三重郡川越町","高松"],"5101235":[24,"三重郡菰野町","宝永台"],"5100045":[24,"四日市市","蔵町"],"5100307":[24,"津市","河芸町影重"],"5101243":[24,"三重郡菰野町","大羽根園呉竹町"],"5100219":[24,"鈴鹿市","野町南"],"5100832":[24,"四日市市","伊倉"],"5108032":[24,"四日市市","川北町"],"5100007":[24,"四日市市","別名"],"5108575":[24,"四日市市","大字日永","５０３９"],"5100224":[24,"鈴鹿市","若松中"],"5100881":[24,"四日市市","六呂見"],"5100016":[24,"四日市市","羽津山町"],"5100801":[24,"四日市市","三ツ谷東町"],"5101322":[24,"三重郡菰野町","田口新田"],"5100201":[24,"鈴鹿市","稲生町"],"5100807":[24,"四日市市","末永町"],"5100023":[24,"四日市市","午起"],"5108670":[24,"四日市市","西新地","７－８"],"5108503":[24,"四日市市","西末広町","１－１４"],"5108007":[24,"四日市市","富田浜元町"],"5108122":[24,"三重郡川越町","豊田"],"5100218":[24,"鈴鹿市","野町西"],"5100894":[24,"四日市市","泊村"],"5100871":[24,"四日市市","川尻町"],"5100042":[24,"四日市市","高砂町"],"5100011":[24,"四日市市","霞"],"5100961":[24,"四日市市","波木町"],"5100944":[24,"四日市市","笹川"],"5101252":[24,"三重郡菰野町","音羽"],"5100066":[24,"四日市市","南浜田町"],"5100097":[24,"四日市市","八幡町"],"5100002":[24,"四日市市","羽津中"],"5108003":[24,"四日市市","住吉町"],"5100311":[24,"津市","河芸町三行"],"5108023":[24,"四日市市","西富田"],"5100882":[24,"四日市市","追分"],"5108512":[24,"四日市市","日永西","３丁目５番３７号"],"5100064":[24,"四日市市","新正"],"5100834":[24,"四日市市","ときわ"],"5108027":[24,"四日市市","茂福"],"5100067":[24,"四日市市","浜田町"],"5100837":[24,"四日市市","西松本町"],"5108039":[24,"四日市市","大矢知新町"],"5108114":[24,"三重郡川越町","亀崎新田"],"5100885":[24,"四日市市","日永"],"5108642":[24,"四日市市","諏訪栄町","５－４"],"5100971":[24,"四日市市","南小松町"],"5100825":[24,"四日市市","赤堀新町"],"5100955":[24,"四日市市","北小松町"],"5101246":[24,"三重郡菰野町","大羽根園青葉町"],"5101292":[24,"三重郡菰野町","大字菰野","１４１８"],"5100072":[24,"四日市市","九の城町"],"5100033":[24,"四日市市","川原町"],"5101328":[24,"三重郡菰野町","切畑"],"5100054":[24,"四日市市","曙町"],"5100093":[24,"四日市市","本町"],"5100265":[24,"鈴鹿市","三宅町"],"5100822":[24,"四日市市","芝田"],"5100803":[24,"四日市市","阿倉川町"],"5108036":[24,"四日市市","南垂坂町"],"5100003":[24,"四日市市","大宮町"],"5100810":[24,"四日市市","阿倉川新町"],"5100058":[24,"四日市市","西末広町"],"5100234":[24,"鈴鹿市","江島本町"],"5108580":[24,"四日市市","赤堀新町","９－５"],"5100241":[24,"鈴鹿市","白子駅前"],"5100257":[24,"鈴鹿市","東磯山"],"5100293":[24,"鈴鹿市","岸岡町","１００１－１"],"5100027":[24,"四日市市","高浜新町"],"5100868":[24,"四日市市","馳出"],"5100211":[24,"鈴鹿市","東旭が丘"],"5100223":[24,"鈴鹿市","若松北"],"5100304":[24,"津市","河芸町上野"],"5100856":[24,"四日市市","七つ屋町"],"5100073":[24,"四日市市","西浜田町"],"5100251":[24,"鈴鹿市","徳田町"],"5101325":[24,"三重郡菰野町","榊"],"5100943":[24,"四日市市","西日野町"],"5101321":[24,"三重郡菰野町","田口"],"5100021":[24,"四日市市","三郎町"],"5101232":[24,"三重郡菰野町","宿野"],"5108621":[24,"四日市市","西新地","１０－２０"],"5100242":[24,"鈴鹿市","白子本町"],"5100216":[24,"鈴鹿市","野町中"],"5100883":[24,"四日市市","泊小柳町"],"5100308":[24,"津市","河芸町中瀬"],"5100081":[24,"四日市市","北町"],"5100025":[24,"四日市市","東新町"],"5108506":[24,"四日市市","本町","１番１５号"],"5100259":[24,"鈴鹿市","中瀬古町"],"5108033":[24,"四日市市","下さざらい町"],"5100848":[24,"四日市市","東邦町"],"5108522":[24,"三重郡朝日町","大字小向","８９３番地"],"5100318":[24,"津市","河芸町杜の街"],"5108560":[24,"四日市市","","北新開６０番地"],"5100804":[24,"四日市市","万古町"],"5100841":[24,"四日市市","三田町"],"5100839":[24,"四日市市","青葉町"],"5100873":[24,"四日市市","貝塚町"],"5100266":[24,"鈴鹿市","長法寺町"],"5108515":[24,"四日市市","鵜の森","１丁目３－２０萩ビル６階"],"5100015":[24,"四日市市","城山町"],"5100312":[24,"津市","河芸町久知野"],"5100951":[24,"四日市市","小古曽東"],"5100085":[24,"四日市市","諏訪町"],"5108604":[24,"四日市市","諏訪栄町","１－１６"],"5100046":[24,"四日市市","浜町"],"5100024":[24,"四日市市","新浜町"],"5108552":[24,"四日市市","川尻町","１００"],"5100000":[24,"四日市市",""],"5100096":[24,"四日市市","中町"],"5100865":[24,"四日市市","小浜町"],"5100892":[24,"四日市市","泊山崎町"],"5108123":[24,"三重郡川越町","豊田一色"],"5108006":[24,"四日市市","東富田町"],"5100946":[24,"四日市市","小林町"],"5100844":[24,"四日市市","宝町"],"5100204":[24,"鈴鹿市","稲生西"],"5108001":[24,"四日市市","天カ須賀"],"5100233":[24,"鈴鹿市","東江島町"],"5101222":[24,"三重郡菰野町","大強原"],"5100061":[24,"四日市市","朝日町"],"5101242":[24,"三重郡菰野町","大羽根園柴垣町"],"5100317":[24,"津市","河芸町北黒田"],"5100316":[24,"津市","河芸町南黒田"],"5100952":[24,"四日市市","小古曽町"],"5108024":[24,"四日市市","西富田町"],"5100861":[24,"四日市市","柳町"],"5108014":[24,"四日市市","富田"],"5100102":[24,"四日市市","楠町吉崎"],"5100212":[24,"鈴鹿市","中旭が丘"],"5100043":[24,"四日市市","南納屋町"],"5108540":[24,"四日市市","霞","１丁目８"],"5108026":[24,"四日市市","十志町"],"5100074":[24,"四日市市","鵜の森"],"5108557":[24,"四日市市","西浦","２丁目２－８"],"5100207":[24,"鈴鹿市","稲生塩屋"],"5100833":[24,"四日市市","中川原"],"5100893":[24,"四日市市","前田町"],"5100034":[24,"四日市市","滝川町"],"5100823":[24,"四日市市","城北町"],"5100956":[24,"四日市市","貝家町"],"5100942":[24,"四日市市","東日野町"],"5100815":[24,"四日市市","野田"],"5100057":[24,"四日市市","昌栄町"],"5100835":[24,"四日市市","大井手"],"5101241":[24,"三重郡菰野町","大羽根園新林町"],"5100305":[24,"津市","河芸町中別保"],"5100222":[24,"鈴鹿市","若松西"],"5100853":[24,"四日市市","川合町"],"5108111":[24,"三重郡川越町","当新田"],"5100062":[24,"四日市市","北浜田町"],"5101231":[24,"三重郡菰野町","神森"],"5100237":[24,"鈴鹿市","江島町"],"5108588":[24,"三重郡川越町","大字豊田一色","２８０番地"],"5100838":[24,"四日市市","南松本町"],"5100263":[24,"鈴鹿市","郡山町"],"5108511":[24,"四日市市","新正","４丁目２１－５"],"5100857":[24,"四日市市","高旭町"],"5100065":[24,"四日市市","中浜田町"],"5108585":[24,"四日市市","諏訪栄町","７－３４"],"5100071":[24,"四日市市","西浦"],"5100105":[24,"四日市市","楠町南川"],"5101311":[24,"三重郡菰野町","永井"],"5100008":[24,"四日市市","南いかるが町"],"5100256":[24,"鈴鹿市","磯山"],"5100255":[24,"鈴鹿市","磯山町"],"5100826":[24,"四日市市","赤堀"],"5100821":[24,"四日市市","久保田"],"5108510":[24,"四日市市","富田","４丁目１－４３"],"5100874":[24,"四日市市","河原田町"],"5100056":[24,"四日市市","南起町"],"5100258":[24,"鈴鹿市","秋永町"],"5108125":[24,"三重郡川越町","北福崎"],"5100827":[24,"四日市市","赤堀南町"],"5108525":[24,"四日市市","北浜町","８－１６"],"5100106":[24,"四日市市","楠町本郷"],"5100392":[24,"津市","河芸町浜田","８０８"],"5100886":[24,"四日市市","日永東"],"5100252":[24,"鈴鹿市","五祝町"],"5100313":[24,"津市","河芸町赤部"],"5108034":[24,"四日市市","大矢知町"],"5100069":[24,"四日市市","幸町"],"5101233":[24,"三重郡菰野町","菰野"],"5100963":[24,"四日市市","波木南台"],"5100836":[24,"四日市市","松本"],"5100866":[24,"四日市市","大池町"],"5108505":[24,"四日市市","中納屋町","９－１４"],"5108124":[24,"三重郡川越町","南福崎"],"5100044":[24,"四日市市","相生町"],"5100843":[24,"四日市市","宮東町"],"5100852":[24,"四日市市","浜旭町"],"5108102":[24,"三重郡朝日町","小向"],"5100203":[24,"鈴鹿市","野村町"],"5100089":[24,"四日市市","西町"],"5100294":[24,"鈴鹿市","白子町",""],"5108567":[24,"四日市市","芝田","２丁目２－３７"],"5108112":[24,"三重郡川越町","亀須新田"],"5100947":[24,"四日市市","八王子町"],"5108021":[24,"四日市市","松寺"],"5108113":[24,"三重郡川越町","亀尾新田"],"5101225":[24,"三重郡菰野町","下村"],"5108016":[24,"四日市市","富州原町"],"5100232":[24,"鈴鹿市","北江島町"],"5108561":[24,"四日市市","大字日永","５４５０－１３２"],"5100847":[24,"四日市市","大浜町"],"5100004":[24,"四日市市","大宮西町"],"5108009":[24,"四日市市","浜園町"],"5108002":[24,"四日市市","天カ須賀新町"],"5100063":[24,"四日市市","十七軒町"],"5101327":[24,"三重郡菰野町","根の平"],"5101236":[24,"三重郡菰野町","初若の郷"],"5100891":[24,"四日市市","日永西"],"5100082":[24,"四日市市","中部"],"5100208":[24,"鈴鹿市","鈴鹿ハイツ"],"5100884":[24,"四日市市","泊町"],"5100095":[24,"四日市市","元新町"],"5108012":[24,"四日市市","茂福町"],"5108605":[24,"四日市市","尾上町","３－１"],"5100842":[24,"四日市市","石原町"],"5100001":[24,"四日市市","八田"],"5108015":[24,"四日市市","松原町"],"5100192":[24,"四日市市","楠町北五味塚","２０６０番地７２"],"5100945":[24,"四日市市","高花平"],"5100862":[24,"四日市市","御薗町"],"5100262":[24,"鈴鹿市","越知町"],"5100845":[24,"四日市市","海山道町"],"5100014":[24,"四日市市","金場町"],"5100051":[24,"四日市市","千歳町"],"5100098":[24,"四日市市","北条町"],"5108025":[24,"四日市市","富田栄町"],"5100047":[24,"四日市市","北納屋町"],"5100012":[24,"四日市市","羽津"],"5108615":[24,"四日市市","沖の島町","１－６"],"5100075":[24,"四日市市","安島"],"5108037":[24,"四日市市","垂坂町"],"5100005":[24,"四日市市","山手町"],"5101245":[24,"三重郡菰野町","大羽根園松ケ枝町"],"5108011":[24,"四日市市","東茂福町"],"5100088":[24,"四日市市","元町"],"5108631":[24,"四日市市","富士町","１番２７号"],"5100092":[24,"四日市市","新町"],"5108104":[24,"三重郡朝日町","埋縄"],"5101324":[24,"三重郡菰野町","田光"],"5100018":[24,"四日市市","白須賀"],"5100086":[24,"四日市市","諏訪栄町"],"5100225":[24,"鈴鹿市","若松東"],"5100236":[24,"鈴鹿市","中江島町"],"5108031":[24,"四日市市","川北"],"5108103":[24,"三重郡朝日町","柿"],"5100231":[24,"鈴鹿市","江島台"],"5100226":[24,"鈴鹿市","岸岡町"],"5100213":[24,"鈴鹿市","南旭が丘"],"5100264":[24,"鈴鹿市","徳居町"],"5100031":[24,"四日市市","浜一色町"],"5101221":[24,"三重郡菰野町","池底"],"5100101":[24,"四日市市","楠町小倉"],"5108577":[24,"四日市市","安島","２丁目１０－１６伊藤忠安田生命ビル３階"],"5100812":[24,"四日市市","西阿倉川"],"5100302":[24,"津市","河芸町千里ケ丘"],"5100298":[24,"鈴鹿市","郡山町","６６３－２２２"],"5100254":[24,"鈴鹿市","寺家"],"5100872":[24,"四日市市","内堀町"],"5100314":[24,"津市","河芸町浜田"],"5100041":[24,"四日市市","稲葉町"],"5100875":[24,"四日市市","大治田"],"5108520":[24,"四日市市","新町","６－１"],"5100824":[24,"四日市市","城東町"],"5100055":[24,"四日市市","寿町"],"5108601":[24,"四日市市","諏訪町","１－５"],"5100954":[24,"四日市市","釆女町"],"5100048":[24,"四日市市","中納屋町"],"5100802":[24,"四日市市","三ツ谷町"],"5100087":[24,"四日市市","西新地"],"5108035":[24,"四日市市","東垂坂町"],"5100244":[24,"鈴鹿市","白子町"],"5100851":[24,"四日市市","塩浜町"],"5100806":[24,"四日市市","本郷町"],"5100854":[24,"四日市市","塩浜本町"],"5100831":[24,"四日市市","西伊倉町"],"5100083":[24,"四日市市","沖の島町"],"5100035":[24,"四日市市","陶栄町"],"5100295":[24,"鈴鹿市","稲生町","７９９２"],"5108004":[24,"四日市市","富田一色町"],"5100867":[24,"四日市市","松泉町"],"5108101":[24,"三重郡朝日町","縄生"],"5100206":[24,"鈴鹿市","稲生こがね園"],"5108655":[24,"四日市市","安島","１丁目２－２５"],"5100202":[24,"鈴鹿市","野町"],"5101226":[24,"三重郡菰野町","吉沢"],"5101224":[24,"三重郡菰野町","川北"],"5100076":[24,"四日市市","堀木"],"5101253":[24,"三重郡菰野町","潤田"],"5100253":[24,"鈴鹿市","寺家町"],"5100957":[24,"四日市市","森カ山町"],"5100953":[24,"四日市市","釆女が丘"],"5108550":[24,"四日市市","新正","４丁目９番２８号"],"5101234":[24,"三重郡菰野町","福村"],"5108008":[24,"四日市市","富田浜町"],"5108022":[24,"四日市市","蒔田"],"5100301":[24,"津市","河芸町西千里"],"5108013":[24,"四日市市","南富田町"],"5100026":[24,"四日市市","高浜町"],"5100094":[24,"四日市市","新々町"],"5101251":[24,"三重郡菰野町","千草"],"5101244":[24,"三重郡菰野町","大羽根園並木通"],"5101326":[24,"三重郡菰野町","杉谷"],"5100303":[24,"津市","河芸町東千里"],"5100022":[24,"四日市市","大協町"],"5108616":[24,"四日市市","沖の島町","１－６"],"5100805":[24,"四日市市","東阿倉川"],"5100017":[24,"四日市市","羽津町"],"5100107":[24,"四日市市","楠町北一色"],"5100863":[24,"四日市市","磯津"],"5100091":[24,"四日市市","北浜町"],"5100068":[24,"四日市市","三栄町"],"5100052":[24,"四日市市","末広町"],"5100941":[24,"四日市市","東日野"],"5108651":[24,"四日市市","千歳町","６－６"],"5100315":[24,"津市","河芸町高佐"],"5101312":[24,"三重郡菰野町","竹成"],"5108530":[24,"四日市市","東邦町","１"],"5108005":[24,"四日市市","富双"],"5100948":[24,"四日市市","室山町"],"5108562":[24,"四日市市","大字日永","字岡山４９１７"],"5100013":[24,"四日市市","富士町"],"5100103":[24,"四日市市","楠町北五味塚"],"5100053":[24,"四日市市","曙"],"5100813":[24,"四日市市","末永"],"5100855":[24,"四日市市","馳出町"],"5100962":[24,"四日市市","波木が丘町"],"5100217":[24,"鈴鹿市","野町東"],"5100235":[24,"鈴鹿市","南江島町"],"5100828":[24,"四日市市","石塚町"],"5100006":[24,"四日市市","緑丘町"],"5100032":[24,"四日市市","京町"],"5108666":[24,"四日市市","安島","２丁目２－３"],"5101323":[24,"三重郡菰野町","小島"],"5100306":[24,"津市","河芸町一色"],"5100261":[24,"鈴鹿市","御薗町"],"5100846":[24,"四日市市","大井の川町"],"5100292":[24,"鈴鹿市","岸岡町","１９３０"],"5100958":[24,"四日市市","小古曽"],"5108504":[24,"四日市市","諏訪栄町","１７番４号"],"5108028":[24,"四日市市","下之宮町"],"5100829":[24,"四日市市","城西町"],"5100221":[24,"鈴鹿市","北若松町"],"5100084":[24,"四日市市","栄町"],"5100243":[24,"鈴鹿市","白子"],"5101223":[24,"三重郡菰野町","諏訪"],"5108017":[24,"四日市市","平町"],"5108038":[24,"四日市市","垂坂新町"]}
