{"2040002":[13,"清瀬市","旭が丘"],"2040011":[13,"清瀬市","下清戸"],"2040023":[13,"清瀬市","竹丘"],"2040021":[13,"清瀬市","元町"],"2048511":[13,"清瀬市","中里","５丁目８４２"],"2048555":[13,"清瀬市","竹丘","３丁目１－３０"],"2048567":[13,"清瀬市","梅園","１丁目３－１"],"2048589":[13,"清瀬市","野塩","２丁目５２２－１"],"2040012":[13,"清瀬市","中清戸"],"2040013":[13,"清瀬市","上清戸"],"2040000":[13,"清瀬市",""],"2040001":[13,"清瀬市","下宿"],"2040003":[13,"清瀬市","中里"],"2048533":[13,"清瀬市","松山","３丁目１－２４"],"2048522":[13,"清瀬市","松山","３丁目１－２４"],"2040022":[13,"清瀬市","松山"],"2048558":[13,"清瀬市","下清戸","４丁目６４０"],"2048588":[13,"清瀬市","野塩","２丁目５２２－１"],"2040024":[13,"清瀬市","梅園"],"2048585":[13,"清瀬市","竹丘","３丁目１－１"],"2040004":[13,"清瀬市","野塩"]}
