{"1958555":[13,"町田市","金井町","２１６０番地"],"1950073":[13,"町田市","薬師台"],"1950072":[13,"町田市","金井"],"1958550":[13,"町田市","広袴","１丁目１－１"],"1950053":[13,"町田市","能ケ谷町"],"1950057":[13,"町田市","真光寺"],"1950064":[13,"町田市","小野路町"],"1958585":[13,"町田市","金井町","２１６０"],"1950061":[13,"町田市","鶴川"],"1950052":[13,"町田市","広袴町"],"1950055":[13,"町田市","三輪緑山"],"1950051":[13,"町田市","真光寺町"],"1950062":[13,"町田市","大蔵町"],"1950056":[13,"町田市","広袴"],"1950074":[13,"町田市","山崎町"],"1950054":[13,"町田市","三輪町"],"1950063":[13,"町田市","野津田町"],"1950071":[13,"町田市","金井町"]}
