{"3520002":[11,"新座市","東"],"3520032":[11,"新座市","新堀"],"3520033":[11,"新座市","石神"],"3520004":[11,"新座市","大和田"],"3520016":[11,"新座市","馬場"],"3528558":[11,"新座市","北野","１丁目２－２６"],"3528577":[11,"新座市","東北","２丁目３２－１２"],"3520013":[11,"新座市","新塚"],"3520034":[11,"新座市","野寺"],"3520006":[11,"新座市","新座"],"3520025":[11,"新座市","片山"],"3520014":[11,"新座市","栄"],"3528523":[11,"新座市","北野","１丁目２－２５"],"3520031":[11,"新座市","西堀"],"3520000":[11,"新座市",""],"3528549":[11,"新座市","北野","１丁目２－３５"],"3520017":[11,"新座市","菅沢"],"3520035":[11,"新座市","栗原"],"3520021":[11,"新座市","あたご"],"3528501":[11,"新座市","中野","１丁目９－６"],"3520024":[11,"新座市","道場"],"3520023":[11,"新座市","堀ノ内"],"3528589":[11,"新座市","野火止","８丁目１８－４"],"3528572":[11,"新座市","北野","３丁目４－１"],"3528666":[11,"新座市","北野","３丁目６－３"],"3520022":[11,"新座市","本多"],"3528588":[11,"新座市","野火止","８丁目１４－３１"],"3520012":[11,"新座市","畑中"],"3520005":[11,"新座市","中野"],"3520011":[11,"新座市","野火止"],"3528510":[11,"新座市","菅沢","２丁目１－２８"],"3528623":[11,"新座市","野火止","１丁目１－１"],"3520001":[11,"新座市","東北"],"3520015":[11,"新座市","池田"],"3528555":[11,"新座市","道場","１丁目１０－１３"],"3520003":[11,"新座市","北野"]}
