{"4020227":[19,"南都留郡道志村","上白井平"],"4020214":[19,"南都留郡道志村","川原畑"],"4020217":[19,"南都留郡道志村","東神地"],"4020011":[19,"都留市","井倉"],"4020054":[19,"都留市","田原"],"4020035":[19,"都留市","夏狩"],"4020202":[19,"南都留郡道志村","大野"],"4020012":[19,"都留市","与縄"],"4020222":[19,"南都留郡道志村","下善之木"],"4020200":[19,"南都留郡道志村",""],"4020226":[19,"南都留郡道志村","下白井平"],"4020209":[19,"南都留郡道志村","竹之本"],"4020204":[19,"南都留郡道志村","大室指"],"4020041":[19,"都留市","金井"],"4020025":[19,"都留市","法能"],"4020044":[19,"都留市","加畑"],"4020206":[19,"南都留郡道志村","小善地"],"4028555":[19,"都留市","田原","３丁目８－１"],"4020223":[19,"南都留郡道志村","上善之木"],"4020023":[19,"都留市","大野"],"4020213":[19,"南都留郡道志村","谷相"],"4020053":[19,"都留市","上谷"],"4020207":[19,"南都留郡道志村","大栗"],"4020046":[19,"都留市","中津森"],"4020211":[19,"南都留郡道志村","東和出村"],"4020024":[19,"都留市","小野"],"4020045":[19,"都留市","大幡"],"4020005":[19,"都留市","四日市場"],"4020003":[19,"都留市","川茂"],"4020055":[19,"都留市","川棚"],"4020022":[19,"都留市","戸沢"],"4020215":[19,"南都留郡道志村","大指"],"4020014":[19,"都留市","朝日馬場"],"4020043":[19,"都留市","平栗"],"4020201":[19,"南都留郡道志村","月夜野"],"4020021":[19,"都留市","玉川"],"4020224":[19,"南都留郡道志村","川村"],"4020001":[19,"都留市","田野倉"],"4020203":[19,"南都留郡道志村","久保"],"4020052":[19,"都留市","中央"],"4020219":[19,"南都留郡道志村","下中山"],"4020042":[19,"都留市","厚原"],"4020013":[19,"都留市","盛里"],"4020225":[19,"南都留郡道志村","板橋"],"4020228":[19,"南都留郡道志村","長又"],"4020034":[19,"都留市","桂町"],"4020221":[19,"南都留郡道志村","上中山"],"4020051":[19,"都留市","下谷"],"4020033":[19,"都留市","境"],"4020015":[19,"都留市","朝日曽雌"],"4020000":[19,"都留市",""],"4020218":[19,"南都留郡道志村","中神地"],"4020032":[19,"都留市","鹿留"],"4020006":[19,"都留市","小形山"],"4020216":[19,"南都留郡道志村","釜之前"],"4020002":[19,"都留市","大原"],"4020031":[19,"都留市","十日市場"],"4020212":[19,"南都留郡道志村","西和出村"],"4028501":[19,"都留市","上谷","１丁目１－１"],"4020056":[19,"都留市","つる"],"4020205":[19,"南都留郡道志村","椿"],"4020208":[19,"南都留郡道志村","馬場"],"4020004":[19,"都留市","古川渡"]}
