{"4212118":[22,"静岡市葵区","内牧"],"4213303":[22,"富士市","南松野"],"4211103":[22,"志太郡岡部町","青羽根"],"4210135":[22,"静岡市駿河区","小坂"],"4210137":[22,"静岡市駿河区","寺田"],"4210493":[22,"牧之原市","細江","２８８７－１"],"4212116":[22,"静岡市葵区","西ケ谷"],"4212101":[22,"静岡市葵区","俵峰"],"4210132":[22,"静岡市駿河区","上川原"],"4213211":[22,"静岡市清水区","蒲原新田"],"4210592":[22,"牧之原市","相良","２７５"],"4212114":[22,"静岡市葵区","安倍口新田"],"4211315":[22,"静岡市葵区","富厚里"],"4211212":[22,"静岡市葵区","千代"],"4212224":[22,"静岡市葵区","内匠"],"4210188":[22,"静岡市駿河区","みずほ","４丁目２－３"],"4210397":[22,"榛原郡吉田町","大幡","１３００－２"],"4210217":[22,"焼津市","上泉"],"4212222":[22,"静岡市葵区","桂山"],"4210212":[22,"焼津市","利右衛門"],"4210503":[22,"牧之原市","蛭ケ谷"],"4213292":[22,"静岡市清水区","蒲原","５２１５－１"],"4210117":[22,"静岡市駿河区","下川原南"],"4213201":[22,"静岡市清水区","蒲原東"],"4210401":[22,"牧之原市","切山"],"4210103":[22,"静岡市駿河区","丸子"],"4210198":[22,"静岡市駿河区","みずほ","４丁目２－３"],"4210532":[22,"牧之原市","地頭方"],"4211298":[22,"静岡市葵区","牧ケ谷","２０７８"],"4210521":[22,"牧之原市","福岡"],"4210404":[22,"牧之原市","静谷"],"4210505":[22,"牧之原市","中西"],"4210114":[22,"静岡市駿河区","桃園町"],"4211132":[22,"志太郡岡部町","三輪"],"4213102":[22,"静岡市清水区","由比東山寺"],"4213112":[22,"静岡市清水区","由比寺尾"],"4210412":[22,"牧之原市","坂部"],"4210126":[22,"静岡市駿河区","用宗巴町"],"4210201":[22,"焼津市","上小杉"],"4213296":[22,"静岡市清水区","蒲原","５１９０－２"],"4210517":[22,"牧之原市","男神"],"4212215":[22,"静岡市葵区","奥池ケ谷"],"4210301":[22,"榛原郡吉田町","住吉"],"4210501":[22,"牧之原市","東萩間"],"4210106":[22,"静岡市駿河区","北丸子"],"4213297":[22,"静岡市清水区","蒲原","１６１"],"4210113":[22,"静岡市駿河区","下川原"],"4210405":[22,"牧之原市","白井"],"4210495":[22,"牧之原市","静波","４４７－１"],"4210515":[22,"牧之原市","西山寺"],"4211308":[22,"静岡市葵区","黒俣"],"4212125":[22,"静岡市葵区","足久保奥組"],"4210535":[22,"牧之原市","笠名"],"4210414":[22,"牧之原市","勝俣"],"4211403":[22,"静岡市葵区","日向"],"4211406":[22,"静岡市葵区","湯ノ島"],"4211223":[22,"静岡市葵区","吉津"],"4210512":[22,"牧之原市","大江"],"4210526":[22,"牧之原市","大沢"],"4210197":[22,"静岡市駿河区","手越原","２２７－２"],"4210595":[22,"牧之原市","女神","３１－１"],"4211401":[22,"静岡市葵区","大間"],"4211221":[22,"静岡市葵区","牧ケ谷"],"4210509":[22,"牧之原市","牧之原"],"4211404":[22,"静岡市葵区","栃沢"],"4211123":[22,"志太郡岡部町","入野"],"4211301":[22,"静岡市葵区","小島"],"4213103":[22,"静岡市清水区","由比"],"4210421":[22,"牧之原市","細江"],"4212217":[22,"静岡市葵区","森腰"],"4210409":[22,"牧之原市","牧之原"],"4213301":[22,"富士市","北松野"],"4210105":[22,"静岡市駿河区","宇津ノ谷"],"4212225":[22,"静岡市葵区","腰越"],"4211305":[22,"静岡市葵区","赤沢"],"4213306":[22,"富士市","中之郷"],"4212214":[22,"静岡市葵区","柿島"],"4212106":[22,"静岡市葵区","牛妻"],"4211295":[22,"静岡市葵区","牧ケ谷","２３５３"],"4210533":[22,"牧之原市","新庄"],"4212103":[22,"静岡市葵区","俵沢"],"4212108":[22,"静岡市葵区","下"],"4210136":[22,"静岡市駿河区","大和田"],"4210393":[22,"榛原郡吉田町","大幡","１３００－２"],"4210496":[22,"牧之原市","静谷","４９８－１"],"4212302":[22,"静岡市葵区","入島"],"4211224":[22,"静岡市葵区","飯間"],"4212123":[22,"静岡市葵区","油山"],"4210124":[22,"静岡市駿河区","用宗城山町"],"4210204":[22,"焼津市","高新田"],"4211201":[22,"静岡市葵区","新間"],"4211408":[22,"静岡市葵区","崩野"],"4210507":[22,"牧之原市","和田"],"4210214":[22,"焼津市","中島"],"4210206":[22,"焼津市","上新田"],"4212305":[22,"静岡市葵区","中平"],"4212201":[22,"静岡市葵区","奥仙俣"],"4210407":[22,"牧之原市","布引原"],"4212307":[22,"静岡市葵区","横山"],"4210193":[22,"静岡市駿河区","下川原南","１１－１"],"4211100":[22,"志太郡岡部町",""],"4211217":[22,"静岡市葵区","羽鳥本町"],"4211214":[22,"静岡市葵区","建穂"],"4212112":[22,"静岡市葵区","遠藤新田"],"4213214":[22,"静岡市清水区","蒲原堰沢"],"4210122":[22,"静岡市駿河区","用宗"],"4210395":[22,"榛原郡吉田町","住吉","８７"],"4211314":[22,"静岡市葵区","大原"],"4212121":[22,"静岡市葵区","津渡野"],"4210304":[22,"榛原郡吉田町","神戸"],"4210523":[22,"牧之原市","波津"],"4213203":[22,"静岡市清水区","蒲原"],"4211122":[22,"志太郡岡部町","子持坂"],"4213105":[22,"静岡市清水区","由比町屋原"],"4210216":[22,"焼津市","相川"],"4210292":[22,"志太郡大井川町","宗高","９００"],"4213215":[22,"静岡市清水区","蒲原神沢"],"4210192":[22,"静岡市駿河区","用宗巴町","３－１"],"4210102":[22,"静岡市駿河区","手越"],"4213111":[22,"静岡市清水区","由比今宿"],"4210211":[22,"焼津市","吉永"],"4210394":[22,"榛原郡吉田町","大幡","１３００－２"],"4213295":[22,"静岡市清水区","蒲原","４丁目２６－６"],"4213106":[22,"静岡市清水区","由比西山寺"],"4210492":[22,"牧之原市","布引原","２０６－１"],"4210303":[22,"榛原郡吉田町","片岡"],"4210531":[22,"牧之原市","落居"],"4211102":[22,"志太郡岡部町","宮島"],"4210522":[22,"牧之原市","相良"],"4211101":[22,"志太郡岡部町","玉取"],"4210213":[22,"焼津市","飯淵"],"4210504":[22,"牧之原市","黒子"],"4210534":[22,"牧之原市","堀野新田"],"4210514":[22,"牧之原市","菅ケ谷"],"4211111":[22,"志太郡岡部町","野田沢"],"4210598":[22,"牧之原市","白井","６２２－８"],"4212105":[22,"静岡市葵区","郷島"],"4210116":[22,"静岡市駿河区","光陽町"],"4212211":[22,"静岡市葵区","上落合"],"4212212":[22,"静岡市葵区","油野"],"4211316":[22,"静岡市葵区","小布杉"],"4213115":[22,"静岡市清水区","由比西倉澤"],"4210305":[22,"榛原郡吉田町","大幡"],"4213202":[22,"静岡市清水区","蒲原新栄"],"4212226":[22,"静岡市葵区","横沢"],"4210112":[22,"静岡市駿河区","東新田"],"4211114":[22,"志太郡岡部町","羽佐間"],"4211124":[22,"志太郡岡部町","村良"],"4212117":[22,"静岡市葵区","幸庵新田"],"4210502":[22,"牧之原市","白井"],"4210302":[22,"榛原郡吉田町","川尻"],"4212216":[22,"静岡市葵区","長熊"],"4212309":[22,"静岡市葵区","相渕"],"4210396":[22,"榛原郡吉田町","川尻","４０００"],"4210134":[22,"静岡市駿河区","青木"],"4212203":[22,"静岡市葵区","口坂本"],"4211402":[22,"静岡市葵区","諸子沢"],"4211226":[22,"静岡市葵区","西又"],"4211407":[22,"静岡市葵区","楢尾"],"4210500":[22,"牧之原市",""],"4210121":[22,"静岡市駿河区","広野"],"4211307":[22,"静岡市葵区","相俣"],"4212124":[22,"静岡市葵区","足久保口組"],"4210202":[22,"焼津市","下小杉"],"4213107":[22,"静岡市清水区","由比阿僧"],"4210218":[22,"焼津市","下江留"],"4210516":[22,"牧之原市","女神"],"4211312":[22,"静岡市葵区","奈良間"],"4210408":[22,"牧之原市","嶋"],"4211309":[22,"静岡市葵区","杉尾"],"4210513":[22,"牧之原市","松本"],"4213101":[22,"静岡市清水区","由比入山"],"4211131":[22,"志太郡岡部町","内谷"],"4210101":[22,"静岡市駿河区","向敷地"],"4211311":[22,"静岡市葵区","富沢"],"4210402":[22,"牧之原市","勝間"],"4213212":[22,"静岡市清水区","蒲原小金"],"4211303":[22,"静岡市葵区","坂本"],"4210406":[22,"牧之原市","勝田"],"4210596":[22,"牧之原市","波津","１７００－３"],"4211405":[22,"静岡市葵区","坂ノ上"],"4211213":[22,"静岡市葵区","山崎"],"4211121":[22,"志太郡岡部町","岡部"],"4210422":[22,"牧之原市","静波"],"4210511":[22,"牧之原市","片浜"],"4210392":[22,"榛原郡吉田町","大幡","１３００－２"],"4212102":[22,"静岡市葵区","油島"],"4210508":[22,"牧之原市","西萩間"],"4210131":[22,"静岡市駿河区","手越原"],"4212303":[22,"静岡市葵区","有東木"],"4210104":[22,"静岡市駿河区","丸子芹が谷町"],"4210133":[22,"静岡市駿河区","鎌田"],"4211211":[22,"静岡市葵区","慈悲尾"],"4210415":[22,"牧之原市","道場"],"4211202":[22,"静岡市葵区","谷津"],"4211115":[22,"志太郡岡部町","新舟"],"4213104":[22,"静岡市清水区","由比北田"],"4210525":[22,"牧之原市","鬼女新田"],"4212107":[22,"静岡市葵区","門屋"],"4212213":[22,"静岡市葵区","長妻田"],"4212202":[22,"静岡市葵区","口仙俣"],"4213213":[22,"静岡市清水区","蒲原中"],"4212308":[22,"静岡市葵区","蕨野"],"4211222":[22,"静岡市葵区","産女"],"4212122":[22,"静岡市葵区","松野"],"4212227":[22,"静岡市葵区","大沢"],"4211302":[22,"静岡市葵区","鍵穴"],"4210215":[22,"焼津市","西島"],"4210123":[22,"静岡市駿河区","石部"],"4211304":[22,"静岡市葵区","寺島"],"4212111":[22,"静岡市葵区","中ノ郷"],"4210293":[22,"志太郡大井川町","上小杉","１６０２"],"4210195":[22,"静岡市駿河区","丸子新田","１３１"],"4210411":[22,"牧之原市","坂口"],"4212223":[22,"静岡市葵区","落合"],"4212113":[22,"静岡市葵区","安倍口団地"],"4212109":[22,"静岡市葵区","福田ケ谷"],"4212304":[22,"静岡市葵区","渡"],"4213302":[22,"富士市","中野台"],"4211306":[22,"静岡市葵区","昼居渡"],"4210111":[22,"静岡市駿河区","丸子新田"],"4212306":[22,"静岡市葵区","平野"],"4210203":[22,"焼津市","藤守"],"4210403":[22,"牧之原市","中"],"4210593":[22,"牧之原市","波津","１０２"],"4213305":[22,"富士市","岩渕"],"4210413":[22,"牧之原市","仁田"],"4210115":[22,"静岡市駿河区","みずほ"],"4212115":[22,"静岡市葵区","与左衛門新田"],"4213114":[22,"静岡市清水区","由比東倉澤"],"4210298":[22,"志太郡大井川町","下江留","８９６－２"],"4211409":[22,"静岡市葵区","八草"],"4211112":[22,"志太郡岡部町","殿"],"4212104":[22,"静岡市葵区","野田平"],"4211225":[22,"静岡市葵区","小瀬戸"],"4211313":[22,"静岡市葵区","水見色"],"4210125":[22,"静岡市駿河区","用宗小石町"],"4210506":[22,"牧之原市","大寄"],"4210524":[22,"牧之原市","須々木"],"4211392":[22,"静岡市葵区","大原","１０５７"],"4211215":[22,"静岡市葵区","羽鳥"],"4213304":[22,"富士市","木島"],"4210205":[22,"焼津市","宗高"],"4211113":[22,"志太郡岡部町","桂島"],"4210300":[22,"榛原郡吉田町",""],"4211216":[22,"静岡市葵区","羽鳥大門町"],"4210527":[22,"牧之原市","汐見台"],"4212221":[22,"静岡市葵区","中沢"],"4212301":[22,"静岡市葵区","梅ケ島"]}
