{"1076312":[13,"港区","赤坂赤坂Ｂｉｚタワー"],"1078370":[13,"港区","赤坂","１丁目９－１５"],"1078522":[13,"港区","南青山","３丁目１－３０エイベックスビル"],"1076211":[13,"港区","赤坂ミッドタウン・タワー"],"1078373":[13,"港区","赤坂","１丁目９－１５"],"1076130":[13,"港区","赤坂赤坂パークビル"],"1076126":[13,"港区","赤坂赤坂パークビル"],"1078636":[13,"港区","北青山","１丁目２－３青山ビル"],"1076306":[13,"港区","赤坂赤坂Ｂｉｚタワー"],"1078581":[13,"港区","北青山","３丁目３－１１ルネ青山９Ｆ"],"1076231":[13,"港区","赤坂ミッドタウン・タワー"],"1078550":[13,"港区","北青山","３丁目３－１１ルネ北青山ビル６階"],"1076229":[13,"港区","赤坂ミッドタウン・タワー"],"1076213":[13,"港区","赤坂ミッドタウン・タワー"],"1078642":[13,"港区","北青山","３丁目５－１２"],"1078417":[13,"港区","赤坂","４丁目８－１８"],"1076303":[13,"港区","赤坂赤坂Ｂｉｚタワー"],"1078616":[13,"港区","南青山","５丁目４－３１"],"1078460":[13,"港区","赤坂","４丁目８－１０"],"1078579":[13,"港区","赤坂","２丁目１７－２２赤坂ツインタワー東館１２Ｆ"],"1078456":[13,"港区","赤坂","４丁目８－１９"],"1078575":[13,"港区","南青山","３丁目１－３１大手町建物ビル５階"],"1078528":[13,"港区","赤坂","７丁目５－１－６０８"],"1076220":[13,"港区","赤坂ミッドタウン・タワー"],"1078631":[13,"港区","元赤坂","１丁目２－３"],"1076224":[13,"港区","赤坂ミッドタウン・タワー"],"1076115":[13,"港区","赤坂赤坂パークビル"],"1076013":[13,"港区","赤坂赤坂アークヒルズ・アーク森ビル"],"1078466":[13,"港区","赤坂","４丁目９－９"],"1076237":[13,"港区","赤坂ミッドタウン・タワー"],"1078563":[13,"港区","赤坂","４丁目９－１７赤坂第一ビル４Ｆ"],"1076240":[13,"港区","赤坂ミッドタウン・タワー"],"1076206":[13,"港区","赤坂ミッドタウン・タワー"],"1078388":[13,"港区","元赤坂","１丁目３－１"],"1076031":[13,"港区","赤坂赤坂アークヒルズ・アーク森ビル"],"1076110":[13,"港区","赤坂赤坂パークビル"],"1076219":[13,"港区","赤坂ミッドタウン・タワー"],"1078448":[13,"港区","元赤坂","１丁目５－１７"],"1076125":[13,"港区","赤坂赤坂パークビル"],"1078532":[13,"港区","赤坂","１丁目９－１３"],"1076228":[13,"港区","赤坂ミッドタウン・タワー"],"1076309":[13,"港区","赤坂赤坂Ｂｉｚタワー"],"1076230":[13,"港区","赤坂ミッドタウン・タワー"],"1076337":[13,"港区","赤坂赤坂Ｂｉｚタワー"],"1076005":[13,"港区","赤坂赤坂アークヒルズ・アーク森ビル"],"1078674":[13,"港区","赤坂","９丁目６－４４"],"1078667":[13,"港区","北青山","１丁目２－３青山ビル"],"1076236":[13,"港区","赤坂ミッドタウン・タワー"],"1078565":[13,"港区","南青山","４丁目２０－１９"],"1076106":[13,"港区","赤坂赤坂パークビル"],"1076333":[13,"港区","赤坂赤坂Ｂｉｚタワー"],"1076101":[13,"港区","赤坂赤坂パークビル"],"1076035":[13,"港区","赤坂赤坂アークヒルズ・アーク森ビル"],"1078355":[13,"港区","南青山","３丁目８－３６宮忠ビル２Ｆ"],"1076326":[13,"港区","赤坂赤坂Ｂｉｚタワー"],"1076190":[13,"港区","赤坂赤坂パークビル"],"1076202":[13,"港区","赤坂ミッドタウン・タワー"],"1078556":[13,"港区","南青山","２丁目１－１"],"1076209":[13,"港区","赤坂ミッドタウン・タワー"],"1076310":[13,"港区","赤坂赤坂Ｂｉｚタワー"],"1076023":[13,"港区","赤坂赤坂アークヒルズ・アーク森ビル"],"1076002":[13,"港区","赤坂赤坂アークヒルズ・アーク森ビル"],"1076121":[13,"港区","赤坂赤坂パークビル"],"1078520":[13,"港区","赤坂","８丁目５－６翻訳会館"],"1076331":[13,"港区","赤坂赤坂Ｂｉｚタワー"],"1076316":[13,"港区","赤坂赤坂Ｂｉｚタワー"],"1076014":[13,"港区","赤坂赤坂アークヒルズ・アーク森ビル"],"1076028":[13,"港区","赤坂赤坂アークヒルズ・アーク森ビル"],"1076026":[13,"港区","赤坂赤坂アークヒルズ・アーク森ビル"],"1076114":[13,"港区","赤坂赤坂パークビル"],"1076332":[13,"港区","赤坂赤坂Ｂｉｚタワー"],"1078617":[13,"港区","北青山","１丁目３－６"],"1076223":[13,"港区","赤坂ミッドタウン・タワー"],"1078484":[13,"港区","赤坂","３丁目９－１"],"1076307":[13,"港区","赤坂赤坂Ｂｉｚタワー"],"1078560":[13,"港区","南青山","２丁目１１－１７"],"1078623":[13,"港区","北青山","２丁目７－１１"],"1076205":[13,"港区","赤坂ミッドタウン・タワー"],"1076313":[13,"港区","赤坂赤坂Ｂｉｚタワー"],"1078640":[13,"港区","北青山","１丁目２－３青山ビルヂング"],"1078610":[13,"港区","南青山","４丁目２０－１９"],"1076124":[13,"港区","赤坂赤坂パークビル"],"1078401":[13,"港区","赤坂","４丁目９－２２"],"1078414":[13,"港区","赤坂","２丁目３－６"],"1078668":[13,"港区","赤坂","７丁目６－１"],"1078467":[13,"港区","赤坂","４丁目９－９"],"1078324":[13,"港区","赤坂","９丁目７－２"],"1076030":[13,"港区","赤坂赤坂アークヒルズ・アーク森ビル"],"1078527":[13,"港区","赤坂","８丁目５－２７"],"1076238":[13,"港区","赤坂ミッドタウン・タワー"],"1076120":[13,"港区","赤坂赤坂パークビル"],"1078543":[13,"港区","南青山","２丁目３－４"],"1076311":[13,"港区","赤坂赤坂Ｂｉｚタワー"],"1076321":[13,"港区","赤坂赤坂Ｂｉｚタワー"],"1078338":[13,"港区","赤坂","４丁目３－２８ディアプラザ赤坂３０１号"],"1076242":[13,"港区","赤坂ミッドタウン・タワー"],"1076217":[13,"港区","赤坂ミッドタウン・タワー"],"1076006":[13,"港区","赤坂赤坂アークヒルズ・アーク森ビル"],"1076109":[13,"港区","赤坂赤坂パークビル"],"1076336":[13,"港区","赤坂赤坂Ｂｉｚタワー"],"1078323":[13,"港区","赤坂","９丁目７－２"],"1078006":[13,"港区","赤坂","５丁目３－６"],"1076104":[13,"港区","赤坂赤坂パークビル"],"1076016":[13,"港区","赤坂赤坂アークヒルズ・アーク森ビル"],"1076010":[13,"港区","赤坂赤坂アークヒルズ・アーク森ビル"],"1076329":[13,"港区","赤坂赤坂Ｂｉｚタワー"],"1076015":[13,"港区","赤坂赤坂アークヒルズ・アーク森ビル"],"1076234":[13,"港区","赤坂ミッドタウン・タワー"],"1076325":[13,"港区","赤坂赤坂Ｂｉｚタワー"],"1076227":[13,"港区","赤坂ミッドタウン・タワー"],"1076208":[13,"港区","赤坂ミッドタウン・タワー"],"1076019":[13,"港区","赤坂赤坂アークヒルズ・アーク森ビル"],"1078335":[13,"港区","南青山","３丁目１３－１６"],"1078410":[13,"港区","赤坂","１丁目９－１３三会堂ビル"],"1076105":[13,"港区","赤坂赤坂パークビル"],"1078511":[13,"港区","元赤坂","１丁目６－６"],"1076241":[13,"港区","赤坂ミッドタウン・タワー"],"1076024":[13,"港区","赤坂赤坂アークヒルズ・アーク森ビル"],"1078577":[13,"港区","南青山","３丁目１－３０住友生命青山ビル８階"],"1076214":[13,"港区","赤坂ミッドタウン・タワー"],"1076027":[13,"港区","赤坂赤坂アークヒルズ・アーク森ビル"],"1078077":[13,"港区","北青山","２丁目５－１"],"1076111":[13,"港区","赤坂赤坂パークビル"],"1076036":[13,"港区","赤坂赤坂アークヒルズ・アーク森ビル"],"1078627":[13,"港区","赤坂","４丁目８－１４赤坂坂東ビル"],"1076317":[13,"港区","赤坂赤坂Ｂｉｚタワー"],"1076119":[13,"港区","赤坂赤坂パークビル"],"1076003":[13,"港区","赤坂赤坂アークヒルズ・アーク森ビル"],"1076243":[13,"港区","赤坂ミッドタウン・タワー"],"1076129":[13,"港区","赤坂赤坂パークビル"],"1076290":[13,"港区","赤坂ミッドタウン・タワー"],"1078588":[13,"港区","南青山","２丁目１３－１８"],"1078533":[13,"港区","赤坂","６丁目１３－７"],"1076117":[13,"港区","赤坂赤坂パークビル"],"1076244":[13,"港区","赤坂ミッドタウン・タワー"],"1076113":[13,"港区","赤坂赤坂パークビル"],"1076320":[13,"港区","赤坂赤坂Ｂｉｚタワー"],"1078589":[13,"港区","赤坂","４丁目２－６"],"1076029":[13,"港区","赤坂赤坂アークヒルズ・アーク森ビル"],"1076123":[13,"港区","赤坂赤坂パークビル"],"1076330":[13,"港区","赤坂赤坂Ｂｉｚタワー"],"1078583":[13,"港区","赤坂","８丁目５－３０"],"1078650":[13,"港区","北青山","１丁目２－３"],"1076222":[13,"港区","赤坂ミッドタウン・タワー"],"1076218":[13,"港区","赤坂ミッドタウン・タワー"],"1078446":[13,"港区","赤坂","９丁目７－２"],"1078420":[13,"港区","赤坂","１丁目１０－５"],"1078468":[13,"港区","元赤坂","１丁目３－１２"],"1076301":[13,"港区","赤坂赤坂Ｂｉｚタワー"],"1070062":[13,"港区","南青山"],"1076090":[13,"港区","赤坂赤坂アークヒルズ・アーク森ビル"],"1078615":[13,"港区","赤坂","２丁目７－７"],"1078570":[13,"港区","南青山","３丁目１－３０エイベックスビル"],"1076033":[13,"港区","赤坂赤坂アークヒルズ・アーク森ビル"],"1078546":[13,"港区","赤坂","２丁目９－１１"],"1076210":[13,"港区","赤坂ミッドタウン・タワー"],"1076007":[13,"港区","赤坂赤坂アークヒルズ・アーク森ビル"],"1076323":[13,"港区","赤坂赤坂Ｂｉｚタワー"],"1070061":[13,"港区","北青山"],"1076304":[13,"港区","赤坂赤坂Ｂｉｚタワー"],"1076011":[13,"港区","赤坂赤坂アークヒルズ・アーク森ビル"],"1078638":[13,"港区","赤坂","５丁目２－３９"],"1076021":[13,"港区","赤坂赤坂アークヒルズ・アーク森ビル"],"1076314":[13,"港区","赤坂赤坂Ｂｉｚタワー"],"1078552":[13,"港区","南青山","３丁目１－３０住友生命青山ビル"],"1078325":[13,"港区","赤坂","９丁目７－２"],"1078655":[13,"港区","赤坂","６丁目１－２０"],"1076235":[13,"港区","赤坂ミッドタウン・タワー"],"1076128":[13,"港区","赤坂赤坂パークビル"],"1076339":[13,"港区","赤坂赤坂Ｂｉｚタワー"],"1070051":[13,"港区","元赤坂"],"1076103":[13,"港区","赤坂赤坂パークビル"],"1076004":[13,"港区","赤坂赤坂アークヒルズ・アーク森ビル"],"1076022":[13,"港区","赤坂赤坂アークヒルズ・アーク森ビル"],"1076201":[13,"港区","赤坂ミッドタウン・タワー"],"1076215":[13,"港区","赤坂ミッドタウン・タワー"],"1076008":[13,"港区","赤坂赤坂アークヒルズ・アーク森ビル"],"1076207":[13,"港区","赤坂ミッドタウン・タワー"],"1076233":[13,"港区","赤坂ミッドタウン・タワー"],"1078676":[13,"江戸川区","春江町","２丁目３１－１５"],"1076108":[13,"港区","赤坂赤坂パークビル"],"1078628":[13,"港区","赤坂","４丁目８－１４赤坂坂東ビル"],"1076328":[13,"港区","赤坂赤坂Ｂｉｚタワー"],"1078558":[13,"港区","南青山","１丁目２４－４"],"1076204":[13,"港区","赤坂ミッドタウン・タワー"],"1076390":[13,"港区","赤坂赤坂Ｂｉｚタワー"],"1078611":[13,"港区","赤坂","１丁目９－２０第１６興和ビル北館"],"1076226":[13,"港区","赤坂ミッドタウン・タワー"],"1078567":[13,"港区","南青山","２丁目９－２ＡＳビル２階"],"1076017":[13,"港区","赤坂赤坂アークヒルズ・アーク森ビル"],"1076112":[13,"港区","赤坂赤坂パークビル"],"1078625":[13,"港区","赤坂","２丁目２１－７"],"1078371":[13,"港区","赤坂","４丁目１０－３６"],"1076335":[13,"港区","赤坂赤坂Ｂｉｚタワー"],"1078601":[13,"港区","南青山","１丁目１－１新青山ビル"],"1076025":[13,"港区","赤坂赤坂アークヒルズ・アーク森ビル"],"1076037":[13,"港区","赤坂赤坂アークヒルズ・アーク森ビル"],"1078604":[13,"港区","南青山","１丁目１－１新青山ビル"],"1076118":[13,"港区","赤坂赤坂パークビル"],"1076020":[13,"港区","赤坂赤坂アークヒルズ・アーク森ビル"],"1078585":[13,"港区","南青山","１丁目１－１新青山ビル"],"1078505":[13,"港区","赤坂","７丁目２－２１"],"1078331":[13,"港区","赤坂","４丁目１３番１３号"],"1078633":[13,"港区","北青山","２丁目１１－１２"],"1076318":[13,"港区","赤坂赤坂Ｂｉｚタワー"],"1076221":[13,"港区","赤坂ミッドタウン・タワー"],"1078404":[13,"港区","赤坂","１丁目２－２"],"1076302":[13,"港区","赤坂赤坂Ｂｉｚタワー"],"1078477":[13,"港区","元赤坂","１丁目３－８"],"1076324":[13,"港区","赤坂赤坂Ｂｉｚタワー"],"1078639":[13,"港区","北青山","１丁目２－３"],"1078403":[13,"港区","赤坂","１丁目１３－１"],"1076001":[13,"港区","赤坂赤坂アークヒルズ・アーク森ビル"],"1078515":[13,"港区","赤坂","３丁目８－８"],"1078551":[13,"港区","南青山","６丁目１１－１スリーエフ南青山ビル"],"1076338":[13,"港区","赤坂赤坂Ｂｉｚタワー"],"1076305":[13,"港区","赤坂赤坂Ｂｉｚタワー"],"1078525":[13,"港区","南青山","３丁目１－３０エイベックスビル"],"1078326":[13,"港区","赤坂","９丁目７－２"],"1076012":[13,"港区","赤坂赤坂アークヒルズ・アーク森ビル"],"1078630":[13,"港区","北青山","３丁目８－１５"],"1076245":[13,"港区","赤坂ミッドタウン・タワー"],"1078336":[13,"港区","赤坂","６丁目１０－４"],"1078502":[13,"港区","赤坂","６丁目５－３０"],"1076122":[13,"港区","赤坂赤坂パークビル"],"1078545":[13,"港区","南青山","２丁目５－１７－６Ｆ"],"1076018":[13,"港区","赤坂赤坂アークヒルズ・アーク森ビル"],"1076212":[13,"港区","赤坂ミッドタウン・タワー"],"1078521":[13,"港区","赤坂","２丁目１７－１１"],"1076322":[13,"港区","赤坂赤坂Ｂｉｚタワー"],"1076319":[13,"港区","赤坂赤坂Ｂｉｚタワー"],"1076116":[13,"港区","赤坂赤坂パークビル"],"1076203":[13,"港区","赤坂ミッドタウン・タワー"],"1076127":[13,"港区","赤坂赤坂パークビル"],"1078419":[13,"港区","赤坂","５丁目１－３１第６セイコービル４階"],"1076009":[13,"港区","赤坂赤坂アークヒルズ・アーク森ビル"],"1076216":[13,"港区","赤坂ミッドタウン・タワー"],"1076239":[13,"港区","赤坂ミッドタウン・タワー"],"1078348":[13,"港区","赤坂","６丁目５－１１"],"1078530":[13,"港区","赤坂","２丁目１７－２２赤坂ツインタワー"],"1078340":[13,"港区","赤坂","４丁目８－１０"],"1076334":[13,"港区","赤坂赤坂Ｂｉｚタワー"],"1078524":[13,"港区","赤坂","４丁目１３－１３"],"1076032":[13,"港区","赤坂赤坂アークヒルズ・アーク森ビル"],"1078619":[13,"港区","南青山","１丁目１－１新青山ビル西館"],"1078632":[13,"港区","元赤坂","１丁目２－３"],"1076107":[13,"港区","赤坂赤坂パークビル"],"1076232":[13,"港区","赤坂ミッドタウン・タワー"],"1078440":[13,"港区","赤坂","４丁目１－２４"],"1076034":[13,"港区","赤坂赤坂アークヒルズ・アーク森ビル"],"1076225":[13,"港区","赤坂ミッドタウン・タワー"],"1076308":[13,"港区","赤坂赤坂Ｂｉｚタワー"],"1076102":[13,"港区","赤坂赤坂パークビル"],"1078482":[13,"港区","赤坂","５丁目３－６ＴＢＳ放送センター１８階"],"1076315":[13,"港区","赤坂赤坂Ｂｉｚタワー"],"1078557":[13,"港区","南青山","３丁目１－３１大手町建物ビル５階"],"1078342":[13,"港区","赤坂","９丁目７－２"],"1070052":[13,"港区","赤坂"],"1078622":[13,"港区","北青山","３丁目５－１２青山クリスタルビル７階"],"1078680":[13,"港区","南青山","２丁目５－２０"],"1076327":[13,"港区","赤坂赤坂Ｂｉｚタワー"],"1078416":[13,"港区","赤坂","７丁目１０－２０アカサカセブンスアヴェニュービル"]}
