{"0300123":[2,"青森市","大矢沢"],"0300952":[2,"青森市","戸山"],"0301728":[2,"東津軽郡外ヶ浜町","三厩中浜"],"0301721":[2,"東津軽郡外ヶ浜町","三厩鐇泊"],"0308655":[2,"青森市","松森","１丁目８－１"],"0300133":[2,"青森市","雲谷"],"0300851":[2,"青森市","旭町"],"0300921":[2,"青森市","原別"],"0308513":[2,"青森市","橋本","２丁目１－６"],"0308523":[2,"青森市","長島","１丁目３－２６"],"0300845":[2,"青森市","緑"],"0301723":[2,"東津軽郡外ヶ浜町","三厩元宇鉄"],"0300954":[2,"青森市","駒込"],"0300152":[2,"青森市","野沢"],"0301500":[2,"東津軽郡今別町",""],"0301261":[2,"青森市","四戸橋"],"0308554":[2,"青森市","中央","１丁目２２－８"],"0300918":[2,"青森市","けやき"],"0308533":[2,"青森市","緑","３丁目９－２"],"0300855":[2,"青森市","北金沢"],"0300925":[2,"青森市","築木館"],"0308541":[2,"青森市","新町","２丁目４－１"],"0308667":[2,"青森市","橋本","１丁目４－５"],"0308677":[2,"青森市","中央","１丁目１１－１"],"0300141":[2,"青森市","上野"],"0300862":[2,"青森市","古川"],"0308604":[2,"青森市","長島","２丁目２５－３"],"0300853":[2,"青森市","金沢"],"0301311":[2,"東津軽郡外ヶ浜町","蟹田塩越"],"0301303":[2,"東津軽郡外ヶ浜町","蟹田"],"0300145":[2,"青森市","金浜"],"0308622":[2,"青森市","勝田","１丁目３－１"],"0300964":[2,"青森市","南佃"],"0301404":[2,"東津軽郡外ヶ浜町","平舘弥蔵釜"],"0300196":[2,"青森市","大字合子沢","字山崎１５３－４"],"0301503":[2,"東津軽郡今別町","村元"],"0300934":[2,"青森市","戸崎"],"0301403":[2,"東津軽郡外ヶ浜町","平舘元宇田"],"0300902":[2,"青森市","合浦"],"0301505":[2,"東津軽郡今別町","大川平"],"0300153":[2,"青森市","小館"],"0301309":[2,"東津軽郡外ヶ浜町","上蟹田"],"0301273":[2,"青森市","左堰"],"0301515":[2,"東津軽郡今別町","奥平部"],"0300962":[2,"青森市","佃"],"0301701":[2,"北津軽郡中泊町","小泊袰内"],"0301416":[2,"東津軽郡外ヶ浜町","平舘磯山"],"0300184":[2,"青森市","大字荒川","字藤戸１１９－７"],"0300136":[2,"青森市","牛館"],"0300953":[2,"青森市","駒込"],"0301305":[2,"東津軽郡外ヶ浜町","蟹田小国"],"0301501":[2,"東津軽郡今別町","浜名"],"0301271":[2,"青森市","六枚橋"],"0300180":[2,"青森市","第二問屋町","３丁目１－８９"],"0300945":[2,"青森市","桜川"],"0300155":[2,"青森市","大谷"],"0308567":[2,"青森市","本町","５丁目１－５"],"0301724":[2,"東津軽郡外ヶ浜町","三厩釜野澤"],"0301496":[2,"東津軽郡外ヶ浜町","字平舘根岸小川","２０番地１"],"0300943":[2,"青森市","幸畑"],"0301714":[2,"東津軽郡外ヶ浜町","三厩梹榔"],"0308610":[2,"青森市","青葉","３丁目９－１２"],"0301302":[2,"東津軽郡外ヶ浜町","蟹田中師"],"0300913":[2,"青森市","東造道"],"0300151":[2,"青森市","高田"],"0301262":[2,"青森市","後潟"],"0300812":[2,"青森市","堤町"],"0301402":[2,"東津軽郡外ヶ浜町","平舘"],"0300801":[2,"青森市","新町"],"0300941":[2,"青森市","自由ケ丘"],"0301213":[2,"東津軽郡蓬田村","長科"],"0301492":[2,"東津軽郡外ヶ浜町","字平舘根岸湯の沢","１９６"],"0300948":[2,"青森市","虹ケ丘"],"0308520":[2,"青森市","青葉","３丁目１３－４０"],"0300915":[2,"青森市","小柳"],"0308550":[2,"青森市","新町","２丁目２－４"],"0300823":[2,"青森市","橋本"],"0301737":[2,"東津軽郡外ヶ浜町","三厩東町"],"0308545":[2,"青森市","長島","１丁目３番２５号"],"0300843":[2,"青森市","浜田"],"0300822":[2,"青森市","中央"],"0308511":[2,"青森市","長島","１丁目３－５"],"0301716":[2,"東津軽郡外ヶ浜町","三厩尻神"],"0301393":[2,"東津軽郡外ヶ浜町","字蟹田高銅屋","４４－２"],"0308503":[2,"青森市","新町","１丁目７－１"],"0300111":[2,"青森市","荒川"],"0300937":[2,"青森市","本泉"],"0300922":[2,"青森市","泉野"],"0300917":[2,"青森市","矢作"],"0308540":[2,"青森市","新町","２丁目３－１"],"0300841":[2,"青森市","奥野"],"0301201":[2,"東津軽郡蓬田村","広瀬"],"0308515":[2,"青森市","橋本","２丁目２－１７"],"0300113":[2,"青森市","第二問屋町"],"0300192":[2,"青森市","大字野木","字山口２４５－９"],"0300137":[2,"青森市","卸町"],"0300935":[2,"青森市","桑原"],"0301306":[2,"東津軽郡外ヶ浜町","蟹田山本"],"0301733":[2,"東津軽郡外ヶ浜町","三厩新町"],"0308558":[2,"青森市","新町","２丁目４－２５"],"0301411":[2,"東津軽郡外ヶ浜町","平舘根岸"],"0301400":[2,"東津軽郡外ヶ浜町",""],"0301712":[2,"東津軽郡外ヶ浜町","三厩木落"],"0300122":[2,"青森市","野尻"],"0308570":[2,"青森市","長島","１丁目１－１"],"0300131":[2,"青森市","問屋町"],"0300931":[2,"青森市","平新田"],"0301308":[2,"東津軽郡外ヶ浜町","下蟹田"],"0308668":[2,"青森市","橋本","１丁目９－３０"],"0308522":[2,"青森市","長島","１丁目３－２６"],"0308560":[2,"青森市","港町","２丁目１２－１９"],"0300181":[2,"青森市","大字荒川","字柴田１２５－１"],"0301713":[2,"東津軽郡外ヶ浜町","三厩鎧嶋"],"0308611":[2,"青森市","新町","２丁目５－１３"],"0308530":[2,"青森市","新町","２丁目４－３０"],"0301715":[2,"東津軽郡外ヶ浜町","三厩鳴神"],"0300144":[2,"青森市","大別内"],"0308552":[2,"青森市","長島","２丁目２５－３ニッセイ青森センタービル"],"0300904":[2,"青森市","茶屋町"],"0300852":[2,"青森市","大野"],"0301735":[2,"東津軽郡外ヶ浜町","三厩緑ケ丘"],"0300966":[2,"青森市","花園"],"0300125":[2,"青森市","四ツ石"],"0308553":[2,"青森市","東造道","２丁目１－１"],"0301202":[2,"東津軽郡蓬田村","瀬辺地"],"0300142":[2,"青森市","野木"],"0300965":[2,"青森市","松森"],"0301511":[2,"東津軽郡今別町","山崎"],"0301301":[2,"東津軽郡外ヶ浜町","蟹田石浜"],"0301203":[2,"東津軽郡蓬田村","郷沢"],"0300124":[2,"青森市","田茂木野"],"0300854":[2,"青森市","千富町"],"0301405":[2,"東津軽郡外ヶ浜町","平舘石崎沢"],"0300919":[2,"青森市","はまなす"],"0300903":[2,"青森市","栄町"],"0301514":[2,"東津軽郡今別町","砂ケ森"],"0300955":[2,"青森市","駒込"],"0301722":[2,"東津軽郡外ヶ浜町","三厩上宇鉄"],"0301211":[2,"東津軽郡蓬田村","蓬田"],"0300811":[2,"青森市","青柳"],"0301798":[2,"東津軽郡外ヶ浜町","字三厩本町","５９"],"0300901":[2,"青森市","港町"],"0300802":[2,"青森市","本町"],"0300846":[2,"青森市","青葉"],"0300803":[2,"青森市","安方"],"0301731":[2,"東津軽郡外ヶ浜町","三厩本町"],"0301718":[2,"東津軽郡外ヶ浜町","三厩梨ノ木間"],"0300932":[2,"青森市","後萢"],"0300946":[2,"青森市","古館"],"0300861":[2,"青森市","長島"],"0300924":[2,"青森市","滝沢"],"0308649":[2,"青森市","大字浜田","字玉川２０７－１"],"0301304":[2,"東津軽郡外ヶ浜町","蟹田南沢"],"0300942":[2,"青森市","沢山"],"0301504":[2,"東津軽郡今別町","鍋田"],"0300813":[2,"青森市","松原"],"0301736":[2,"東津軽郡外ヶ浜町","三厩桃ケ丘"],"0300933":[2,"青森市","諏訪沢"],"0308505":[2,"青森市","大字浜館","字間瀬５８－１"],"0308555":[2,"青森市","中央","１丁目２２－５"],"0308577":[2,"青森市","新町","２丁目４－２５"],"0300963":[2,"青森市","中佃"],"0300134":[2,"青森市","合子沢"],"0301513":[2,"東津軽郡今別町","袰月"],"0301726":[2,"東津軽郡外ヶ浜町","三厩六條間"],"0300185":[2,"青森市","卸町","１－１"],"0301415":[2,"東津軽郡外ヶ浜町","平舘舟岡"],"0300135":[2,"青森市","新町野"],"0300154":[2,"青森市","入内"],"0308686":[2,"青森市","松森","１丁目４－８"],"0300821":[2,"青森市","勝田"],"0301734":[2,"東津軽郡外ヶ浜町","三厩増川"],"0308556":[2,"青森市","本町","１丁目３番９号ニッセイ青森本町ビル"],"0301214":[2,"東津軽郡蓬田村","中沢"],"0300186":[2,"青森市","問屋町","２丁目１５－２２"],"0300112":[2,"青森市","八ツ役"],"0301732":[2,"東津軽郡外ヶ浜町","三厩家ノ上"],"0300844":[2,"青森市","桂木"],"0300944":[2,"青森市","筒井"],"0300936":[2,"青森市","矢田前"],"0301272":[2,"青森市","小橋"],"0301727":[2,"東津軽郡外ヶ浜町","三厩算用師"],"0308543":[2,"青森市","新町","２丁目５－１"],"0300911":[2,"青森市","造道"],"0301711":[2,"東津軽郡外ヶ浜町","三厩源兵衛間"],"0300847":[2,"青森市","東大野"],"0300121":[2,"青森市","妙見"],"0300916":[2,"青森市","田屋敷"],"0301717":[2,"東津軽郡外ヶ浜町","三厩川柱"],"0300183":[2,"青森市","卸町","１－１"],"0300947":[2,"青森市","浜館"],"0301413":[2,"東津軽郡外ヶ浜町","平舘今津"],"0308633":[2,"青森市","松原","２丁目１－１"],"0300914":[2,"青森市","岡造道"],"0308521":[2,"青森市","浪打","１丁目１４－３"],"0308574":[2,"青森市","新町","１丁目１３－２"],"0300923":[2,"青森市","八幡林"],"0301729":[2,"東津軽郡外ヶ浜町","三厩下平"],"0300951":[2,"青森市","戸山"],"0300132":[2,"青森市","横内"],"0300188":[2,"青森市","大字荒川","字寒水沢１－１２"],"0308510":[2,"青森市","長島","２丁目１８－６"],"0301212":[2,"東津軽郡蓬田村","阿弥陀川"],"0308524":[2,"青森市","長島","１丁目３－２６"],"0300912":[2,"青森市","八重田"],"0301412":[2,"東津軽郡外ヶ浜町","平舘野田"],"0300842":[2,"青森市","浦町"],"0301200":[2,"東津軽郡蓬田村",""],"0301502":[2,"東津軽郡今別町","今別"],"0308566":[2,"青森市","東造道","１丁目１－１"],"0300961":[2,"青森市","浪打"],"0301307":[2,"東津軽郡外ヶ浜町","蟹田大平"],"0300143":[2,"青森市","小畑沢"],"0308580":[2,"青森市","本町","１丁目３－９"],"0301725":[2,"東津軽郡外ヶ浜町","三厩藤嶋"],"0301512":[2,"東津軽郡今別町","大泊"]}
