{"3211111":[9,"鹿沼市","板荷"],"3211425":[9,"日光市","和泉"],"3212111":[9,"宇都宮市","大網町"],"3210523":[9,"那須烏山市","曲畑"],"3211106":[9,"日光市","小倉"],"3213423":[9,"芳賀郡市貝町","市塙"],"3214516":[9,"芳賀郡二宮町","根小屋"],"3214217":[9,"芳賀郡益子町","益子"],"3212595":[9,"日光市","藤原","１"],"3213300":[9,"芳賀郡芳賀町",""],"3212401":[9,"日光市","川室"],"3210515":[9,"那須烏山市","曲田"],"3214364":[9,"真岡市","長田"],"3210214":[9,"下都賀郡壬生町","壬生甲"],"3213403":[9,"芳賀郡市貝町","羽仏"],"3214224":[9,"芳賀郡益子町","本沼"],"3210298":[9,"下都賀郡壬生町","おもちゃのまち","５丁目４－６７"],"3213225":[9,"宇都宮市","満美穴町"],"3210222":[9,"下都賀郡壬生町","駅東町"],"3214218":[9,"芳賀郡益子町","城内坂"],"3213561":[9,"芳賀郡茂木町","後郷"],"3210194":[9,"宇都宮市","上横田町","７９８"],"3210931":[9,"宇都宮市","平松町"],"3211402":[9,"日光市","中鉢石町"],"3214396":[9,"真岡市","鬼怒ケ丘","６"],"3213595":[9,"芳賀郡茂木町","大字茂木","２８８"],"3210626":[9,"那須烏山市","初音"],"3210153":[9,"宇都宮市","北若松原"],"3210692":[9,"那須烏山市","中央","１丁目１－１"],"3214335":[9,"真岡市","下高間木"],"3210116":[9,"宇都宮市","東横田町"],"3214102":[9,"芳賀郡益子町","芦沼"],"3214307":[9,"真岡市","西郷"],"3210143":[9,"宇都宮市","南高砂町"],"3213424":[9,"芳賀郡市貝町","上根"],"3210414":[9,"宇都宮市","中里町"],"3213554":[9,"芳賀郡茂木町","大瀬"],"3210533":[9,"那須烏山市","南大和久"],"3212712":[9,"日光市","日蔭"],"3214402":[9,"真岡市","清水"],"3211515":[9,"日光市","足尾町砂畑"],"3213224":[9,"宇都宮市","刈沼町"],"3212422":[9,"日光市","高柴"],"3210971":[9,"宇都宮市","海道町"],"3213321":[9,"芳賀郡芳賀町","下高根沢"],"3210618":[9,"那須烏山市","横枕"],"3211107":[9,"日光市","小代"],"3212102":[9,"宇都宮市","篠井町"],"3214532":[9,"芳賀郡二宮町","長島"],"3211273":[9,"日光市","吉沢"],"3211414":[9,"日光市","萩垣面"],"3210953":[9,"宇都宮市","東宿郷"],"3211277":[9,"日光市","千本木"],"3212802":[9,"日光市","上三依"],"3213400":[9,"芳賀郡市貝町",""],"3213311":[9,"芳賀郡芳賀町","上延生"],"3212717":[9,"日光市","川俣"],"3211447":[9,"日光市","清滝和の代町"],"3210343":[9,"宇都宮市","田下町"],"3212421":[9,"日光市","栗原"],"3212335":[9,"日光市","森友"],"3214500":[9,"芳賀郡二宮町",""],"3210603":[9,"那須烏山市","谷浅見"],"3212492":[9,"日光市","大桑町","１３８"],"3211523":[9,"日光市","足尾町松原"],"3210158":[9,"宇都宮市","西川田本町"],"3214345":[9,"真岡市","寺内"],"3210217":[9,"下都賀郡壬生町","至宝"],"3214336":[9,"真岡市","西高間木"],"3210627":[9,"那須烏山市","南"],"3214503":[9,"芳賀郡二宮町","桑の川"],"3210974":[9,"宇都宮市","竹林町"],"3211400":[9,"日光市",""],"3211506":[9,"日光市","足尾町下間藤"],"3214293":[9,"芳賀郡益子町","大字益子","２０３０"],"3212112":[9,"宇都宮市","上横倉町"],"3212602":[9,"日光市","一ツ石"],"3213293":[9,"宇都宮市","清原工業団地","１９－１"],"3211436":[9,"日光市","久次良町"],"3214521":[9,"芳賀郡二宮町","久下田"],"3210141":[9,"宇都宮市","さつき"],"3210964":[9,"宇都宮市","駅前通り"],"3210127":[9,"宇都宮市","羽牛田町"],"3210918":[9,"宇都宮市","平塚町"],"3213392":[9,"芳賀郡芳賀町","大字祖母井","１０２０"],"3211411":[9,"日光市","稲荷町"],"3210505":[9,"那須烏山市","上川井"],"3210137":[9,"宇都宮市","針ケ谷"],"3212805":[9,"日光市","独鈷沢"],"3210118":[9,"宇都宮市","インターパーク"],"3210195":[9,"宇都宮市","川田町","８５８"],"3214508":[9,"芳賀郡二宮町","大和田"],"3210413":[9,"宇都宮市","松風台"],"3212342":[9,"日光市","根室"],"3211105":[9,"日光市","文挾町"],"3210407":[9,"宇都宮市","松田新田町"],"3214225":[9,"芳賀郡益子町","長堤"],"3214347":[9,"真岡市","加倉"],"3210595":[9,"那須烏山市","大金","２４０"],"3210624":[9,"那須烏山市","旭"],"3214531":[9,"芳賀郡二宮町","青田"],"3210122":[9,"宇都宮市","下反町町"],"3213531":[9,"芳賀郡茂木町","茂木"],"3214101":[9,"芳賀郡益子町","小宅"],"3213706":[9,"芳賀郡茂木町","河又"],"3210215":[9,"下都賀郡壬生町","壬生乙"],"3212101":[9,"宇都宮市","飯山町"],"3211522":[9,"日光市","足尾町中才"],"3213236":[9,"宇都宮市","竹下町"],"3210165":[9,"宇都宮市","緑"],"3214306":[9,"真岡市","台町"],"3213298":[9,"宇都宮市","清原工業団地","２３－１０"],"3210344":[9,"宇都宮市","田野町"],"3210512":[9,"那須烏山市","高瀬"],"3210113":[9,"宇都宮市","砂田町"],"3210346":[9,"宇都宮市","下荒針町"],"3210945":[9,"宇都宮市","宿郷"],"3213566":[9,"芳賀郡茂木町","小井戸"],"3210501":[9,"那須烏山市","志鳥"],"3210904":[9,"宇都宮市","陽東"],"3210168":[9,"宇都宮市","東原町"],"3210203":[9,"下都賀郡壬生町","幸町"],"3213306":[9,"芳賀郡芳賀町","八ッ木"],"3211505":[9,"日光市","足尾町上の平"],"3211108":[9,"日光市","長畑"],"3213292":[9,"宇都宮市","清原工業団地","２０－２"],"3214538":[9,"芳賀郡二宮町","鷲巣"],"3212336":[9,"日光市","荊沢"],"3213622":[9,"芳賀郡茂木町","北高岡"],"3210102":[9,"宇都宮市","江曽島町"],"3210903":[9,"宇都宮市","下平出町"],"3212601":[9,"日光市","湯西川"],"3211521":[9,"日光市","足尾町遠下"],"3214501":[9,"芳賀郡二宮町","横田"],"3210593":[9,"那須烏山市","月次","５００"],"3214547":[9,"芳賀郡二宮町","谷貝新田"],"3214361":[9,"真岡市","並木町"],"3210142":[9,"宇都宮市","南町"],"3211401":[9,"日光市","上鉢石町"],"3213536":[9,"芳賀郡茂木町","神井"],"3214295":[9,"芳賀郡益子町","大字益子","７０６－２"],"3213301":[9,"芳賀郡芳賀町","給部"],"3212113":[9,"宇都宮市","下横倉町"],"3213233":[9,"宇都宮市","上籠谷町"],"3210965":[9,"宇都宮市","川向町"],"3210921":[9,"宇都宮市","瑞穂"],"3214511":[9,"芳賀郡二宮町","高田"],"3210225":[9,"下都賀郡壬生町","本丸"],"3212427":[9,"日光市","佐下部"],"3214346":[9,"真岡市","松山町"],"3210161":[9,"宇都宮市","大塚町"],"3213235":[9,"宇都宮市","鐺山町"],"3213705":[9,"芳賀郡茂木町","入郷"],"3211434":[9,"日光市","本町"],"3211692":[9,"日光市","中宮祠","２４８５"],"3211501":[9,"日光市","足尾町愛宕下"],"3212523":[9,"日光市","高徳"],"3214222":[9,"芳賀郡益子町","小泉"],"3210227":[9,"下都賀郡壬生町","通町"],"3214404":[9,"真岡市","田島"],"3210237":[9,"下都賀郡壬生町","下稲葉"],"3211104":[9,"日光市","岩崎"],"3210121":[9,"宇都宮市","雀宮町"],"3210293":[9,"下都賀郡壬生町","大字北小林","８８０"],"3210967":[9,"宇都宮市","錦"],"3214215":[9,"芳賀郡益子町","生田目"],"3211265":[9,"日光市","小百"],"3218585":[9,"宇都宮市","陽東","７丁目１－２"],"3212424":[9,"日光市","小百"],"3211412":[9,"日光市","東和町"],"3210912":[9,"宇都宮市","石井町"],"3210914":[9,"宇都宮市","下桑島町"],"3214106":[9,"芳賀郡益子町","七井"],"3213421":[9,"芳賀郡市貝町","笹原田"],"3212114":[9,"宇都宮市","下金井町"],"3210951":[9,"宇都宮市","越戸"],"3213223":[9,"宇都宮市","清原台"],"3211356":[9,"日光市","滝ケ原"],"3213302":[9,"芳賀郡芳賀町","上稲毛田"],"3211424":[9,"日光市","野口"],"3210104":[9,"宇都宮市","台新田"],"3211297":[9,"日光市","土沢","１４４２－１"],"3214398":[9,"真岡市","荒町","５１９７"],"3210124":[9,"宇都宮市","下横田町"],"3210502":[9,"那須烏山市","熊田"],"3214411":[9,"真岡市","上大田和"],"3212715":[9,"日光市","上栗山"],"3212411":[9,"日光市","大桑町"],"3214592":[9,"芳賀郡二宮町","大字石島","８９３－１５"],"3210152":[9,"宇都宮市","西川田"],"3213543":[9,"芳賀郡茂木町","上後郷"],"3210511":[9,"那須烏山市","小河原"],"3212803":[9,"日光市","中三依"],"3210906":[9,"宇都宮市","中久保"],"3210942":[9,"宇都宮市","峰"],"3213544":[9,"芳賀郡茂木町","坂井"],"3214505":[9,"芳賀郡二宮町","沖"],"3213701":[9,"芳賀郡茂木町","山内"],"3213534":[9,"芳賀郡茂木町","青梅"],"3210592":[9,"那須烏山市","熊田","２６８－２"],"3213627":[9,"芳賀郡茂木町","小貫"],"3214414":[9,"真岡市","下鷺谷"],"3210167":[9,"宇都宮市","東浦町"],"3210224":[9,"下都賀郡壬生町","表町"],"3213555":[9,"芳賀郡茂木町","所草"],"3210625":[9,"那須烏山市","宮原"],"3210901":[9,"宇都宮市","平出町"],"3210612":[9,"那須烏山市","大沢"],"3210968":[9,"宇都宮市","中今泉"],"3211404":[9,"日光市","御幸町"],"3214221":[9,"芳賀郡益子町","大郷戸"],"3211275":[9,"日光市","室瀬"],"3210631":[9,"那須烏山市","城山"],"3214332":[9,"真岡市","大谷新町"],"3214104":[9,"芳賀郡益子町","大沢"],"3214355":[9,"真岡市","上大沼"],"3212334":[9,"日光市","水無"],"3211504":[9,"日光市","足尾町上間藤"],"3210917":[9,"宇都宮市","西刑部町"],"3210416":[9,"宇都宮市","高松町"],"3210202":[9,"下都賀郡壬生町","おもちゃのまち"],"3212612":[9,"日光市","川治温泉高原"],"3210636":[9,"那須烏山市","落合"],"3211102":[9,"日光市","板橋"],"3214313":[9,"真岡市","須釜"],"3214366":[9,"真岡市","勝瓜"],"3210615":[9,"那須烏山市","小原沢"],"3213406":[9,"芳賀郡市貝町","塩田"],"3212522":[9,"日光市","鬼怒川温泉大原"],"3213422":[9,"芳賀郡市貝町","石下"],"3214314":[9,"真岡市","南高岡"],"3211435":[9,"日光市","花石町"],"3212115":[9,"宇都宮市","上金井町"],"3218555":[9,"宇都宮市","陽東","６丁目２－１"],"3211423":[9,"日光市","七里"],"3210154":[9,"宇都宮市","西川田東町"],"3210236":[9,"下都賀郡壬生町","上稲葉"],"3210201":[9,"下都賀郡壬生町","安塚"],"3213497":[9,"芳賀郡市貝町","大字赤羽","２６０６"],"3214105":[9,"芳賀郡益子町","北中"],"3211441":[9,"日光市","清滝安良沢町"],"3210527":[9,"那須烏山市","宇井"],"3214308":[9,"真岡市","中郷"],"3214216":[9,"芳賀郡益子町","塙"],"3214315":[9,"真岡市","道祖土"],"3214533":[9,"芳賀郡二宮町","程島"],"3213411":[9,"芳賀郡市貝町","刈生田"],"3212423":[9,"日光市","原宿"],"3212801":[9,"日光市","横川"],"3213232":[9,"宇都宮市","氷室町"],"3218502":[9,"宇都宮市","平出工業団地","９－１"],"3214363":[9,"真岡市","亀山"],"3210503":[9,"那須烏山市","月次"],"3214338":[9,"真岡市","大谷台町"],"3214405":[9,"真岡市","飯貝"],"3210226":[9,"下都賀郡壬生町","中央町"],"3212412":[9,"日光市","倉ケ崎"],"3211103":[9,"日光市","手岡"],"3210235":[9,"下都賀郡壬生町","七ツ石"],"3211426":[9,"日光市","山久保"],"3210602":[9,"那須烏山市","大桶"],"3214300":[9,"真岡市",""],"3210115":[9,"宇都宮市","上御田町"],"3210151":[9,"宇都宮市","西川田町"],"3213425":[9,"芳賀郡市貝町","多田羅"],"3212118":[9,"宇都宮市","新里町"],"3210103":[9,"宇都宮市","台新田町"],"3213303":[9,"芳賀郡芳賀町","稲毛田"],"3210534":[9,"那須烏山市","鴻野山"],"3214223":[9,"芳賀郡益子町","梅ケ内"],"3210415":[9,"宇都宮市","免ノ内町"],"3211514":[9,"日光市","足尾町通洞"],"3210943":[9,"宇都宮市","峰町"],"3213563":[9,"芳賀郡茂木町","林"],"3214337":[9,"真岡市","上高間木"],"3212598":[9,"日光市","鬼怒川温泉滝","８１３"],"3212718":[9,"日光市","若間"],"3214403":[9,"真岡市","原町"],"3212593":[9,"日光市","高徳","６３２"],"3214331":[9,"真岡市","白布ケ丘"],"3212493":[9,"日光市","豊田","７９－１"],"3213412":[9,"芳賀郡市貝町","田野辺"],"3214356":[9,"真岡市","大沼"],"3210131":[9,"宇都宮市","宮の内"],"3210138":[9,"宇都宮市","兵庫塚"],"3210212":[9,"下都賀郡壬生町","寿町"],"3214514":[9,"芳賀郡二宮町","水戸部"],"3214539":[9,"芳賀郡二宮町","長沼"],"3210412":[9,"宇都宮市","関白町"],"3214316":[9,"真岡市","君島"],"3210513":[9,"那須烏山市","小塙"],"3210135":[9,"宇都宮市","五代"],"3212611":[9,"日光市","川治温泉川治"],"3214341":[9,"真岡市","高勢町"],"3211448":[9,"日光市","清滝新細尾町"],"3212405":[9,"日光市","芹沼"],"3210614":[9,"那須烏山市","小木須"],"3210916":[9,"宇都宮市","東木代町"],"3210342":[9,"宇都宮市","福岡町"],"3211503":[9,"日光市","足尾町深沢"],"3214103":[9,"芳賀郡益子町","大平"],"3211493":[9,"日光市","清滝町","５００"],"3211403":[9,"日光市","下鉢石町"],"3213542":[9,"芳賀郡茂木町","九石"],"3211101":[9,"日光市","明神"],"3214502":[9,"芳賀郡二宮町","物井"],"3210155":[9,"宇都宮市","西川田南"],"3210106":[9,"宇都宮市","上横田町"],"3210404":[9,"宇都宮市","芦沼町"],"3214342":[9,"真岡市","伊勢崎"],"3210535":[9,"那須烏山市","小白井"],"3214368":[9,"真岡市","寺久保"],"3212352":[9,"日光市","小林"],"3214334":[9,"真岡市","八木岡"],"3211415":[9,"日光市","日光"],"3210934":[9,"宇都宮市","簗瀬"],"3212413":[9,"日光市","倉ケ崎新田"],"3210164":[9,"宇都宮市","双葉"],"3210169":[9,"宇都宮市","八千代"],"3210613":[9,"那須烏山市","大木須"],"3210635":[9,"那須烏山市","向田"],"3214212":[9,"芳賀郡益子町","上大羽"],"3213551":[9,"芳賀郡茂木町","生井"],"3212333":[9,"日光市","薄井沢"],"3211662":[9,"日光市","湯元"],"3210981":[9,"宇都宮市","上野町"],"3211272":[9,"日光市","今市本町"],"3213325":[9,"芳賀郡芳賀町","芳賀台"],"3210504":[9,"那須烏山市","下川井"],"3210123":[9,"宇都宮市","東谷町"],"3211431":[9,"日光市","山内"],"3214303":[9,"真岡市","八條"],"3213414":[9,"芳賀郡市貝町","椎谷"],"3211263":[9,"日光市","瀬川"],"3214504":[9,"芳賀郡二宮町","鹿"],"3210924":[9,"宇都宮市","下栗"],"3213557":[9,"芳賀郡茂木町","黒田"],"3214401":[9,"真岡市","赤羽"],"3213305":[9,"芳賀郡芳賀町","芳志戸"],"3212713":[9,"日光市","黒部"],"3211443":[9,"日光市","清滝桜ケ丘町"],"3210136":[9,"宇都宮市","みどり野町"],"3212353":[9,"日光市","沓掛"],"3210207":[9,"下都賀郡壬生町","北小林"],"3210126":[9,"宇都宮市","茂原町"],"3214415":[9,"真岡市","下籠谷"],"3211406":[9,"日光市","松原町"],"3214506":[9,"芳賀郡二宮町","大根田"],"3212404":[9,"日光市","轟"],"3210112":[9,"宇都宮市","屋板町"],"3212613":[9,"日光市","藤原"],"3210617":[9,"那須烏山市","上境"],"3214292":[9,"芳賀郡益子町","大字塙","８５８番地"],"3214326":[9,"真岡市","島"],"3213533":[9,"芳賀郡茂木町","桧山"],"3210402":[9,"宇都宮市","今里町"],"3210213":[9,"下都賀郡壬生町","いずみ町"],"3210600":[9,"那須烏山市",""],"3213562":[9,"芳賀郡茂木町","馬門"],"3214302":[9,"真岡市","鶴田"],"3210528":[9,"那須烏山市","小倉"],"3214412":[9,"真岡市","堀内"],"3210107":[9,"宇都宮市","江曽島"],"3214311":[9,"真岡市","根本"],"3210162":[9,"宇都宮市","大和"],"3214321":[9,"真岡市","小林"],"3214393":[9,"真岡市","松山町","１４"],"3214515":[9,"芳賀郡二宮町","反町"],"3214214":[9,"芳賀郡益子町","前沢"],"3213707":[9,"芳賀郡茂木町","小深"],"3210915":[9,"宇都宮市","東刑部町"],"3210234":[9,"下都賀郡壬生町","羽生田"],"3210200":[9,"下都賀郡壬生町",""],"3213621":[9,"芳賀郡茂木町","天子"],"3212356":[9,"日光市","矢野口"],"3210163":[9,"宇都宮市","宮本町"],"3211351":[9,"日光市","東小来川"],"3211354":[9,"日光市","中小来川"],"3214353":[9,"真岡市","粕田"],"3210961":[9,"宇都宮市","今泉新町"],"3211261":[9,"日光市","今市"],"3214323":[9,"真岡市","東沼"],"3210622":[9,"那須烏山市","城東"],"3210341":[9,"宇都宮市","古賀志町"],"3213625":[9,"芳賀郡茂木町","福手"],"3213316":[9,"芳賀郡芳賀町","与能"],"3212351":[9,"日光市","塩野室町"],"3210621":[9,"那須烏山市","中央"],"3212792":[9,"日光市","瀬尾","字大笹原３４０５"],"3210221":[9,"下都賀郡壬生町","藤井"],"3211292":[9,"日光市","今市本町","１"],"3210292":[9,"下都賀郡壬生町","通町","１２－２２"],"3211511":[9,"日光市","足尾町"],"3214535":[9,"芳賀郡二宮町","古山"],"3213404":[9,"芳賀郡市貝町","続谷"],"3210913":[9,"宇都宮市","上桑島町"],"3212332":[9,"日光市","大室"],"3210105":[9,"宇都宮市","横田新町"],"3211432":[9,"日光市","安川町"],"3213535":[9,"芳賀郡茂木町","鮎田"],"3211502":[9,"日光市","足尾町赤倉"],"3210629":[9,"那須烏山市","愛宕台"],"3213222":[9,"宇都宮市","野高谷町"],"3214362":[9,"真岡市","熊倉町"],"3210514":[9,"那須烏山市","森田"],"3210525":[9,"那須烏山市","福岡"],"3213324":[9,"芳賀郡芳賀町","西水沼"],"3212345":[9,"日光市","木和田島"],"3211433":[9,"日光市","匠町"],"3210133":[9,"宇都宮市","新富町"],"3214333":[9,"真岡市","大谷本町"],"3214542":[9,"芳賀郡二宮町","上大曽"],"3214523":[9,"芳賀郡二宮町","さくら"],"3213426":[9,"芳賀郡市貝町","赤羽"],"3210206":[9,"下都賀郡壬生町","あけぼの町"],"3213556":[9,"芳賀郡茂木町","町田"],"3212614":[9,"日光市","川治温泉滝"],"3212116":[9,"宇都宮市","徳次郎町"],"3210925":[9,"宇都宮市","東簗瀬"],"3210634":[9,"那須烏山市","野上"],"3210966":[9,"宇都宮市","今泉"],"3214546":[9,"芳賀郡二宮町","砂ケ原"],"3212806":[9,"日光市","五十里"],"3214325":[9,"真岡市","田町"],"3212344":[9,"日光市","猪倉"],"3213234":[9,"宇都宮市","桑島町"],"3214343":[9,"真岡市","小橋"],"3213413":[9,"芳賀郡市貝町","文谷"],"3214211":[9,"芳賀郡益子町","下大羽"],"3211264":[9,"日光市","瀬尾"],"3211421":[9,"日光市","所野"],"3210522":[9,"那須烏山市","大金"],"3213541":[9,"芳賀郡茂木町","烏生田"],"3210411":[9,"宇都宮市","宮山田町"],"3211661":[9,"日光市","中宮祠"],"3214312":[9,"真岡市","青谷"],"3212426":[9,"日光市","小百"],"3213598":[9,"芳賀郡茂木町","大字茂木","１５５"],"3211442":[9,"日光市","清滝丹勢町"],"3210232":[9,"下都賀郡壬生町","中泉"],"3213628":[9,"芳賀郡茂木町","深沢"],"3214324":[9,"真岡市","西沼"],"3210623":[9,"那須烏山市","表"],"3214507":[9,"芳賀郡二宮町","石島"],"3214227":[9,"芳賀郡益子町","東田井"],"3213702":[9,"芳賀郡茂木町","飯野"],"3214301":[9,"真岡市","西田井"],"3214354":[9,"真岡市","寺分"],"3212354":[9,"日光市","嘉多蔵"],"3210146":[9,"宇都宮市","富士見町"],"3210616":[9,"那須烏山市","下境"],"3210218":[9,"下都賀郡壬生町","落合"],"3210347":[9,"宇都宮市","飯田町"],"3212525":[9,"日光市","小佐越"],"3210147":[9,"宇都宮市","針ケ谷町"],"3210933":[9,"宇都宮市","簗瀬町"],"3214392":[9,"真岡市","鬼怒ケ丘","２－２"],"3210977":[9,"宇都宮市","川俣町"],"3211276":[9,"日光市","下の内"],"3212716":[9,"日光市","野門"],"3214322":[9,"真岡市","東大島"],"3214365":[9,"真岡市","柳林"],"3213565":[9,"芳賀郡茂木町","塩田"],"3210417":[9,"宇都宮市","冬室町"],"3212105":[9,"宇都宮市","下小池町"],"3210601":[9,"那須烏山市","白久"],"3214534":[9,"芳賀郡二宮町","境"],"3210403":[9,"宇都宮市","下小倉町"],"3211405":[9,"日光市","石屋町"],"3212343":[9,"日光市","山口"],"3213532":[9,"芳賀郡茂木町","三坂"],"3214200":[9,"芳賀郡益子町",""],"3214541":[9,"芳賀郡二宮町","上谷貝"],"3213315":[9,"芳賀郡芳賀町","西高橋"],"3211355":[9,"日光市","西小来川"],"3214395":[9,"真岡市","荒町","５１９１"],"3212804":[9,"日光市","芹沢"],"3210345":[9,"宇都宮市","大谷町"],"3210973":[9,"宇都宮市","岩曽町"],"3212104":[9,"宇都宮市","上小池町"],"3213231":[9,"宇都宮市","清原工業団地"],"3210521":[9,"那須烏山市","岩子"],"3210954":[9,"宇都宮市","元今泉"],"3214512":[9,"芳賀郡二宮町","阿部岡"],"3210605":[9,"那須烏山市","滝田"],"3210166":[9,"宇都宮市","今宮"],"3214413":[9,"真岡市","下大田和"],"3211513":[9,"日光市","足尾町向原"],"3210517":[9,"那須烏山市","東原"],"3210205":[9,"下都賀郡壬生町","若草町"],"3210526":[9,"那須烏山市","田野倉"],"3210983":[9,"宇都宮市","御幸本町"],"3213704":[9,"芳賀郡茂木町","牧野"],"3212117":[9,"宇都宮市","岩原町"],"3210134":[9,"宇都宮市","高砂町"],"3214305":[9,"真岡市","荒町"],"3218505":[9,"宇都宮市","峰町","３５０"],"3212331":[9,"日光市","針貝"],"3210944":[9,"宇都宮市","東峰町"],"3213626":[9,"芳賀郡茂木町","飯"],"3210633":[9,"那須烏山市","滝"],"3211449":[9,"日光市","丹勢"],"3213545":[9,"芳賀郡茂木町","下菅又"],"3213553":[9,"芳賀郡茂木町","大畑"],"3210628":[9,"那須烏山市","金井"],"3211446":[9,"日光市","清滝中安戸町"],"3210941":[9,"宇都宮市","東今泉"],"3210902":[9,"宇都宮市","柳田町"],"3210524":[9,"那須烏山市","八ケ代"],"3213323":[9,"芳賀郡芳賀町","北長島"],"3212425":[9,"日光市","小百"],"3213401":[9,"芳賀郡市貝町","竹内"],"3211512":[9,"日光市","足尾町掛水"],"3213322":[9,"芳賀郡芳賀町","東水沼"],"3210233":[9,"下都賀郡壬生町","助谷"],"3212403":[9,"日光市","町谷"],"3210145":[9,"宇都宮市","茂原"],"3212524":[9,"日光市","柄倉"],"3210952":[9,"宇都宮市","泉が丘"],"3210216":[9,"下都賀郡壬生町","壬生丁"],"3210228":[9,"下都賀郡壬生町","大師町"],"3213552":[9,"芳賀郡茂木町","竹原"],"3210985":[9,"宇都宮市","東町"],"3211353":[9,"日光市","南小来川"],"3213498":[9,"芳賀郡市貝町","大字赤羽","２６０６"],"3213564":[9,"芳賀郡茂木町","増井"],"3214226":[9,"芳賀郡益子町","上山"],"3212604":[9,"日光市","赤下"],"3210219":[9,"下都賀郡壬生町","福和田"],"3210117":[9,"宇都宮市","城南"],"3210976":[9,"宇都宮市","岩本町"],"3210963":[9,"宇都宮市","南大通り"],"3210905":[9,"宇都宮市","平出工業団地"],"3213314":[9,"芳賀郡芳賀町","打越新田"],"3214537":[9,"芳賀郡二宮町","西大島"],"3210922":[9,"宇都宮市","さるやま町"],"3212103":[9,"宇都宮市","石那田町"],"3211508":[9,"日光市","足尾町本山"],"3214416":[9,"真岡市","上鷺谷"],"3213237":[9,"宇都宮市","道場宿町"],"3214543":[9,"芳賀郡二宮町","下大曽"],"3212711":[9,"日光市","日向"],"3212414":[9,"日光市","豊田"],"3213296":[9,"宇都宮市","清原工業団地","１１－２"],"3210532":[9,"那須烏山市","藤田"],"3214551":[9,"真岡市","若旅"],"3210211":[9,"下都賀郡壬生町","国谷"],"3210406":[9,"宇都宮市","金田町"],"3210114":[9,"宇都宮市","中島町"],"3212615":[9,"日光市","五十里"],"3213547":[9,"芳賀郡茂木町","千本"],"3210132":[9,"宇都宮市","雀の宮"],"3211445":[9,"日光市","細尾町"],"3210223":[9,"下都賀郡壬生町","元町"],"3213703":[9,"芳賀郡茂木町","河井"],"3210516":[9,"那須烏山市","大里"],"3210911":[9,"宇都宮市","問屋町"],"3214367":[9,"真岡市","鬼怒ケ丘"],"3212596":[9,"日光市","藤原","１－６"],"3213623":[9,"芳賀郡茂木町","木幡"],"3214357":[9,"真岡市","下大沼"],"3214213":[9,"芳賀郡益子町","山本"],"3214513":[9,"芳賀郡二宮町","三谷"],"3210144":[9,"宇都宮市","末広"],"3210000":[9,"宇都宮市",""],"3210972":[9,"宇都宮市","下川俣町"],"3212402":[9,"日光市","大渡"],"3211444":[9,"日光市","清滝"],"3214406":[9,"真岡市","京泉"],"3210932":[9,"宇都宮市","平松本町"],"3210982":[9,"宇都宮市","御幸ケ原町"],"3214304":[9,"真岡市","東郷"],"3214517":[9,"芳賀郡二宮町","阿部品"],"3213415":[9,"芳賀郡市貝町","杉山"],"3214352":[9,"真岡市","若旅"],"3212526":[9,"日光市","鬼怒川温泉滝"],"3210156":[9,"宇都宮市","兵庫塚町"],"3212501":[9,"塩谷郡塩谷町","上寺島"],"3210139":[9,"宇都宮市","若松原"],"3213402":[9,"芳賀郡市貝町","見上"],"3212603":[9,"日光市","西川"],"3211271":[9,"日光市","並木町"],"3210101":[9,"宇都宮市","江曽島本町"],"3210204":[9,"下都賀郡壬生町","緑町"],"3211413":[9,"日光市","相生町"],"3212592":[9,"日光市","鬼怒川温泉滝","５４５"],"3211274":[9,"日光市","土沢"],"3213312":[9,"芳賀郡芳賀町","下延生"],"3214344":[9,"真岡市","茅堤"],"3213500":[9,"芳賀郡茂木町",""],"3210401":[9,"宇都宮市","上小倉町"],"3211507":[9,"日光市","足尾町南橋"],"3214351":[9,"真岡市","中"],"3212355":[9,"日光市","沢又"],"3213295":[9,"宇都宮市","竹下町","９０８"],"3210125":[9,"宇都宮市","御田長島町"],"3213493":[9,"芳賀郡市貝町","大字市塙","１６７５－１"],"3210295":[9,"下都賀郡壬生町","大字壬生","乙３４６２"],"3210632":[9,"那須烏山市","神長"],"3213297":[9,"宇都宮市","清原工業団地","８－１"],"3214544":[9,"芳賀郡二宮町","堀込"],"3210111":[9,"宇都宮市","川田町"],"3214536":[9,"芳賀郡二宮町","上江連"],"3211492":[9,"日光市","中鉢石町","９９９"],"3211422":[9,"日光市","宝殿"],"3213405":[9,"芳賀郡市貝町","大谷津"],"3212616":[9,"日光市","高原"],"3210962":[9,"宇都宮市","今泉町"],"3210923":[9,"宇都宮市","下栗町"],"3211407":[9,"日光市","若杉町"],"3212341":[9,"日光市","大沢町"],"3214522":[9,"芳賀郡二宮町","久下田西"],"3210604":[9,"那須烏山市","中山"],"3211262":[9,"日光市","平ケ崎"],"3210108":[9,"宇都宮市","春日町"],"3213221":[9,"宇都宮市","板戸町"],"3210405":[9,"宇都宮市","上田町"],"3211352":[9,"日光市","宮小来川"],"3210984":[9,"宇都宮市","御幸町"],"3213313":[9,"芳賀郡芳賀町","東高橋"],"3213546":[9,"芳賀郡茂木町","上菅又"],"3210157":[9,"宇都宮市","幕田町"],"3210611":[9,"那須烏山市","興野"],"3212521":[9,"日光市","藤原"],"3210531":[9,"那須烏山市","三箇"],"3213624":[9,"芳賀郡茂木町","小山"],"3212714":[9,"日光市","土呂部"],"3213304":[9,"芳賀郡芳賀町","祖母井"],"3211524":[9,"日光市","足尾町赤沢"],"3214545":[9,"芳賀郡二宮町","大道泉"],"3210975":[9,"宇都宮市","関堀町"],"3210231":[9,"下都賀郡壬生町","上田"]}
