{"0950015":[1,"士別市","東五条"],"0950492":[1,"士別市","朝日町中央","４０４０番地"],"0950039":[1,"士別市","大通北"],"0950182":[1,"士別市","温根別町伊文"],"0950016":[1,"士別市","東六条"],"0950042":[1,"士別市","東十条"],"0950053":[1,"士別市","新学田"],"0950044":[1,"士別市","東山町"],"0950013":[1,"士別市","東三条"],"0950047":[1,"士別市","南町西"],"0950029":[1,"士別市","大通西"],"0958686":[1,"士別市","東六条","４丁目"],"0950000":[1,"士別市",""],"0950404":[1,"士別市","朝日町茂志利"],"0950018":[1,"士別市","東八条"],"0950064":[1,"士別市","川西町"],"0950181":[1,"士別市","温根別町"],"0950056":[1,"士別市","西士別町"],"0950041":[1,"士別市","東九条"],"0950001":[1,"士別市","東一条北"],"0950371":[1,"士別市","上士別町"],"0950024":[1,"士別市","西四条"],"0950002":[1,"士別市","東二条北"],"0950021":[1,"士別市","西一条"],"0950043":[1,"士別市","九十九町"],"0950014":[1,"士別市","東四条"],"0950019":[1,"士別市","大通東"],"0950032":[1,"士別市","西二条北"],"0950063":[1,"士別市","中士別町"],"0950051":[1,"士別市","北町"],"0950012":[1,"士別市","東二条"],"0950025":[1,"士別市","西五条"],"0950045":[1,"士別市","東丘"],"0950403":[1,"士別市","朝日町岩尾内"],"0950007":[1,"士別市","東七条北"],"0950017":[1,"士別市","東七条"],"0950006":[1,"士別市","東六条北"],"0950048":[1,"士別市","東十一条"],"0950402":[1,"士別市","朝日町登和里"],"0950055":[1,"士別市","南士別町"],"0950183":[1,"士別市","温根別町北静川"],"0950406":[1,"士別市","朝日町南朝日"],"0950005":[1,"士別市","東五条北"],"0950046":[1,"士別市","南町東"],"0950034":[1,"士別市","西四条北"],"0950022":[1,"士別市","西二条"],"0950035":[1,"士別市","西五条北"],"0950401":[1,"士別市","朝日町中央"],"0950031":[1,"士別市","西一条北"],"0950054":[1,"士別市","不動町"],"0950003":[1,"士別市","東三条北"],"0958609":[1,"士別市","東四条","３丁目"],"0950023":[1,"士別市","西三条"],"0950033":[1,"士別市","西三条北"],"0950052":[1,"士別市","学田"],"0950011":[1,"士別市","東一条"],"0950008":[1,"士別市","東八条北"],"0950062":[1,"士別市","武徳町"],"0950061":[1,"士別市","下士別町"],"0950405":[1,"士別市","朝日町三栄"],"0950004":[1,"士別市","東四条北"]}
