{"4801204":[23,"瀬戸市","北丘町"],"4801157":[23,"愛知郡長久手町","桜作"],"4801141":[23,"愛知郡長久手町","根の神"],"4800142":[23,"丹羽郡大口町","中小口"],"4801219":[23,"瀬戸市","窯町"],"4801154":[23,"愛知郡長久手町","塚田"],"4801113":[23,"愛知郡長久手町","山野田"],"4801131":[23,"愛知郡長久手町","長湫"],"4801192":[23,"愛知郡長久手町","大字長湫","字横道４１－１"],"4801155":[23,"愛知郡長久手町","平池"],"4801125":[23,"愛知郡長久手町","氏神前"],"4800136":[23,"丹羽郡大口町","堀尾跡"],"4801112":[23,"愛知郡長久手町","砂子"],"4801194":[23,"愛知郡長久手町","大字岩作","字三ケ峯１－１"],"4801156":[23,"愛知郡長久手町","五合池"],"4800143":[23,"丹羽郡大口町","城屋敷"],"4801193":[23,"愛知郡長久手町","大字岩作","字三ケ峯１－１"],"4801215":[23,"瀬戸市","岩屋町"],"4800135":[23,"丹羽郡大口町","御供所"],"4801188":[23,"愛知郡長久手町","菖蒲池","３０１"],"4801132":[23,"愛知郡長久手町","上川原"],"4800121":[23,"丹羽郡大口町","河北"],"4801198":[23,"愛知郡長久手町","大字熊張","字茨ケ廻間１５２２－３"],"4800301":[23,"春日井市","内津町"],"4800104":[23,"丹羽郡扶桑町","斉藤"],"4801197":[23,"愛知郡長久手町","大字長湫","字片平９"],"4800147":[23,"丹羽郡大口町","竹田"],"4800100":[23,"丹羽郡大口町",""],"4800102":[23,"丹羽郡扶桑町","高雄"],"4800197":[23,"丹羽郡大口町","大字小口","字乗船１"],"4800201":[23,"西春日井郡豊山町","青山"],"4801143":[23,"愛知郡長久手町","井堀"],"4801214":[23,"瀬戸市","上品野町"],"4801133":[23,"愛知郡長久手町","原山"],"4800198":[23,"丹羽郡大口町","高橋","１丁目８"],"4800126":[23,"丹羽郡大口町","伝右"],"4800133":[23,"丹羽郡大口町","替地"],"4800294":[23,"西春日井郡豊山町","大字豊場","名古屋空港内"],"4800200":[23,"西春日井郡豊山町",""],"4800106":[23,"丹羽郡扶桑町","小淵"],"4801100":[23,"愛知郡長久手町",""],"4800146":[23,"丹羽郡大口町","余野"],"4800392":[23,"春日井市","神屋町","７１３－８"],"4801201":[23,"瀬戸市","定光寺町"],"4801142":[23,"愛知郡長久手町","蟹原"],"4800193":[23,"丹羽郡大口町","下小口","５丁目２５－１"],"4800302":[23,"春日井市","西尾町"],"4801207":[23,"瀬戸市","品野町"],"4801217":[23,"瀬戸市","井山町"],"4801114":[23,"愛知郡長久手町","長配"],"4801111":[23,"愛知郡長久手町","山越"],"4800202":[23,"西春日井郡豊山町","豊場"],"4800132":[23,"丹羽郡大口町","秋田"],"4800144":[23,"丹羽郡大口町","下小口"],"4800393":[23,"春日井市","神屋町","引沢１－３９"],"4801216":[23,"瀬戸市","鳥原町"],"4801196":[23,"愛知郡長久手町","大字岩作","字城の内６０番地の１"],"4800305":[23,"春日井市","坂下町"],"4801115":[23,"愛知郡長久手町","菖蒲池"],"4801213":[23,"瀬戸市","白岩町"],"4801102":[23,"愛知郡長久手町","前熊"],"4801205":[23,"瀬戸市","落合町"],"4800306":[23,"春日井市","上野町"],"4800288":[23,"西春日井郡豊山町","大字豊場","字林先１番８"],"4800145":[23,"丹羽郡大口町","丸"],"4801124":[23,"愛知郡長久手町","戸田谷"],"4801203":[23,"瀬戸市","広之田町"],"4801211":[23,"瀬戸市","上半田川町"],"4800139":[23,"丹羽郡大口町","奈良子"],"4801298":[23,"瀬戸市","上品野町","１３５０"],"4800101":[23,"丹羽郡扶桑町","山那"],"4801195":[23,"愛知郡長久手町","大字岩作","字雁又２１"],"4801121":[23,"愛知郡長久手町","武蔵塚"],"4801206":[23,"瀬戸市","八床町"],"4800124":[23,"丹羽郡大口町","萩島"],"4800292":[23,"西春日井郡豊山町","大字豊場","字新栄２６０"],"4800141":[23,"丹羽郡大口町","上小口"],"4801152":[23,"愛知郡長久手町","打越"],"4800123":[23,"丹羽郡大口町","二ツ屋"],"4800395":[23,"春日井市","坂下町","１丁目８７５"],"4800134":[23,"丹羽郡大口町","豊田"],"4801151":[23,"愛知郡長久手町","久保山"],"4801144":[23,"愛知郡長久手町","熊田"],"4801103":[23,"愛知郡長久手町","岩作"],"4800127":[23,"丹羽郡大口町","新宮"],"4801101":[23,"愛知郡長久手町","熊張"],"4800282":[23,"西春日井郡豊山町","大字豊場","字林先１番８"],"4801122":[23,"愛知郡長久手町","城屋敷"],"4800125":[23,"丹羽郡大口町","外坪"],"4800122":[23,"丹羽郡大口町","仲沖"],"4800137":[23,"丹羽郡大口町","大屋敷"],"4800138":[23,"丹羽郡大口町","大御堂"],"4800192":[23,"丹羽郡大口町","中小口","１丁目１"],"4800131":[23,"丹羽郡大口町","高橋"],"4800103":[23,"丹羽郡扶桑町","柏森"],"4800304":[23,"春日井市","神屋町"],"4801212":[23,"瀬戸市","片草町"],"4800296":[23,"西春日井郡豊山町","大字豊場","字八反１０７"],"4801116":[23,"愛知郡長久手町","杁ケ池"],"4800148":[23,"丹羽郡大口町","小口"],"4801117":[23,"愛知郡長久手町","喜婦嶽"],"4801189":[23,"愛知郡長久手町","蟹原","２２０１"],"4801218":[23,"瀬戸市","中品野町"],"4801153":[23,"愛知郡長久手町","作田"],"4800281":[23,"西春日井郡豊山町","大字豊場","字八反１０７番地"],"4800303":[23,"春日井市","明知町"],"4800105":[23,"丹羽郡扶桑町","南山名"],"4800291":[23,"西春日井郡豊山町","大字豊場","字八反１０７"],"4801123":[23,"愛知郡長久手町","東狭間"],"4801202":[23,"瀬戸市","下半田川町"],"4800107":[23,"丹羽郡扶桑町","高木"],"4800195":[23,"丹羽郡大口町","大字豊田","字野田１"]}
