{"0820056":[1,"河西郡芽室町","東六条南"],"0820053":[1,"河西郡芽室町","東三条南"],"0820051":[1,"河西郡芽室町","東一条南"],"0820071":[1,"河西郡芽室町","新生"],"0820019":[1,"河西郡芽室町","東九条"],"0820038":[1,"河西郡芽室町","西八条"],"0820075":[1,"河西郡芽室町","坂の上"],"0820078":[1,"河西郡芽室町","渋山"],"0820001":[1,"河西郡芽室町","平和"],"0820382":[1,"河西郡芽室町","雄馬別"],"0820032":[1,"河西郡芽室町","西二条"],"0820076":[1,"河西郡芽室町","美生"],"0820086":[1,"河西郡芽室町","中美生"],"0820006":[1,"河西郡芽室町","東芽室南"],"0820384":[1,"河西郡芽室町","上美生"],"0820018":[1,"河西郡芽室町","東八条"],"0820054":[1,"河西郡芽室町","東四条南"],"0820011":[1,"河西郡芽室町","東一条"],"0820002":[1,"河西郡芽室町","北明"],"0820383":[1,"河西郡芽室町","伏美"],"0820031":[1,"河西郡芽室町","西一条"],"0820057":[1,"河西郡芽室町","東七条南"],"0820020":[1,"河西郡芽室町","東十条"],"0820073":[1,"河西郡芽室町","中伏古"],"0820040":[1,"河西郡芽室町","西十条"],"0820087":[1,"河西郡芽室町","上芽室東"],"0820013":[1,"河西郡芽室町","東三条"],"0820062":[1,"河西郡芽室町","西二条南"],"0820037":[1,"河西郡芽室町","西七条"],"0820802":[1,"河西郡芽室町","東めむろ二条北"],"0820801":[1,"河西郡芽室町","東めむろ一条北"],"0820009":[1,"河西郡芽室町","祥栄西"],"0820017":[1,"河西郡芽室町","東七条"],"0820081":[1,"河西郡芽室町","新生南"],"0820812":[1,"河西郡芽室町","東めむろ二条南"],"0820061":[1,"河西郡芽室町","西一条南"],"0820039":[1,"河西郡芽室町","西九条"],"0820007":[1,"河西郡芽室町","北芽室"],"0820010":[1,"河西郡芽室町","祥栄北"],"0820021":[1,"河西郡芽室町","東十一条"],"0820005":[1,"河西郡芽室町","東芽室基線"],"0820034":[1,"河西郡芽室町","西四条"],"0820803":[1,"河西郡芽室町","東めむろ三条北"],"0820022":[1,"河西郡芽室町","東十二条"],"0820035":[1,"河西郡芽室町","西五条"],"0820012":[1,"河西郡芽室町","東二条"],"0820015":[1,"河西郡芽室町","東五条"],"0820813":[1,"河西郡芽室町","東めむろ三条南"],"0820008":[1,"河西郡芽室町","毛根"],"0820077":[1,"河西郡芽室町","上芽室南"],"0828650":[1,"河西郡芽室町","東一条","２丁目１７番地"],"0820016":[1,"河西郡芽室町","東六条"],"0820082":[1,"河西郡芽室町","北伏古東"],"0820072":[1,"河西郡芽室町","北伏古南"],"0820044":[1,"河西郡芽室町","芽室南"],"0820033":[1,"河西郡芽室町","西三条"],"0820042":[1,"河西郡芽室町","芽室北"],"0820064":[1,"河西郡芽室町","西四条南"],"0820079":[1,"河西郡芽室町","新朝日"],"0820052":[1,"河西郡芽室町","東二条南"],"0820030":[1,"河西郡芽室町","本通"],"0820041":[1,"河西郡芽室町","西十一条"],"0820003":[1,"河西郡芽室町","西士狩"],"0820084":[1,"河西郡芽室町","上芽室北"],"0820000":[1,"河西郡芽室町",""],"0820014":[1,"河西郡芽室町","東四条"],"0820063":[1,"河西郡芽室町","西三条南"],"0820381":[1,"河西郡芽室町","上伏古"],"0820085":[1,"河西郡芽室町","上芽室基線"],"0820004":[1,"河西郡芽室町","東芽室北"],"0820811":[1,"河西郡芽室町","東めむろ一条南"],"0828651":[1,"河西郡芽室町","東二条","２丁目１４番地"],"0820083":[1,"河西郡芽室町","中伏古東"],"0820060":[1,"河西郡芽室町","本通南"],"0820036":[1,"河西郡芽室町","西六条"],"0820043":[1,"河西郡芽室町","芽室基線"],"0820385":[1,"河西郡芽室町","渋山"],"0820074":[1,"河西郡芽室町","栄"]}
