{"0580041":[1,"浦河郡浦河町","東幌別"],"0580001":[1,"様似郡様似町","旭"],"0580021":[1,"様似郡様似町","新富"],"0580292":[1,"幌泉郡えりも町","字本町","２０６番地"],"0580002":[1,"様似郡様似町","幌満"],"0580204":[1,"幌泉郡えりも町","本町"],"0580201":[1,"幌泉郡えりも町","東洋"],"0580031":[1,"様似郡様似町","西様似"],"0580013":[1,"様似郡様似町","緑町"],"0580202":[1,"幌泉郡えりも町","歌別"],"0580206":[1,"幌泉郡えりも町","笛舞"],"0580342":[1,"幌泉郡えりも町","えりも岬"],"0580004":[1,"様似郡様似町","平宇"],"0580200":[1,"幌泉郡えりも町",""],"0580022":[1,"様似郡様似町","岡田"],"0588501":[1,"様似郡様似町","大通","１丁目２１番地"],"0580422":[1,"幌泉郡えりも町","目黒"],"0580015":[1,"様似郡様似町","錦町"],"0580000":[1,"様似郡様似町",""],"0580205":[1,"幌泉郡えりも町","大和"],"0580012":[1,"様似郡様似町","朝日丘"],"0580341":[1,"幌泉郡えりも町","苫別"],"0580032":[1,"様似郡様似町","西町"],"0580207":[1,"幌泉郡えりも町","近浦"],"0580023":[1,"様似郡様似町","栄町"],"0580011":[1,"様似郡様似町","田代"],"0580421":[1,"幌泉郡えりも町","庶野"],"0580027":[1,"様似郡様似町","潮見台"],"0580014":[1,"様似郡様似町","大通"],"0580203":[1,"幌泉郡えりも町","新浜"],"0580033":[1,"様似郡様似町","鵜苫"],"0580024":[1,"様似郡様似町","会所町"],"0580025":[1,"様似郡様似町","港町"],"0580003":[1,"様似郡様似町","冬島"],"0580343":[1,"幌泉郡えりも町","東洋"],"0580026":[1,"様似郡様似町","本町"]}
