{"2238522":[14,"横浜市港北区","日吉","３丁目１４－１"],"2238526":[14,"横浜市港北区","日吉","４丁目１－１"],"2238539":[14,"横浜市港北区","綱島東","２丁目６－５４"],"2230058":[14,"横浜市港北区","新吉田東"],"2238580":[14,"横浜市港北区","新羽町","１２６１"],"2238572":[14,"横浜市港北区","新吉田町","７８１"],"2238501":[14,"横浜市港北区","新吉田町","３１７６"],"2238533":[14,"横浜市港北区","箕輪町","２丁目７－３"],"2230062":[14,"横浜市港北区","日吉本町"],"2238507":[14,"横浜市港北区","新吉田町","７８１"],"2238540":[14,"横浜市港北区","綱島東","５丁目１０－４１"],"2238520":[14,"横浜市港北区","新吉田町","２８９９"],"2230065":[14,"横浜市港北区","高田東"],"2238588":[14,"横浜市港北区","綱島東","６丁目７－９"],"2238508":[14,"横浜市港北区","綱島東","６丁目３－２０"],"2238567":[14,"横浜市港北区","箕輪町","２丁目７－５"],"2238525":[14,"横浜市港北区","綱島西","５丁目４－４４"],"2238530":[14,"横浜市港北区","新吉田町","５３３"],"2230051":[14,"横浜市港北区","箕輪町"],"2230055":[14,"横浜市港北区","綱島上町"],"2238560":[14,"横浜市港北区","綱島東","５丁目４－６"],"2238558":[14,"横浜市港北区","新羽町","１２１５"],"2238542":[14,"横浜市港北区","綱島東","５丁目８－３４"],"2230056":[14,"横浜市港北区","新吉田町"],"2230061":[14,"横浜市港北区","日吉"],"2230052":[14,"横浜市港北区","綱島東"],"2238521":[14,"横浜市港北区","日吉","４丁目１－１"],"2230064":[14,"横浜市港北区","下田町"],"2238639":[14,"横浜市港北区","綱島東","４丁目３－１"],"2238686":[14,"横浜市港北区","箕輪町","２丁目７－２"],"2230066":[14,"横浜市港北区","高田西"],"2230063":[14,"横浜市港北区","高田町"],"2238550":[14,"横浜市港北区","新吉田町","１５７"],"2230059":[14,"横浜市港北区","北新横浜"],"2238523":[14,"横浜市港北区","日吉本町","２丁目１－１"],"2238577":[14,"横浜市港北区","日吉本町","４丁目８－１"],"2238541":[14,"横浜市港北区","新吉田町","２９３３"],"2238585":[14,"横浜市港北区","綱島西","６丁目１３－３２"],"2238555":[14,"横浜市港北区","綱島西","５丁目４－５"],"2230057":[14,"横浜市港北区","新羽町"],"2238505":[14,"横浜市港北区","綱島東","２丁目６－３３"],"2238566":[14,"横浜市港北区","箕輪町","２丁目９－１"],"2238506":[14,"横浜市港北区","新吉田町","２９４０"],"2238512":[14,"横浜市港北区","綱島東","５丁目１０－２６"],"2230054":[14,"横浜市港北区","綱島台"],"2238510":[14,"横浜市港北区","高田町","７１１－１"],"2238503":[14,"横浜市港北区","箕輪町","１丁目１８－１２"],"2238502":[14,"横浜市港北区","新羽町","１７６９"],"2230053":[14,"横浜市港北区","綱島西"]}
