{"4060823":[19,"笛吹市","八代町永井"],"4060807":[19,"笛吹市","御坂町二之宮"],"4060013":[19,"笛吹市","春日居町寺本"],"4060811":[19,"笛吹市","御坂町下野原"],"4060822":[19,"笛吹市","八代町南"],"4060817":[19,"笛吹市","御坂町大野寺"],"4060842":[19,"笛吹市","境川町石橋"],"4060045":[19,"笛吹市","石和町井戸"],"4060806":[19,"笛吹市","御坂町八千蔵"],"4060026":[19,"笛吹市","石和町中川"],"4068601":[19,"笛吹市","石和町広瀬","７８５東八代合同庁舎内"],"4060855":[19,"笛吹市","境川町大窪"],"4060025":[19,"笛吹市","石和町上平井"],"4060843":[19,"笛吹市","境川町前間田"],"4060012":[19,"笛吹市","春日居町熊野堂"],"4060011":[19,"笛吹市","春日居町徳条"],"4060032":[19,"笛吹市","石和町四日市場"],"4060854":[19,"笛吹市","境川町寺尾"],"4060845":[19,"笛吹市","境川町坊ケ峰"],"4060023":[19,"笛吹市","石和町八田"],"4060041":[19,"笛吹市","石和町東高橋"],"4060024":[19,"笛吹市","石和町川中島"],"4060825":[19,"笛吹市","八代町大間田"],"4060844":[19,"笛吹市","境川町小山"],"4060832":[19,"笛吹市","八代町竹居"],"4060818":[19,"笛吹市","御坂町蕎麦塚"],"4060035":[19,"笛吹市","石和町広瀬"],"4060813":[19,"笛吹市","御坂町上黒駒"],"4060852":[19,"笛吹市","境川町大黒坂"],"4060027":[19,"笛吹市","石和町下平井"],"4060036":[19,"笛吹市","石和町窪中島"],"4060824":[19,"笛吹市","八代町増利"],"4060021":[19,"笛吹市","石和町松本"],"4068555":[19,"笛吹市","八代町南","９１７"],"4060853":[19,"笛吹市","境川町藤垈"],"4060814":[19,"笛吹市","御坂町藤野木"],"4060001":[19,"笛吹市","春日居町下岩下"],"4060031":[19,"笛吹市","石和町市部"],"4060804":[19,"笛吹市","御坂町夏目原"],"4060833":[19,"笛吹市","八代町奈良原"],"4060033":[19,"笛吹市","石和町小石和"],"4060005":[19,"笛吹市","春日居町加茂"],"4060816":[19,"笛吹市","御坂町竹居"],"4060802":[19,"笛吹市","御坂町金川原"],"4060815":[19,"笛吹市","御坂町尾山"],"4060831":[19,"笛吹市","八代町高家"],"4060046":[19,"笛吹市","石和町東油川"],"4060004":[19,"笛吹市","春日居町小松"],"4060000":[19,"笛吹市",""],"4060851":[19,"笛吹市","境川町小黒坂"],"4060834":[19,"笛吹市","八代町岡"],"4060812":[19,"笛吹市","御坂町下黒駒"],"4060014":[19,"笛吹市","春日居町国府"],"4060002":[19,"笛吹市","春日居町別田"],"4060042":[19,"笛吹市","石和町今井"],"4068505":[19,"笛吹市","春日居町寺本","１３６"],"4060034":[19,"笛吹市","石和町唐柏"],"4060044":[19,"笛吹市","石和町砂原"],"4060821":[19,"笛吹市","八代町北"],"4060022":[19,"笛吹市","石和町山崎"],"4060803":[19,"笛吹市","御坂町井之上"],"4060808":[19,"笛吹市","御坂町国衙"],"4060801":[19,"笛吹市","御坂町成田"],"4060003":[19,"笛吹市","春日居町桑戸"],"4060805":[19,"笛吹市","御坂町栗合"],"4068510":[19,"笛吹市","石和町市部","７７７"],"4060846":[19,"笛吹市","境川町三椚"],"4060015":[19,"笛吹市","春日居町鎮目"],"4060835":[19,"笛吹市","八代町米倉"],"4060043":[19,"笛吹市","石和町河内"],"4060841":[19,"笛吹市","境川町大坪"],"4068558":[19,"笛吹市","石和町唐柏","１０００－４"]}
