{"3920017":[20,"諏訪市","城南"],"3928601":[20,"諏訪市","上川","１丁目１６４４－１０長野県諏訪合同庁舎内"],"3928511":[20,"諏訪市","高島","１丁目２２－３０"],"3928578":[20,"諏訪市","大字四賀","広瀬橋通７８４１番地"],"3920004":[20,"諏訪市","諏訪"],"3920006":[20,"諏訪市","元町"],"3928577":[20,"諏訪市","湖岸通り","２丁目７－２１"],"3920131":[20,"諏訪市","湖南"],"3920002":[20,"諏訪市","湯の脇"],"3920008":[20,"諏訪市","霧ケ峰"],"3928520":[20,"諏訪市","小和田南","１３－６"],"3920022":[20,"諏訪市","高島"],"3920010":[20,"諏訪市","渋崎"],"3920003":[20,"諏訪市","上諏訪"],"3928610":[20,"諏訪市","清水","２丁目５－２２"],"3928501":[20,"諏訪市","諏訪","１丁目７－２０"],"3920007":[20,"諏訪市","清水"],"3920023":[20,"諏訪市","小和田南"],"3928549":[20,"諏訪市","岡村","２丁目１３－２８"],"3928505":[20,"諏訪市","大字中洲","４６００"],"3928510":[20,"諏訪市","湖岸通り","５丁目１１－５０"],"3920016":[20,"諏訪市","豊田"],"3928609":[20,"諏訪市","大字四賀","８２１"],"3920025":[20,"諏訪市","末広"],"3920013":[20,"諏訪市","沖田町"],"3920011":[20,"諏訪市","赤羽根"],"3920027":[20,"諏訪市","湖岸通り"],"3928686":[20,"諏訪市","高島","１丁目８－３０"],"3928585":[20,"諏訪市","大字四賀","１０７"],"3920014":[20,"諏訪市","南町"],"3920026":[20,"諏訪市","大手"],"3920015":[20,"諏訪市","中洲"],"3928627":[20,"諏訪市","大手","１丁目１４－６"],"3920021":[20,"諏訪市","上川"],"3928502":[20,"諏訪市","大和","３丁目３－５"],"3920009":[20,"諏訪市","杉菜池"],"3920012":[20,"諏訪市","四賀"],"3928548":[20,"諏訪市","清水","１丁目１０－１"],"3920001":[20,"諏訪市","大和"],"3928611":[20,"諏訪市","高島","３丁目１３２３－１"],"3920024":[20,"諏訪市","小和田"],"3920000":[20,"諏訪市",""],"3920005":[20,"諏訪市","岡村"],"3928555":[20,"諏訪市","小和田南","１４－７"],"3928540":[20,"諏訪市","湖岸通り","２丁目３－１７"]}
