{"5011142":[21,"岐阜市","東改田"],"5014206":[21,"郡上市","八幡町吉野"],"5013977":[21,"関市","清水町"],"5012544":[21,"岐阜市","世保西"],"5016005":[21,"羽島郡岐南町","若宮地"],"5011182":[21,"岐阜市","秋沢"],"5015416":[21,"高山市","荘川町町屋"],"5011164":[21,"岐阜市","西改田東改田入会地"],"5016055":[21,"羽島郡笠松町","西町"],"5013922":[21,"関市","大杉"],"5010413":[21,"本巣市","見延"],"5013221":[21,"関市","西貸上"],"5013752":[21,"美濃市","松栄町"],"5013102":[21,"岐阜市","岩井万場"],"5016081":[21,"羽島郡笠松町","東陽町"],"5010705":[21,"揖斐郡揖斐川町","外津汲"],"5011125":[21,"岐阜市","古市場東町田"],"5011114":[21,"岐阜市","今川"],"5012809":[21,"関市","洞戸小瀬見"],"5016254":[21,"羽島市","福寿町本郷"],"5010404":[21,"本巣市","春近"],"5010462":[21,"本巣市","宗慶"],"5010106":[21,"岐阜市","西河渡"],"5016058":[21,"羽島郡笠松町","上柳川町"],"5013923":[21,"関市","新迫間"],"5010813":[21,"揖斐郡揖斐川町","山手"],"5013252":[21,"関市","山王通"],"5013937":[21,"関市","前山町"],"5016232":[21,"羽島市","竹鼻町狐穴"],"5010511":[21,"揖斐郡大野町","稲畑"],"5013851":[21,"関市","相生町"],"5014502":[21,"郡上市","和良町宮代"],"5010445":[21,"本巣郡北方町","柱本南"],"5010114":[21,"岐阜市","西鏡島"],"5012901":[21,"関市","板取"],"5014223":[21,"郡上市","八幡町稲成"],"5014104":[21,"郡上市","美並町梅原"],"5013211":[21,"関市","関ノ上"],"5014512":[21,"郡上市","和良町上土京"],"5010312":[21,"瑞穂市","美江寺"],"5013700":[21,"美濃市",""],"5014298":[21,"郡上市","八幡町新町","９６１"],"5012697":[21,"関市","武芸川町","跡部１３３３－１"],"5013818":[21,"関市","吉本町"],"5013917":[21,"関市","北天神"],"5013300":[21,"加茂郡富加町",""],"5013392":[21,"加茂郡富加町","瀧田","１５１１"],"5012802":[21,"関市","洞戸通元寺"],"5011392":[21,"揖斐郡揖斐川町","谷汲名礼","２６５－４３"],"5014233":[21,"郡上市","八幡町瀬取"],"5010453":[21,"本巣郡北方町","高屋分木"],"5013834":[21,"関市","大門町"],"5016326":[21,"羽島市","桑原町東方"],"5011201":[21,"本巣市","山口"],"5013788":[21,"美濃市","蕨生"],"5013267":[21,"関市","星ケ丘"],"5014211":[21,"郡上市","八幡町中坪"],"5014505":[21,"郡上市","和良町東野"],"5015423":[21,"高山市","荘川町岩瀬"],"5012522":[21,"岐阜市","門屋溝上"],"5010504":[21,"揖斐郡大野町","野"],"5013761":[21,"美濃市","横越"],"5012814":[21,"関市","洞戸菅谷"],"5016243":[21,"羽島市","竹鼻町西野町"],"5011504":[21,"本巣市","根尾天神堂"],"5013772":[21,"美濃市","楓台"],"5012311":[21,"山県市","椿"],"5016312":[21,"羽島市","上中町一色"],"5013963":[21,"関市","片倉町"],"5016264":[21,"羽島市","小熊町島"],"5015405":[21,"高山市","荘川町寺河戸"],"5010293":[21,"瑞穂市","別府","１２８８"],"5013787":[21,"美濃市","上野"],"5012552":[21,"岐阜市","溝口東"],"5010457":[21,"本巣郡北方町","高屋太子"],"5013107":[21,"岐阜市","加野"],"5013153":[21,"岐阜市","静が丘町"],"5010562":[21,"揖斐郡大野町","松山"],"5016061":[21,"羽島郡笠松町","泉町"],"5013201":[21,"関市","小野"],"5010423":[21,"本巣郡北方町","芝原東町"],"5014611":[21,"郡上市","大和町万場"],"5016262":[21,"羽島市","小熊町内粟野"],"5014307":[21,"郡上市","明宝二間手"],"5013147":[21,"岐阜市","芥見堀田"],"5016181":[21,"羽島郡笠松町","司町","１"],"5013875":[21,"関市","森西町"],"5015624":[21,"大野郡白川村","有家ケ原"],"5013811":[21,"関市","東本郷通"],"5012602":[21,"関市","武芸川町小知野"],"5016228":[21,"羽島市","正木町不破一色"],"5016203":[21,"羽島市","足近町南宿"],"5013848":[21,"関市","末広町"],"5014218":[21,"郡上市","八幡町鍛冶屋町"],"5012514":[21,"岐阜市","三輪宮前"],"5010600":[21,"揖斐郡揖斐川町",""],"5013823":[21,"関市","東出町"],"5016075":[21,"羽島郡笠松町","西宮町"],"5016338":[21,"羽島市","堀津町須賀中"],"5015692":[21,"大野郡白川村","大字鳩谷","５１７"],"5014228":[21,"郡上市","八幡町桜町"],"5010624":[21,"揖斐郡揖斐川町","岡"],"5013746":[21,"美濃市","中央"],"5011122":[21,"岐阜市","古市場老ノ上"],"5010502":[21,"揖斐郡大野町","古川"],"5011525":[21,"本巣市","根尾今村"],"5012133":[21,"山県市","上願"],"5016088":[21,"羽島郡笠松町","美笠通"],"5013894":[21,"関市","若草通","３丁目１番地"],"5010307":[21,"瑞穂市","唐栗"],"5011102":[21,"岐阜市","岩利"],"5011198":[21,"岐阜市","川部","３丁目２５番地"],"5014238":[21,"郡上市","八幡町島"],"5011168":[21,"岐阜市","西改田上の町"],"5016053":[21,"羽島郡笠松町","港町"],"5013958":[21,"関市","戸田"],"5012527":[21,"岐阜市","門屋勢引"],"5011134":[21,"岐阜市","南柿ケ瀬"],"5016033":[21,"羽島郡笠松町","無動寺"],"5010424":[21,"本巣郡北方町","朝日町"],"5013736":[21,"美濃市","米屋町"],"5013235":[21,"関市","川間町"],"5016091":[21,"羽島郡笠松町","松栄町"],"5010206":[21,"瑞穂市","馬場北町"],"5013886":[21,"関市","本町"],"5016314":[21,"羽島市","下中町城屋敷"],"5015303":[21,"郡上市","高鷲町大鷲"],"5013905":[21,"関市","神明町"],"5010513":[21,"揖斐郡大野町","大野"],"5011158":[21,"岐阜市","西改田先道"],"5013866":[21,"関市","千年町"],"5010112":[21,"岐阜市","鏡島精華"],"5010465":[21,"本巣市","軽海"],"5010697":[21,"揖斐郡揖斐川町","三輪","１１５９－８"],"5012534":[21,"岐阜市","森西"],"5010494":[21,"本巣市","下真桑","１０００番地"],"5010200":[21,"瑞穂市",""],"5013116":[21,"岐阜市","芥見町屋"],"5010437":[21,"本巣郡北方町","清水"],"5015231":[21,"郡上市","白鳥町石徹白"],"5012303":[21,"山県市","片原"],"5011112":[21,"岐阜市","柳戸"],"5013821":[21,"関市","平賀町"],"5013906":[21,"関市","西欠ノ下"],"5013972":[21,"関市","寺内町"],"5010402":[21,"本巣市","郡府"],"5013853":[21,"関市","朝倉町"],"5012805":[21,"関市","洞戸尾倉"],"5014510":[21,"郡上市","和良町法師丸"],"5010533":[21,"揖斐郡大野町","本庄"],"5010617":[21,"揖斐郡揖斐川町","島"],"5013307":[21,"加茂郡富加町","大平賀"],"5016003":[21,"羽島郡岐南町","平島"],"5013155":[21,"岐阜市","岩田坂"],"5016115":[21,"岐阜市","柳津町丸野"],"5012812":[21,"関市","洞戸市場"],"5016031":[21,"羽島郡笠松町","米野"],"5012257":[21,"山県市","富永"],"5013961":[21,"関市","清蔵寺"],"5011108":[21,"岐阜市","安食志良古"],"5014617":[21,"郡上市","大和町洞口"],"5011153":[21,"岐阜市","又丸町畑"],"5010415":[21,"本巣市","有里"],"5016209":[21,"羽島市","足近町直道"],"5011233":[21,"本巣市","外山"],"5012103":[21,"山県市","椎倉"],"5016002":[21,"羽島郡岐南町","三宅"],"5013702":[21,"美濃市","上河和"],"5016200":[21,"羽島市",""],"5011116":[21,"岐阜市","深坂"],"5016132":[21,"岐阜市","次木"],"5013262":[21,"関市","広見東町"],"5013133":[21,"岐阜市","芥見南山"],"5015113":[21,"郡上市","白鳥町野添"],"5016028":[21,"各務原市","川島渡町"],"5013992":[21,"関市","小屋名","１１１０番地"],"5011127":[21,"岐阜市","古市場神田"],"5016122":[21,"岐阜市","柳津町高桑"],"5012313":[21,"山県市","徳永"],"5013882":[21,"関市","西日吉町"],"5013826":[21,"関市","関口町"],"5015625":[21,"大野郡白川村","飯島"],"5013911":[21,"関市","肥田瀬"],"5011178":[21,"岐阜市","上西郷"],"5013839":[21,"関市","長住町"],"5013930":[21,"関市","倉知南"],"5011517":[21,"本巣市","根尾西板屋"],"5012562":[21,"岐阜市","福富出口"],"5016213":[21,"羽島市","正木町光法寺"],"5010531":[21,"揖斐郡大野町","上磯"],"5016266":[21,"羽島市","小熊町川口"],"5010555":[21,"揖斐郡大野町","公郷"],"5013213":[21,"関市","東貸上"],"5010406":[21,"本巣市","三橋"],"5012554":[21,"岐阜市","溝口童子"],"5010475":[21,"本巣市","浅木"],"5010211":[21,"瑞穂市","生津"],"5013842":[21,"関市","出来町"],"5014213":[21,"郡上市","八幡町殿町"],"5010303":[21,"瑞穂市","森"],"5014606":[21,"郡上市","大和町河辺"],"5013122":[21,"岐阜市","大洞紅葉が丘"],"5015192":[21,"郡上市","白鳥町白鳥","３８－１"],"5016014":[21,"羽島郡岐南町","薬師寺"],"5014613":[21,"郡上市","大和町名皿部"],"5014200":[21,"郡上市",""],"5011166":[21,"岐阜市","西改田村前"],"5013521":[21,"関市","下之保"],"5010606":[21,"揖斐郡揖斐川町","房島"],"5010444":[21,"本巣郡北方町","柱本白坪"],"5014235":[21,"郡上市","八幡町有坂"],"5013785":[21,"美濃市","小倉"],"5011176":[21,"岐阜市","小西郷"],"5011186":[21,"岐阜市","外山"],"5013254":[21,"関市","雄飛ケ丘"],"5012512":[21,"岐阜市","北野東"],"5013123":[21,"岐阜市","大洞柏台"],"5016016":[21,"羽島郡岐南町","徳田"],"5013109":[21,"岐阜市","向加野"],"5010314":[21,"瑞穂市","十八条"],"5010692":[21,"揖斐郡揖斐川町","三輪","１３３"],"5010221":[21,"瑞穂市","只越"],"5014231":[21,"郡上市","八幡町河鹿"],"5010104":[21,"岐阜市","寺田"],"5012604":[21,"関市","武芸川町高野"],"5016073":[21,"羽島郡笠松町","下新町"],"5016105":[21,"岐阜市","柳津町梅松"],"5013814":[21,"関市","東山"],"5016063":[21,"羽島郡笠松町","長池"],"5013871":[21,"関市","鍛冶町"],"5012505":[21,"岐阜市","山県岩東"],"5016225":[21,"羽島市","正木町新井"],"5013808":[21,"関市","安桜台"],"5011523":[21,"本巣市","根尾川原"],"5014301":[21,"郡上市","明宝大谷"],"5013877":[21,"関市","河合町"],"5013754":[21,"美濃市","さくらケ丘"],"5011315":[21,"揖斐郡揖斐川町","谷汲有鳥"],"5013151":[21,"岐阜市","岩滝東"],"5013142":[21,"岐阜市","諏訪山"],"5013233":[21,"関市","西木戸町"],"5012531":[21,"岐阜市","中屋東"],"5010392":[21,"瑞穂市","宮田","３００－２"],"5016333":[21,"羽島市","堀津町東山"],"5013722":[21,"美濃市","常盤町"],"5011156":[21,"岐阜市","又丸津島"],"5012105":[21,"山県市","高富"],"5012131":[21,"山県市","平井"],"5016242":[21,"羽島市","竹鼻町錦町"],"5013813":[21,"関市","東野町"],"5013215":[21,"関市","西境松町"],"5016293":[21,"羽島市","福寿町間島","１５１８"],"5011301":[21,"揖斐郡揖斐川町","谷汲高科"],"5016234":[21,"羽島市","竹鼻町駒塚"],"5013802":[21,"関市","若草通"],"5015414":[21,"高山市","荘川町猿丸"],"5013744":[21,"美濃市","段町"],"5012253":[21,"山県市","日永"],"5016252":[21,"羽島市","小熊町島前"],"5013998":[21,"関市","倉知","４９０９番地の３"],"5013956":[21,"関市","保明"],"5015305":[21,"郡上市","高鷲町西洞"],"5011522":[21,"本巣市","根尾樽見"],"5010619":[21,"揖斐郡揖斐川町","三輪"],"5013712":[21,"美濃市","口野々"],"5013206":[21,"関市","塔ノ洞"],"5014221":[21,"郡上市","八幡町小野"],"5010323":[21,"瑞穂市","中宮"],"5012255":[21,"山県市","船越"],"5010295":[21,"瑞穂市","稲里","５８０番地"],"5013836":[21,"関市","美園町"],"5010292":[21,"瑞穂市","馬場上光町","１丁目１１７"],"5012532":[21,"岐阜市","中屋西"],"5016094":[21,"羽島郡笠松町","羽衣町"],"5012121":[21,"山県市","大門"],"5013131":[21,"岐阜市","祇園"],"5013943":[21,"関市","虹ケ丘南"],"5013715":[21,"美濃市","梅山町"],"5010615":[21,"揖斐郡揖斐川町","清水"],"5010612":[21,"揖斐郡揖斐川町","小野"],"5011151":[21,"岐阜市","川部"],"5016086":[21,"羽島郡笠松町","清住町"],"5013901":[21,"関市","春里町"],"5012695":[21,"関市","武芸川町","八幡１４４６－１"],"5016035":[21,"羽島郡笠松町","円城寺"],"5010438":[21,"本巣郡北方町","平成"],"5014102":[21,"郡上市","美並町高砂"],"5015627":[21,"大野郡白川村","荻町"],"5014226":[21,"郡上市","八幡町新町"],"5014227":[21,"郡上市","八幡町橋本町"],"5015506":[21,"大野郡白川村","御母衣"],"5010605":[21,"揖斐郡揖斐川町","極楽寺"],"5010119":[21,"岐阜市","大菅南"],"5013734":[21,"美濃市","千畝町"],"5013231":[21,"関市","東桜町"],"5016019":[21,"羽島郡岐南町","みやまち"],"5012536":[21,"岐阜市","太郎丸樫木"],"5010410":[21,"本巣市","石神"],"5012519":[21,"岐阜市","北野西山"],"5016257":[21,"羽島市","福寿町平方"],"5012571":[21,"岐阜市","太郎丸向良"],"5013203":[21,"関市","神野"],"5010102":[21,"岐阜市","一日市場北町"],"5012259":[21,"山県市","岩佐"],"5013225":[21,"関市","南仙房"],"5014506":[21,"郡上市","和良町横野"],"5013264":[21,"関市","池尻"],"5010433":[21,"本巣郡北方町","天狗堂"],"5011235":[21,"本巣市","神海"],"5012502":[21,"岐阜市","山県北野"],"5010121":[21,"岐阜市","江崎北"],"5011515":[21,"本巣市","根尾口谷"],"5012104":[21,"山県市","東深瀬"],"5012556":[21,"岐阜市","溝口中"],"5016113":[21,"岐阜市","柳津町南塚"],"5013862":[21,"関市","兼永町"],"5014192":[21,"郡上市","美並町白山","７２５－３"],"5013782":[21,"美濃市","長瀬"],"5015504":[21,"大野郡白川村","福島"],"5010635":[21,"揖斐郡揖斐川町","白樫"],"5014610":[21,"郡上市","大和町島"],"5014205":[21,"郡上市","八幡町安久田"],"5013966":[21,"関市","居敷町"],"5015125":[21,"郡上市","白鳥町越佐"],"5016216":[21,"羽島市","正木町須賀"],"5013117":[21,"岐阜市","コモンヒルズ北山"],"5010797":[21,"揖斐郡揖斐川町","東津汲","８７５－１"],"5010296":[21,"瑞穂市","穂積","１８５１－１"],"5016026":[21,"各務原市","川島松原町"],"5011175":[21,"岐阜市","下西郷"],"5014215":[21,"郡上市","八幡町肴町"],"5016323":[21,"羽島市","桑原町午南"],"5013801":[21,"関市","大坪"],"5014202":[21,"郡上市","八幡町市島"],"5012314":[21,"山県市","笹賀"],"5016273":[21,"羽島市","小熊町"],"5013255":[21,"関市","段下"],"5010501":[21,"揖斐郡大野町","稲富"],"5016235":[21,"羽島市","竹鼻町蜂尻"],"5011163":[21,"岐阜市","西改田米野"],"5014619":[21,"郡上市","大和町落部"],"5014237":[21,"郡上市","八幡町那比"],"5016229":[21,"羽島市","正木町坂丸"],"5016241":[21,"羽島市","竹鼻町"],"5011121":[21,"岐阜市","古市場"],"5013819":[21,"関市","西町"],"5010514":[21,"揖斐郡大野町","西方"],"5010815":[21,"揖斐郡揖斐川町","開田"],"5013874":[21,"関市","平和通"],"5013216":[21,"関市","水ノ輪町"],"5012528":[21,"岐阜市","門屋門"],"5013246":[21,"関市","緑ケ丘"],"5016083":[21,"羽島郡笠松町","常盤町"],"5014601":[21,"郡上市","大和町大間見"],"5013724":[21,"美濃市","魚屋町"],"5010523":[21,"揖斐郡大野町","下方"],"5014101":[21,"郡上市","美並町上田"],"5013954":[21,"関市","千疋"],"5011529":[21,"本巣市","根尾水鳥"],"5011592":[21,"本巣市","根尾板所","６２５番地の１"],"5013714":[21,"美濃市","曽代"],"5010707":[21,"揖斐郡揖斐川町","日坂"],"5015123":[21,"郡上市","白鳥町中津屋"],"5016328":[21,"羽島市","桑原町平太"],"5013916":[21,"関市","豊岡町"],"5013994":[21,"関市","倉知","９０"],"5010203":[21,"瑞穂市","馬場上光町"],"5011302":[21,"揖斐郡揖斐川町","谷汲岐礼"],"5011161":[21,"岐阜市","西改田川向"],"5016071":[21,"羽島郡笠松町","上新町"],"5013973":[21,"関市","一ツ山町"],"5013763":[21,"美濃市","極楽寺"],"5012524":[21,"岐阜市","春近古市場北"],"5016223":[21,"羽島市","正木町大浦新田"],"5013742":[21,"美濃市","殿町"],"5013838":[21,"関市","東門前町"],"5016097":[21,"羽島郡笠松町","瓢町"],"5011202":[21,"本巣市","法林寺"],"5013306":[21,"加茂郡富加町","大山"],"5013825":[21,"関市","南出"],"5010471":[21,"本巣市","政田"],"5016208":[21,"羽島市","足近町坂井"],"5014292":[21,"郡上市","八幡町初音","１７２７－２"],"5011536":[21,"本巣市","根尾八谷"],"5010401":[21,"本巣市","上保"],"5011147":[21,"岐阜市","尻毛"],"5016194":[21,"岐阜市","柳津町高桑西","１丁目１番地"],"5010421":[21,"本巣郡北方町","芝原西町"],"5013931":[21,"関市","桜台"],"5016096":[21,"羽島郡笠松町","友楽町"],"5013902":[21,"関市","弥生町"],"5013705":[21,"美濃市","立花"],"5013266":[21,"関市","小瀬南"],"5015502":[21,"大野郡白川村","木谷"],"5015111":[21,"郡上市","白鳥町阿多岐"],"5013908":[21,"関市","寿町"],"5010441":[21,"本巣郡北方町","曲路"],"5013756":[21,"美濃市","生櫛"],"5013250":[21,"関市","十三塚町"],"5010476":[21,"本巣市","海老"],"5014454":[21,"郡上市","八幡町野々倉"],"5013152":[21,"岐阜市","岩滝西"],"5011131":[21,"岐阜市","黒野"],"5011195":[21,"岐阜市","黒野","３０８"],"5010213":[21,"瑞穂市","生津内宮町"],"5012576":[21,"岐阜市","太郎丸新屋敷"],"5014241":[21,"郡上市","八幡町向山"],"5010455":[21,"本巣郡北方町","高屋伊勢田"],"5013125":[21,"岐阜市","大洞緑山"],"5012592":[21,"岐阜市","太郎丸","８０"],"5010694":[21,"揖斐郡揖斐川町","脛永","１６４５－１"],"5011501":[21,"本巣市","根尾越波"],"5015402":[21,"高山市","荘川町三谷"],"5013856":[21,"関市","桜木町"],"5016041":[21,"羽島郡笠松町","奈良町"],"5010495":[21,"本巣市","上真桑","２２３６番２"],"5015620":[21,"大野郡白川村","馬狩"],"5010232":[21,"瑞穂市","野田新田"],"5012808":[21,"関市","洞戸高見"],"5013815":[21,"関市","東町"],"5013928":[21,"関市","西田原"],"5013913":[21,"関市","稲河町"],"5010626":[21,"揖斐郡揖斐川町","瑞岩寺"],"5016296":[21,"羽島市","竹鼻町狐穴","３０１８"],"5016335":[21,"羽島市","堀津町須賀南"],"5015102":[21,"郡上市","白鳥町歩岐島"],"5010321":[21,"瑞穂市","横屋"],"5012565":[21,"岐阜市","福富"],"5012112":[21,"山県市","西深瀬"],"5016330":[21,"羽島市","堀津町"],"5013113":[21,"岐阜市","北山"],"5010805":[21,"揖斐郡揖斐川町","西横山"],"5010225":[21,"瑞穂市","祖父江"],"5015301":[21,"郡上市","高鷲町ひるがの"],"5013975":[21,"関市","豊川町"],"5012122":[21,"山県市","藤倉"],"5011236":[21,"本巣市","佐原"],"5011128":[21,"岐阜市","洞"],"5013942":[21,"関市","希望ケ丘"],"5012553":[21,"岐阜市","溝口中野"],"5013979":[21,"関市","一本木町"],"5015621":[21,"大野郡白川村","小白川"],"5013302":[21,"加茂郡富加町","夕田"],"5010535":[21,"揖斐郡大野町","加納"],"5010703":[21,"揖斐郡揖斐川町","乙原"],"5012517":[21,"岐阜市","三輪ぷりんとぴあ"],"5013227":[21,"関市","北仙房"],"5011149":[21,"岐阜市","上尻毛八幡"],"5013939":[21,"関市","桃紅大地"],"5013893":[21,"関市","東貸上","１２番地の１"],"5016017":[21,"羽島郡岐南町","徳田西"],"5011513":[21,"本巣市","根尾松田"],"5014612":[21,"郡上市","大和町剣"],"5016302":[21,"羽島市","舟橋町"],"5012541":[21,"岐阜市","世保"],"5012567":[21,"岐阜市","福富町田"],"5013200":[21,"関市",""],"5011154":[21,"岐阜市","又丸柳町"],"5014306":[21,"郡上市","明宝畑佐"],"5016261":[21,"羽島市","小熊町外粟野"],"5010553":[21,"揖斐郡大野町","南方"],"5014504":[21,"郡上市","和良町田平"],"5016051":[21,"羽島郡笠松町","上本町"],"5012574":[21,"岐阜市","太郎丸北浦"],"5011193":[21,"岐阜市","柳戸","１－１"],"5011106":[21,"岐阜市","石谷"],"5015425":[21,"高山市","荘川町海上"],"5013143":[21,"岐阜市","芥見影山"],"5016046":[21,"羽島郡笠松町","宮川町"],"5014515":[21,"郡上市","和良町方須"],"5010464":[21,"本巣市","十四条"],"5016227":[21,"羽島市","正木町曲利"],"5013792":[21,"美濃市","","１３５０"],"5014225":[21,"郡上市","八幡町大正町"],"5011192":[21,"岐阜市","黒野","１７６－５"],"5014303":[21,"郡上市","明宝気良"],"5012507":[21,"岐阜市","山県岩中"],"5013864":[21,"関市","前町"],"5010503":[21,"揖斐郡大野町","寺内"],"5016271":[21,"羽島市","小熊町東小熊"],"5010565":[21,"揖斐郡大野町","中之元"],"5012101":[21,"山県市","大桑"],"5010117":[21,"岐阜市","江崎"],"5010634":[21,"揖斐郡揖斐川町","上野"],"5014607":[21,"郡上市","大和町徳永"],"5013804":[21,"関市","円保通"],"5010431":[21,"本巣郡北方町","北方"],"5016222":[21,"羽島市","正木町森新田"],"5013806":[21,"関市","観音山"],"5013957":[21,"関市","側島"],"5012542":[21,"岐阜市","世保東"],"5014106":[21,"郡上市","美並町白山"],"5013968":[21,"関市","力山"],"5010525":[21,"揖斐郡大野町","六里"],"5012124":[21,"山県市","小倉"],"5016237":[21,"羽島市","江吉良町江西"],"5013257":[21,"関市","新田"],"5010466":[21,"本巣市","下真桑"],"5016012":[21,"羽島郡岐南町","八剣"],"5015412":[21,"高山市","荘川町中畑"],"5010512":[21,"揖斐郡大野町","上秋"],"5011527":[21,"本巣市","根尾宇津志"],"5011317":[21,"揖斐郡揖斐川町","谷汲神原"],"5016038":[21,"羽島郡笠松町","東金池町"],"5016206":[21,"羽島市","新生町"],"5013846":[21,"関市","住吉町"],"5010628":[21,"揖斐郡揖斐川町","新宮"],"5013218":[21,"関市","東志摩"],"5016092":[21,"羽島郡笠松町","月美町"],"5010473":[21,"本巣市","温井"],"5013827":[21,"関市","宮地町"],"5013918":[21,"関市","南天神"],"5013831":[21,"関市","長谷寺町"],"5010622":[21,"揖斐郡揖斐川町","脛永"],"5012509":[21,"岐阜市","山県岩西"],"5012114":[21,"山県市","佐賀"],"5011505":[21,"本巣市","根尾長島"],"5016024":[21,"各務原市","川島竹早町"],"5010419":[21,"本巣市","早野"],"5010223":[21,"瑞穂市","穂積"],"5013136":[21,"岐阜市","芥見海戸山"],"5016205":[21,"羽島市","足近町南之川"],"5016192":[21,"岐阜市","日置江","２６４８－３"],"5010696":[21,"揖斐郡揖斐川町","三輪","２５４７－４"],"5011145":[21,"岐阜市","東改田腰前田"],"5013111":[21,"岐阜市","芥見大退"],"5015116":[21,"郡上市","白鳥町中西"],"5016316":[21,"羽島市","下中町市之枝"],"5010497":[21,"本巣市","三橋","１１００"],"5016043":[21,"羽島郡笠松町","県町"],"5011172":[21,"岐阜市","下鵜飼"],"5016255":[21,"羽島市","福寿町浅平"],"5013716":[21,"美濃市","前野"],"5010234":[21,"瑞穂市","牛牧"],"5014604":[21,"郡上市","大和町古道"],"5015600":[21,"大野郡白川村",""],"5013728":[21,"美濃市","本住町"],"5014592":[21,"郡上市","和良町沢","１０５６－１"],"5011184":[21,"岐阜市","西秋沢"],"5011292":[21,"本巣市","文殊","３２４番地"],"5013751":[21,"美濃市","松倉台"],"5012572":[21,"岐阜市","太郎丸北郷"],"5010812":[21,"揖斐郡揖斐川町","櫨原"],"5013101":[21,"岐阜市","岩井"],"5010802":[21,"揖斐郡揖斐川町","鶴見"],"5013952":[21,"関市","大平台"],"5016101":[21,"岐阜市","柳津町栄町"],"5015403":[21,"高山市","荘川町三尾河"],"5012135":[21,"山県市","長滝"],"5010701":[21,"揖斐郡揖斐川町","小津"],"5011183":[21,"岐阜市","則松"],"5015417":[21,"高山市","荘川町野々俣"],"5014509":[21,"郡上市","和良町下沢"],"5010521":[21,"揖斐郡大野町","黒野"],"5013884":[21,"関市","孫六町"],"5010803":[21,"揖斐郡揖斐川町","東杉原"],"5016076":[21,"羽島郡笠松町","門前町"],"5013726":[21,"美濃市","加治屋町"],"5010313":[21,"瑞穂市","十七条"],"5016111":[21,"岐阜市","柳津町宮東"],"5011526":[21,"本巣市","根尾平野"],"5014615":[21,"郡上市","大和町場皿"],"5013933":[21,"関市","向山町"],"5010204":[21,"瑞穂市","馬場春雨町"],"5014207":[21,"郡上市","八幡町西乙原"],"5013243":[21,"関市","中福野町"],"5013304":[21,"加茂郡富加町","高畑"],"5013764":[21,"美濃市","笠神"],"5013868":[21,"関市","白川町"],"5010215":[21,"瑞穂市","生津天王東町"],"5013108":[21,"岐阜市","大蔵台"],"5013925":[21,"関市","迫間台"],"5015104":[21,"郡上市","白鳥町長滝"],"5016332":[21,"羽島市","堀津町須賀北"],"5011511":[21,"本巣市","根尾上大須"],"5011534":[21,"本巣市","根尾神所"],"5016134":[21,"岐阜市","大脇"],"5013947":[21,"関市","上白金"],"5010561":[21,"揖斐郡大野町","牛洞"],"5013771":[21,"美濃市","大矢田"],"5012521":[21,"岐阜市","門屋"],"5011103":[21,"岐阜市","彦坂川北"],"5010613":[21,"揖斐郡揖斐川町","志津山"],"5016074":[21,"羽島郡笠松町","新町"],"5013745":[21,"美濃市","下渡"],"5013731":[21,"美濃市","東市場町"],"5010458":[21,"本巣郡北方町","高屋"],"5010532":[21,"揖斐郡大野町","下磯"],"5015103":[21,"郡上市","白鳥町二日町"],"5012555":[21,"岐阜市","溝口下"],"5013847":[21,"関市","新町"],"5015623":[21,"大野郡白川村","椿原"],"5013865":[21,"関市","春日町"],"5013236":[21,"関市","辻井戸町"],"5013805":[21,"関市","本郷町"],"5013721":[21,"美濃市","吉川町"],"5016334":[21,"羽島市","堀津町前谷"],"5012506":[21,"岐阜市","山県岩南"],"5013824":[21,"関市","東新町"],"5016202":[21,"羽島市","足近町市場"],"5010422":[21,"本巣郡北方町","芝原中町"],"5016180":[21,"岐阜市","柳津町宮東","１丁目１番地"],"5013112":[21,"岐阜市","芥見東山"],"5012601":[21,"関市","武芸川町谷口"],"5011104":[21,"岐阜市","彦坂川上"],"5015411":[21,"高山市","荘川町牧戸"],"5013207":[21,"関市","黒屋"],"5012515":[21,"岐阜市","三輪宮西"],"5010603":[21,"揖斐郡揖斐川町","上南方"],"5016304":[21,"羽島市","舟橋町出須賀"],"5012606":[21,"関市","武芸川町平"],"5012132":[21,"山県市","掛"],"5010324":[21,"瑞穂市","呂久"],"5011524":[21,"本巣市","根尾板所"],"5016062":[21,"羽島郡笠松町","田代"],"5016226":[21,"羽島市","正木町三ツ柳"],"5013145":[21,"岐阜市","芥見野畑"],"5010563":[21,"揖斐郡大野町","瀬古"],"5013711":[21,"美濃市","樋ケ洞"],"5010554":[21,"揖斐郡大野町","五之里"],"5010101":[21,"岐阜市","曽我屋"],"5013703":[21,"美濃市","下河和"],"5013293":[21,"関市","川間町","２番地"],"5016201":[21,"羽島市","足近町北宿"],"5010901":[21,"揖斐郡揖斐川町","坂内川上"],"5013885":[21,"関市","山ノ手"],"5010434":[21,"本巣郡北方町","小柳"],"5010632":[21,"揖斐郡揖斐川町","上東野"],"5013904":[21,"関市","明生町"],"5013135":[21,"岐阜市","芥見清水"],"5016198":[21,"各務原市","川島河田町","１０４０－１"],"5013251":[21,"関市","山王通西"],"5010201":[21,"瑞穂市","馬場"],"5014297":[21,"郡上市","八幡町島谷","２２８"],"5013944":[21,"関市","山田"],"5014103":[21,"郡上市","美並町山田"],"5011316":[21,"揖斐郡揖斐川町","谷汲木曽屋"],"5011159":[21,"岐阜市","西改田"],"5012526":[21,"岐阜市","門屋野崎"],"5016318":[21,"羽島市","上中町沖"],"5013876":[21,"関市","貴船町"],"5010704":[21,"揖斐郡揖斐川町","三倉"],"5015415":[21,"高山市","荘川町一色"],"5016054":[21,"羽島郡笠松町","柳原町"],"5016321":[21,"羽島市","桑原町八神"],"5012302":[21,"山県市","円原"],"5011194":[21,"岐阜市","柳戸","１－１"],"5011143":[21,"岐阜市","東改田鶴田"],"5010534":[21,"揖斐郡大野町","下座倉"],"5012545":[21,"岐阜市","世保北"],"5013936":[21,"関市","倉知"],"5011165":[21,"岐阜市","西改田宮西"],"5016133":[21,"岐阜市","日置江"],"5010412":[21,"本巣市","長屋"],"5014511":[21,"郡上市","和良町下洞"],"5011115":[21,"岐阜市","交人"],"5013912":[21,"関市","宮河町"],"5016253":[21,"羽島市","小熊町島新道"],"5013907":[21,"関市","南町"],"5010414":[21,"本巣市","数屋"],"5014217":[21,"郡上市","八幡町尾崎町"],"5015413":[21,"高山市","荘川町新渕"],"5016056":[21,"羽島郡笠松町","朝日町"],"5010621":[21,"揖斐郡揖斐川町","下岡島"],"5016218":[21,"羽島市","正木町須賀本村"],"5012254":[21,"山県市","出戸"],"5016311":[21,"羽島市","上中町長間"],"5016032":[21,"羽島郡笠松町","江川"],"5013941":[21,"関市","小屋名"],"5016006":[21,"羽島郡岐南町","伏屋"],"5012102":[21,"山県市","伊佐美"],"5011181":[21,"岐阜市","雛倉"],"5016121":[21,"岐阜市","柳津町上佐波"],"5013817":[21,"関市","仲町"],"5015424":[21,"高山市","荘川町中野"],"5013134":[21,"岐阜市","芥見"],"5016087":[21,"羽島郡笠松町","大池町"],"5012698":[21,"関市","武芸川町","谷口５９９"],"5013212":[21,"関市","寺田"],"5010115":[21,"岐阜市","鏡島南"],"5013241":[21,"関市","西仙房"],"5010461":[21,"本巣市","上真桑"],"5013222":[21,"関市","南貸上"],"5010235":[21,"瑞穂市","十九条"],"5014201":[21,"郡上市","八幡町有穂"],"5014518":[21,"郡上市","和良町土京"],"5015492":[21,"高山市","荘川町新渕","５５０番地"],"5012535":[21,"岐阜市","石原"],"5016263":[21,"羽島市","小熊町江頭"],"5013393":[21,"加茂郡富加町","高畑","字稲荷６４１"],"5016337":[21,"羽島市","堀津町中屋敷"],"5012523":[21,"岐阜市","茂地"],"5010302":[21,"瑞穂市","居倉"],"5011123":[21,"岐阜市","古市場高田"],"5013964":[21,"関市","宝山町"],"5011531":[21,"本巣市","根尾門脇"],"5010446":[21,"本巣郡北方町","柱本"],"5010564":[21,"揖斐郡大野町","麻生"],"5011124":[21,"岐阜市","古市場中原"],"5010216":[21,"瑞穂市","生津天王町"],"5014614":[21,"郡上市","大和町野口"],"5010454":[21,"本巣郡北方町","高屋白木"],"5010556":[21,"揖斐郡大野町","領家"],"5013753":[21,"美濃市","松森"],"5011503":[21,"本巣市","根尾長嶺"],"5013976":[21,"関市","梅竜寺山"],"5013234":[21,"関市","若宮町"],"5016244":[21,"羽島市","竹鼻町丸の内"],"5011171":[21,"岐阜市","御望"],"5014605":[21,"郡上市","大和町神路"],"5016015":[21,"羽島郡岐南町","石原瀬"],"5015626":[21,"大野郡白川村","島"],"5011111":[21,"岐阜市","大学北"],"5016325":[21,"羽島市","桑原町大須"],"5016029":[21,"各務原市","川島北山町"],"5012803":[21,"関市","洞戸飛瀬"],"5013969":[21,"関市","馬場出"],"5013878":[21,"関市","十軒町"],"5011314":[21,"揖斐郡揖斐川町","谷汲名礼"],"5012533":[21,"岐阜市","森東"],"5010693":[21,"揖斐郡揖斐川町","三輪","２７４４－３９－２"],"5013822":[21,"関市","市平賀"],"5011177":[21,"岐阜市","中西郷"],"5016336":[21,"羽島市","堀津町須賀西"],"5016301":[21,"羽島市","舟橋町宮北"],"5012816":[21,"関市","洞戸大野"],"5016327":[21,"羽島市","桑原町西小薮"],"5014453":[21,"郡上市","八幡町洲河"],"5011101":[21,"岐阜市","佐野"],"5010623":[21,"揖斐郡揖斐川町","和田"],"5011167":[21,"岐阜市","西改田夏梅"],"5013812":[21,"関市","東本郷"],"5016104":[21,"岐阜市","柳津町本郷"],"5013205":[21,"関市","志津野"],"5016224":[21,"羽島市","正木町大浦"],"5010322":[21,"瑞穂市","古橋"],"5011518":[21,"本巣市","根尾小鹿"],"5013713":[21,"美濃市","富野"],"5010601":[21,"揖斐郡揖斐川町","北方"],"5012331":[21,"山県市","葛原"],"5015114":[21,"郡上市","白鳥町那留"],"5014302":[21,"郡上市","明宝寒水"],"5013833":[21,"関市","大平町"],"5012504":[21,"岐阜市","山県岩"],"5011157":[21,"岐阜市","又丸村中"],"5013803":[21,"関市","西本郷通"],"5013743":[21,"美濃市","上条"],"5016231":[21,"羽島市","竹鼻町神楽"],"5016085":[21,"羽島郡笠松町","弥生町"],"5010456":[21,"本巣郡北方町","高屋条里"],"5012603":[21,"関市","武芸川町八幡"],"5016072":[21,"羽島郡笠松町","中新町"],"5013872":[21,"関市","金屋町"],"5016292":[21,"羽島市","竹鼻町","５５"],"5012111":[21,"山県市","赤尾"],"5013253":[21,"関市","栄町"],"5010614":[21,"揖斐郡揖斐川町","長良"],"5010592":[21,"揖斐郡大野町","大字大野","８０"],"5016093":[21,"羽島郡笠松町","緑町"],"5012252":[21,"山県市","相戸"],"5010903":[21,"揖斐郡揖斐川町","坂内坂本"],"5012513":[21,"岐阜市","三輪"],"5013733":[21,"美濃市","亀野町"],"5013946":[21,"関市","津保川台"],"5013919":[21,"関市","平成通"],"5016272":[21,"羽島市","小熊町相田"],"5016001":[21,"羽島郡岐南町","上印食"],"5013247":[21,"関市","池田町"],"5011205":[21,"本巣市","曽井中島"],"5010425":[21,"本巣郡北方町","加茂"],"5010493":[21,"本巣市","三橋","１１０１番地６"],"5010113":[21,"岐阜市","鏡島市場"],"5014595":[21,"郡上市","和良町沢","８８２"],"5010706":[21,"揖斐郡揖斐川町","西津汲"],"5010294":[21,"瑞穂市","本田","４７４－１"],"5011521":[21,"本巣市","根尾市場"],"5016034":[21,"羽島郡笠松町","中野"],"5010436":[21,"本巣郡北方町","長谷川西"],"5013887":[21,"関市","吐月町"],"5013115":[21,"岐阜市","上芥見"],"5016196":[21,"岐阜市","日置江","１丁目５８"],"5013214":[21,"関市","貸上町"],"5016064":[21,"羽島郡笠松町","北及"],"5011150":[21,"岐阜市","上尻毛"],"5013914":[21,"関市","鋳物師屋"],"5016313":[21,"羽島市","下中町加賀野井"],"5012806":[21,"関市","洞戸高賀"],"5011109":[21,"岐阜市","安食"],"5013224":[21,"関市","東仙房"],"5016057":[21,"羽島郡笠松町","下柳川町"],"5011113":[21,"岐阜市","大学西"],"5011232":[21,"本巣市","金原"],"5010118":[21,"岐阜市","大菅北"],"5010105":[21,"岐阜市","河渡"],"5011126":[21,"岐阜市","古市場高宮"],"5015501":[21,"大野郡白川村","保木脇"],"5010616":[21,"揖斐郡揖斐川町","福島"],"5010403":[21,"本巣市","北野"],"5013921":[21,"関市","東田原"],"5015421":[21,"高山市","荘川町赤谷"],"5015304":[21,"郡上市","高鷲町鮎立"],"5010618":[21,"揖斐郡揖斐川町","上ミ野"],"5016047":[21,"羽島郡笠松町","二見町"],"5013261":[21,"関市","広見北町"],"5010417":[21,"本巣市","屋井"],"5016022":[21,"各務原市","川島松倉町"],"5013132":[21,"岐阜市","芥見長山"],"5014203":[21,"郡上市","八幡町初納"],"5013909":[21,"関市","新堀町"],"5014503":[21,"郡上市","和良町野尻"],"5010814":[21,"揖斐郡揖斐川町","徳山"],"5013156":[21,"岐阜市","岩田西"],"5014501":[21,"郡上市","和良町鹿倉"],"5013971":[21,"関市","古屋敷町"],"5016123":[21,"岐阜市","柳津町流通センター"],"5011135":[21,"岐阜市","木田"],"5016004":[21,"羽島郡岐南町","野中"],"5010432":[21,"本巣郡北方町","一本松"],"5016212":[21,"羽島市","正木町上大浦"],"5010416":[21,"本巣市","随原"],"5012511":[21,"岐阜市","北野北"],"5013938":[21,"関市","桐ヶ丘"],"5016265":[21,"羽島市","小熊町川口前"],"5013852":[21,"関市","上利町"],"5014212":[21,"郡上市","八幡町職人町"],"5013962":[21,"関市","柳町"],"5012256":[21,"山県市","青波"],"5011169":[21,"岐阜市","西改田七石"],"5014517":[21,"郡上市","和良町沢"],"5012811":[21,"関市","洞戸片"],"5014232":[21,"郡上市","八幡町初音"],"5013154":[21,"岐阜市","岩田東"],"5013978":[21,"関市","赤渕"],"5011312":[21,"揖斐郡揖斐川町","谷汲大洞"],"5011152":[21,"岐阜市","又丸"],"5012563":[21,"岐阜市","福富迎田"],"5010443":[21,"本巣郡北方町","柱本池之頭"],"5013395":[21,"加茂郡富加町","大平賀","打越４２９"],"5012312":[21,"山県市","佐野"],"5012578":[21,"岐阜市","太郎丸野田"],"5010304":[21,"瑞穂市","田之上"],"5014219":[21,"郡上市","八幡町大手町"],"5010452":[21,"本巣郡北方町","高屋石末"],"5016131":[21,"岐阜市","高河原"],"5013296":[21,"関市","倉知","５１６番地"],"5016013":[21,"羽島郡岐南町","平成"],"5016027":[21,"各務原市","川島緑町"],"5013955":[21,"関市","下白金"],"5016256":[21,"羽島市","福寿町千代田"],"5013723":[21,"美濃市","相生町"],"5011231":[21,"本巣市","日当"],"5015406":[21,"高山市","荘川町惣則"],"5016103":[21,"岐阜市","柳津町蓮池"],"5015121":[21,"郡上市","白鳥町白鳥"],"5012525":[21,"岐阜市","春近古市場南"],"5010607":[21,"揖斐郡揖斐川町","桂"],"5013843":[21,"関市","吉田町"],"5013511":[21,"関市","中之保"],"5013786":[21,"美濃市","乙狩"],"5013953":[21,"関市","千疋北"],"5010551":[21,"揖斐郡大野町","小衣斐"],"5011528":[21,"本巣市","根尾高尾"],"5010233":[21,"瑞穂市","宝江"],"5016037":[21,"羽島郡笠松町","西金池町"],"5016207":[21,"羽島市","足近町"],"5016095":[21,"羽島郡笠松町","中川町"],"5012301":[21,"山県市","神崎"],"5010202":[21,"瑞穂市","馬場前畑町"],"5010708":[21,"揖斐郡揖斐川町","樫原"],"5016195":[21,"各務原市","川島竹早町","１"],"5010224":[21,"瑞穂市","稲里"],"5015122":[21,"郡上市","白鳥町為真"],"5013945":[21,"関市","虹ケ丘北"],"5011303":[21,"揖斐郡揖斐川町","谷汲長瀬"],"5011535":[21,"本巣市","根尾大井"],"5016233":[21,"羽島市","竹鼻町飯柄"],"5013725":[21,"美濃市","俵町"],"5016042":[21,"羽島郡笠松町","八幡町"],"5011136":[21,"岐阜市","黒野南"],"5013295":[21,"関市","下有知","６３１５番地の１"],"5015422":[21,"高山市","荘川町牛丸"],"5012134":[21,"山県市","松尾"],"5014214":[21,"郡上市","八幡町柳町"],"5013762":[21,"美濃市","藍川"],"5016102":[21,"岐阜市","柳津町東塚"],"5016317":[21,"羽島市","上中町午北"],"5014455":[21,"郡上市","八幡町小那比"],"5013993":[21,"関市","倉知","４９０９番地の３"],"5015503":[21,"大野郡白川村","長瀬"],"5016077":[21,"羽島郡笠松町","天王町"],"5013305":[21,"加茂郡富加町","滝田"],"5016112":[21,"岐阜市","柳津町北塚"],"5011132":[21,"岐阜市","折立"],"5010311":[21,"瑞穂市","重里"],"5016084":[21,"羽島郡笠松町","如月町"],"5013881":[21,"関市","元重町"],"5010400":[21,"本巣市",""],"5015629":[21,"大野郡白川村","鳩谷"],"5012607":[21,"関市","武芸川町宇多院"],"5010804":[21,"揖斐郡揖斐川町","東横山"],"5011141":[21,"岐阜市","東板谷"],"5013932":[21,"関市","稲口"],"5011155":[21,"岐阜市","又丸宮東"],"5014452":[21,"郡上市","八幡町美山"],"5012123":[21,"山県市","大森"],"5010472":[21,"本巣市","下福島"],"5014516":[21,"郡上市","和良町三庫"],"5011234":[21,"本巣市","木知原"],"5010702":[21,"揖斐郡揖斐川町","東津汲"],"5012557":[21,"岐阜市","溝口上"],"5015112":[21,"郡上市","白鳥町六ノ里"],"5011146":[21,"岐阜市","下尻毛"],"5016059":[21,"羽島郡笠松町","東宮町"],"5013755":[21,"美濃市","志摩"],"5013927":[21,"関市","向陽台"],"5011133":[21,"岐阜市","北柿ケ瀬"],"5016251":[21,"羽島市","福寿町間島"],"5013828":[21,"関市","西旭ケ丘"],"5011203":[21,"本巣市","宝珠ハイツ"],"5012807":[21,"関市","洞戸阿部"],"5010496":[21,"本巣郡北方町","北方","円境寺内"],"5016036":[21,"羽島郡笠松町","若葉町"],"5013835":[21,"関市","観音前"],"5015622":[21,"大野郡白川村","芦倉"],"5012516":[21,"岐阜市","北野南"],"5010625":[21,"揖斐郡揖斐川町","黒田"],"5013855":[21,"関市","いろは町"],"5012113":[21,"山県市","高木"],"5015628":[21,"大野郡白川村","大牧"],"5011502":[21,"本巣市","根尾黒津"],"5016295":[21,"羽島市","江吉良町","３０４７－１"],"5013704":[21,"美濃市","保木脇"],"5010442":[21,"本巣郡北方町","曲路東"],"5013926":[21,"関市","小迫間"],"5010305":[21,"瑞穂市","宮田"],"5010604":[21,"揖斐郡揖斐川町","大光寺"],"5013892":[21,"関市","市平賀","字長峰７９５－１番地"],"5013888":[21,"関市","坂下町"],"5012564":[21,"岐阜市","福富永田"],"5013124":[21,"岐阜市","大洞"],"5010695":[21,"揖斐郡揖斐川町","北方","１－１"],"5015401":[21,"高山市","荘川町六厩"],"5012503":[21,"岐阜市","北野阿原"],"5014451":[21,"郡上市","八幡町入間"],"5010451":[21,"本巣郡北方町","高屋勅使"],"5013501":[21,"関市","富之保"],"5011313":[21,"揖斐郡揖斐川町","谷汲深坂"],"5014618":[21,"郡上市","大和町内ケ谷"],"5012251":[21,"山県市","柿野"],"5013873":[21,"関市","日ノ出町"],"5015507":[21,"大野郡白川村","平瀬"],"5013854":[21,"関市","月見町"],"5014224":[21,"郡上市","八幡町城南町"],"5010902":[21,"揖斐郡揖斐川町","坂内広瀬"],"5012518":[21,"岐阜市","北野西"],"5016324":[21,"羽島市","桑原町小薮"],"5013732":[21,"美濃市","広岡町"],"5015115":[21,"郡上市","白鳥町恩地"],"5013114":[21,"岐阜市","芥見大船"],"5010111":[21,"岐阜市","鏡島"],"5013735":[21,"美濃市","西市場町"],"5011107":[21,"岐阜市","村山"],"5012258":[21,"山県市","中洞"],"5012292":[21,"山県市","富永","８６８"],"5013861":[21,"関市","小柳町"],"5012815":[21,"関市","洞戸黒谷"],"5010306":[21,"瑞穂市","大月"],"5011516":[21,"本巣市","根尾東板屋"],"5011507":[21,"本巣市","根尾大河原"],"5014304":[21,"郡上市","明宝奥住"],"5013245":[21,"関市","北福野町"],"5013783":[21,"美濃市","神洞"],"5013226":[21,"関市","向西仙房"],"5013141":[21,"岐阜市","芥見中野畑"],"5016011":[21,"羽島郡岐南町","八剣北"],"5013807":[21,"関市","安桜山"],"5010411":[21,"本巣市","上高屋"],"5016215":[21,"羽島市","正木町須賀赤松"],"5010816":[21,"揖斐郡揖斐川町","戸入"],"5016236":[21,"羽島市","江吉良町"],"5013951":[21,"関市","植野"],"5015505":[21,"大野郡白川村","牧"],"5011174":[21,"岐阜市","小野"],"5010515":[21,"揖斐郡大野町","桜大門"],"5013217":[21,"関市","下有知"],"5013303":[21,"加茂郡富加町","羽生"],"5013256":[21,"関市","巾"],"5013845":[21,"関市","吾妻町"],"5013144":[21,"岐阜市","芥見大般若"],"5016021":[21,"各務原市","川島笠田町"],"5013210":[21,"関市","尾太町"],"5013121":[21,"岐阜市","大洞桐ケ丘"],"5010633":[21,"揖斐郡揖斐川町","小島"],"5013263":[21,"関市","広見"],"5013223":[21,"関市","竪切南"],"5010418":[21,"本巣市","七五三"],"5016214":[21,"羽島市","正木町須賀池端"],"5013844":[21,"関市","美和町"],"5012579":[21,"岐阜市","太郎丸知之道"],"5016303":[21,"羽島市","舟橋町本町"],"5010122":[21,"岐阜市","江崎南"],"5013601":[21,"関市","上之保"],"5016197":[21,"羽島郡岐南町","八剣","７丁目１０７"],"5010817":[21,"揖斐郡揖斐川町","門入"],"5014107":[21,"郡上市","美並町大原"],"5013784":[21,"美濃市","御手洗"],"5014234":[21,"郡上市","八幡町五町"],"5013717":[21,"美濃市","安毛"],"5010222":[21,"瑞穂市","別府"],"5010301":[21,"瑞穂市","七崎"],"5015101":[21,"郡上市","白鳥町前谷"],"5016193":[21,"羽島郡笠松町","田代","９７８－１"],"5012573":[21,"岐阜市","太郎丸諏訪"],"5014603":[21,"郡上市","大和町栗巣"],"5012508":[21,"岐阜市","山県岩明光"],"5010811":[21,"揖斐郡揖斐川町","塚"],"5013857":[21,"関市","南春日町"],"5016319":[21,"羽島市","上中町中"],"5010627":[21,"揖斐郡揖斐川町","市場"],"5014602":[21,"郡上市","大和町小間見"],"5015393":[21,"郡上市","高鷲町大鷲","２３４９－１"],"5013829":[21,"関市","旭ケ丘"],"5013219":[21,"関市","のぞみケ丘"],"5016044":[21,"羽島郡笠松町","相生町"],"5013202":[21,"関市","西神野"],"5016204":[21,"羽島市","足近町小荒井"],"5010611":[21,"揖斐郡揖斐川町","小谷"],"5013867":[21,"関市","常盤町"],"5011162":[21,"岐阜市","西改田若宮"],"5013935":[21,"関市","四季ノ台"],"5015404":[21,"高山市","荘川町黒谷"],"5014204":[21,"郡上市","八幡町旭"],"5010407":[21,"本巣市","仏生寺"],"5013837":[21,"関市","西門前町"],"5013781":[21,"美濃市","片知"],"5014105":[21,"郡上市","美並町三戸"],"5013244":[21,"関市","西福野町"],"5012125":[21,"山県市","洞田"],"5016025":[21,"各務原市","川島河田町"],"5016045":[21,"羽島郡笠松町","司町"],"5013258":[21,"関市","十三塚南"],"5010492":[21,"本巣郡北方町","北方","北方町北方１３２３－５"],"5016211":[21,"羽島市","正木町南及"],"5016331":[21,"羽島市","堀津町横手"],"5016267":[21,"羽島市","小熊町天王"],"5013104":[21,"岐阜市","石原"],"5013903":[21,"関市","桜ケ丘"],"5013841":[21,"関市","伊勢町"],"5010498":[21,"本巣市","上保","１２６０番地２"],"5013729":[21,"美濃市","泉町"],"5013126":[21,"岐阜市","大洞西"],"5010217":[21,"瑞穂市","生津外宮前町"],"5013737":[21,"美濃市","新町"],"5016100":[21,"羽島郡岐南町",""],"5013883":[21,"関市","東日吉町"],"5014616":[21,"郡上市","大和町福田"],"5010103":[21,"岐阜市","一日市場"],"5013204":[21,"関市","上大野"],"5010602":[21,"揖斐郡揖斐川町","若松"],"5011144":[21,"岐阜市","東改田再勝"],"5011512":[21,"本巣市","根尾下大須"],"5016052":[21,"羽島郡笠松町","下本町"],"5013265":[21,"関市","小瀬"],"5015302":[21,"郡上市","高鷲町鷲見"],"5013706":[21,"美濃市","須原"],"5011532":[21,"本巣市","根尾越卒"],"5013924":[21,"関市","迫間"],"5015124":[21,"郡上市","白鳥町大島"],"5012605":[21,"関市","武芸川町跡部"],"5010205":[21,"瑞穂市","馬場小城町"],"5013915":[21,"関市","天徳町"],"5016065":[21,"羽島郡笠松町","門間"],"5011506":[21,"本巣市","根尾能郷"],"5010214":[21,"瑞穂市","生津外宮東町"],"5010474":[21,"本巣市","国領"],"5011311":[21,"揖斐郡揖斐川町","谷汲徳積"],"5012192":[21,"山県市","高木","１０００番地の１"],"5014508":[21,"郡上市","和良町上沢"],"5013127":[21,"岐阜市","大洞桜台"],"5016315":[21,"羽島市","下中町石田"],"5016135":[21,"岐阜市","茶屋新田"],"5012115":[21,"山県市","梅原"],"5013832":[21,"関市","花園町"],"5016274":[21,"羽島市","小熊町西小熊"],"5011533":[21,"本巣市","根尾中"],"5013701":[21,"美濃市",""],"5013727":[21,"美濃市","永重町"],"5014236":[21,"郡上市","八幡町相生"],"5014222":[21,"郡上市","八幡町島谷"],"5010236":[21,"瑞穂市","本田"],"5016297":[21,"羽島市","江吉良町","２８０１"],"5013146":[21,"岐阜市","芥見嵯峨"],"5012501":[21,"岐阜市","出屋敷"],"5010552":[21,"揖斐郡大野町","大衣斐"],"5013816":[21,"関市","吉野町"],"5013301":[21,"加茂郡富加町","加治田"],"5012561":[21,"岐阜市","福富笠海道"],"5012543":[21,"岐阜市","世保南"],"5012892":[21,"関市","洞戸市場","２９２番地の３"],"5011514":[21,"本巣市","根尾奥谷"],"5010405":[21,"本巣市","石原"],"5014608":[21,"郡上市","大和町牧"],"5016018":[21,"羽島郡岐南町","下印食"],"5014305":[21,"郡上市","明宝小川"],"5012577":[21,"岐阜市","太郎丸"],"5012575":[21,"岐阜市","太郎丸中島"],"5015426":[21,"高山市","荘川町尾上郷"],"5012817":[21,"関市","洞戸小坂"],"5012801":[21,"関市","洞戸栗原"],"5013228":[21,"関市","竪切北"],"5014513":[21,"郡上市","和良町下土京"],"5014514":[21,"郡上市","和良町安郷野"],"5012566":[21,"岐阜市","福富天神前"],"5014507":[21,"郡上市","和良町宮地"],"5010231":[21,"瑞穂市","野白新田"],"5013237":[21,"関市","緑町"],"5011105":[21,"岐阜市","彦坂"],"5010631":[21,"揖斐郡揖斐川町","上岡島"],"5012321":[21,"山県市","谷合"],"5013974":[21,"関市","梅ケ枝町"],"5011173":[21,"岐阜市","中"],"5011148":[21,"岐阜市","上尻毛日吉"],"5013242":[21,"関市","東福野町"],"5010435":[21,"本巣郡北方町","春来町"],"5013965":[21,"関市","十六所"],"5012100":[21,"山県市",""],"5010192":[21,"岐阜市","一日市場北町","７番１号"],"5010500":[21,"揖斐郡大野町",""],"5016322":[21,"羽島市","桑原町前野"],"5016238":[21,"羽島市","江吉良町江中"],"5010798":[21,"揖斐郡揖斐川町","三倉","１３３－１"],"5015126":[21,"郡上市","白鳥町向小駄良"],"5016217":[21,"羽島市","正木町須賀小松"],"5010212":[21,"瑞穂市","生津滝坪町"],"5016023":[21,"各務原市","川島小網町"],"5015105":[21,"郡上市","白鳥町干田野"],"5016098":[21,"羽島郡笠松町","桜町"],"5010524":[21,"揖斐郡大野町","郡家"],"5013934":[21,"関市","桐谷台"],"5013863":[21,"関市","富本町"],"5013741":[21,"美濃市","港町"],"5012315":[21,"山県市","田栗"],"5013967":[21,"関市","西居敷"],"5012551":[21,"岐阜市","溝口"],"5011185":[21,"岐阜市","奥"],"5013259":[21,"関市","十三塚北"],"5016082":[21,"羽島郡笠松町","春日町"],"5013232":[21,"関市","桜本町"],"5010463":[21,"本巣市","小柿"],"5014193":[21,"郡上市","美並町大原","１－１"],"5010522":[21,"揖斐郡大野町","相羽"],"5014216":[21,"郡上市","八幡町本町"],"5016221":[21,"羽島市","正木町森"]}
