{"1048431":[13,"中央区","築地","３丁目１０番１０号築地ナジコビル"],"1046126":[13,"中央区","晴海オフィスタワーＹ"],"1048104":[13,"中央区","銀座","１丁目１０－１"],"1046043":[13,"中央区","晴海オフィスタワーＸ"],"1048165":[13,"中央区","銀座","６丁目１５－１"],"1048372":[13,"中央区","京橋","２丁目６番４号"],"1040055":[13,"中央区","豊海町"],"1046116":[13,"中央区","晴海オフィスタワーＹ"],"1048315":[13,"中央区","京橋","１丁目１５－１"],"1046131":[13,"中央区","晴海オフィスタワーＹ"],"1046137":[13,"中央区","晴海オフィスタワーＹ"],"1048175":[13,"中央区","銀座","７丁目１３－８"],"1048365":[13,"中央区","京橋","１丁目５－８"],"1048404":[13,"中央区","築地","１丁目１番１号"],"1046027":[13,"中央区","晴海オフィスタワーＸ"],"1048357":[13,"中央区","京橋","３丁目５－７"],"1046110":[13,"中央区","晴海オフィスタワーＹ"],"1046005":[13,"中央区","晴海オフィスタワーＸ"],"1048302":[13,"中央区","京橋","２丁目２番８号"],"1048170":[13,"中央区","八重洲","２丁目１－４蘭免本社ビル７Ｆ"],"1048505":[13,"中央区","八丁堀","４丁目６－５"],"1048566":[13,"中央区","湊","３丁目７－９"],"1048650":[13,"千代田区","神田小川町","１丁目１１"],"1046123":[13,"中央区","晴海オフィスタワーＹ"],"1046224":[13,"中央区","晴海オフィスタワーＺ"],"1048162":[13,"中央区","銀座","６丁目２番１０号"],"1048158":[13,"中央区","銀座","７丁目２－２２同和ビル４Ｆ"],"1048518":[13,"中央区","明石町","８番１号聖路加タワー"],"1048277":[13,"中央区","八丁堀","２丁目１０番９号"],"1048456":[13,"中央区","八重洲","２丁目５番１号"],"1048168":[13,"中央区","銀座","６丁目８－３尾張町ビル２階"],"1040028":[13,"中央区","八重洲"],"1048102":[13,"中央区","銀座","５丁目７－７"],"1048528":[13,"中央区","八丁堀","２丁目２３－１"],"1046220":[13,"中央区","晴海オフィスタワーＺ"],"1048004":[13,"中央区","築地","５丁目３－３築地浜離宮ビル"],"1048422":[13,"中央区","築地","４丁目１－１東劇ビル"],"1048309":[13,"中央区","京橋","１丁目１番１号"],"1048178":[13,"中央区","銀座","５丁目１５－８"],"1048260":[13,"中央区","新川","２丁目２７－１"],"1048117":[13,"中央区","銀座","１丁目９番７号"],"1046103":[13,"中央区","晴海オフィスタワーＹ"],"1048451":[13,"中央区","八重洲","２丁目３－１４"],"1048125":[13,"中央区","銀座","２丁目１６番１０号"],"1046038":[13,"中央区","晴海オフィスタワーＸ"],"1048478":[13,"中央区","八重洲","２丁目６－２１八重洲エフビル"],"1048512":[13,"中央区","八丁堀","２丁目１２－７"],"1048311":[13,"中央区","京橋","３丁目１－１"],"1048533":[13,"中央区","八丁堀","４丁目４－２"],"1046213":[13,"中央区","晴海オフィスタワーＺ"],"1048305":[13,"中央区","京橋","１丁目５番８号"],"1048114":[13,"中央区","銀座","２丁目１０－１８東京都中小企業会館６Ｆ"],"1040045":[13,"中央区","築地"],"1048438":[13,"中央区","築地","５丁目５番１２号"],"1048523":[13,"中央区","八丁堀","２丁目２０－８"],"1048265":[13,"中央区","新川","１丁目８－８"],"1048257":[13,"中央区","新川","１丁目１７－２５"],"1048585":[13,"中央区","月島","４丁目１番１号"],"1046004":[13,"中央区","晴海オフィスタワーＸ"],"1046026":[13,"中央区","晴海オフィスタワーＸ"],"1048685":[13,"中央区","新富","１丁目１２－２"],"1048145":[13,"中央区","築地","１丁目８－９"],"1046127":[13,"中央区","晴海オフィスタワーＹ"],"1048134":[13,"中央区","銀座","７丁目１６－３"],"1048470":[13,"中央区","八重洲","２丁目６－１７"],"1046011":[13,"中央区","晴海オフィスタワーＸ"],"1048466":[13,"中央区","八重洲","２丁目２番１号"],"1048556":[13,"中央区","明石町","８－１"],"1046219":[13,"中央区","晴海オフィスタワーＺ"],"1046201":[13,"中央区","晴海オフィスタワーＺ"],"1048481":[13,"中央区","八重洲","２丁目４番１号"],"1048410":[13,"中央区","築地","５丁目６－１０"],"1048340":[13,"中央区","京橋","１丁目１０－１"],"1046022":[13,"中央区","晴海オフィスタワーＸ"],"1048539":[13,"中央区","晴海","３丁目１２－１"],"1048668":[13,"中央区","京橋","２丁目４－１６"],"1046209":[13,"中央区","晴海オフィスタワーＺ"],"1046136":[13,"中央区","晴海オフィスタワーＹ"],"1046035":[13,"中央区","晴海オフィスタワーＸ"],"1040052":[13,"中央区","月島"],"1048208":[13,"中央区","銀座","７丁目６－１５"],"1048425":[13,"中央区","築地","３丁目５－４中川築地ビル６階"],"1048486":[13,"中央区","八重洲","２丁目１番１号"],"1046205":[13,"中央区","晴海オフィスタワーＺ"],"1048455":[13,"中央区","八重洲","２丁目８－１日東紡ビル"],"1046040":[13,"中央区","晴海オフィスタワーＸ"],"1040041":[13,"中央区","新富"],"1048661":[13,"中央区","築地","５丁目３－２"],"1048282":[13,"中央区","新川","２丁目４－７"],"1048332":[13,"中央区","京橋","３丁目１２番２号"],"1048351":[13,"中央区","八重洲","２丁目７－２"],"1048077":[13,"中央区","銀座","６丁目６－７朝日ビル５階"],"1048161":[13,"中央区","銀座","６丁目１３－１６銀座ウォールビル１１Ｆ"],"1046207":[13,"中央区","晴海オフィスタワーＺ"],"1046221":[13,"中央区","晴海オフィスタワーＺ"],"1048401":[13,"中央区","八丁堀","２丁目２３－１"],"1048312":[13,"中央区","京橋","３丁目１番２号"],"1048112":[13,"中央区","築地","１丁目１３－１４"],"1048138":[13,"中央区","銀座","４丁目１４－１９第２カタヤマビル４Ｆ"],"1046017":[13,"中央区","晴海オフィスタワーＸ"],"1046109":[13,"中央区","晴海オフィスタワーＹ"],"1048303":[13,"中央区","京橋","２丁目６－２０"],"1048007":[13,"中央区","築地","３丁目５－４中川築地ビル"],"1048231":[13,"中央区","銀座","１丁目３－３"],"1048118":[13,"中央区","銀座","１丁目１５番１１号"],"1048180":[13,"中央区","銀座","７丁目１６－１２Ｇ－７ビルディング"],"1048680":[13,"中央区","京橋","１丁目１５番１号"],"1046102":[13,"中央区","晴海オフィスタワーＹ"],"1046013":[13,"中央区","晴海オフィスタワーＸ"],"1048424":[13,"中央区","築地","３丁目７－２"],"1046090":[13,"中央区","晴海オフィスタワーＸ"],"1046130":[13,"中央区","晴海オフィスタワーＹ"],"1048460":[13,"中央区","八重洲","２丁目１０－３"],"1048250":[13,"中央区","新川","１丁目５－１３"],"1048266":[13,"中央区","新川","１丁目６－１"],"1046039":[13,"中央区","晴海オフィスタワーＸ"],"1048522":[13,"中央区","八丁堀","１丁目１３－１０"],"1046032":[13,"中央区","晴海オフィスタワーＸ"],"1048210":[13,"中央区","銀座","２丁目１６－７"],"1046028":[13,"中央区","晴海オフィスタワーＸ"],"1048383":[13,"中央区","京橋","３丁目１３－１"],"1048284":[13,"中央区","新川","１丁目２３番５号新川イースト"],"1040032":[13,"中央区","八丁堀"],"1048288":[13,"中央区","新川","２丁目１０－１"],"1048003":[13,"中央区","銀座","３丁目１３－１０"],"1048572":[13,"中央区","晴海","２丁目５－２４晴海センタービル２階"],"1048535":[13,"中央区","八丁堀","１丁目２－８タビックスビル"],"1048436":[13,"中央区","築地","５丁目２番１号"],"1048411":[13,"中央区","築地","１丁目１１－１０"],"1048101":[13,"中央区","銀座","５丁目１５－１"],"1048133":[13,"中央区","銀座","３丁目３－１８"],"1048010":[13,"中央区","銀座","７丁目５－５"],"1046138":[13,"中央区","晴海オフィスタワーＹ"],"1046021":[13,"中央区","晴海オフィスタワーＸ"],"1040033":[13,"中央区","新川"],"1048002":[13,"中央区","京橋","２丁目４－１６"],"1046009":[13,"中央区","晴海オフィスタワーＸ"],"1048419":[13,"中央区","築地","４丁目１－１４"],"1046044":[13,"中央区","晴海オフィスタワーＸ"],"1046006":[13,"中央区","晴海オフィスタワーＸ"],"1048222":[13,"中央区","銀座","８丁目１３－１リコービル"],"1048333":[13,"中央区","明石町","６－２４"],"1048253":[13,"中央区","新川","１丁目２８－３８東京ダイヤビルディング２号館６Ｆ"],"1048330":[13,"中央区","京橋","３丁目１３番１号"],"1046222":[13,"中央区","晴海オフィスタワーＺ"],"1046036":[13,"中央区","晴海オフィスタワーＸ"],"1048558":[13,"中央区","新富","２丁目６番１号"],"1046014":[13,"中央区","晴海オフィスタワーＸ"],"1048538":[13,"中央区","晴海","２丁目５－２４"],"1046113":[13,"中央区","晴海オフィスタワーＹ"],"1048166":[13,"中央区","銀座","６丁目１０－１"],"1046133":[13,"中央区","晴海オフィスタワーＹ"],"1048408":[13,"中央区","築地","１丁目１２－２２コンワビル"],"1048122":[13,"中央区","銀座","２丁目１２－１８"],"1046212":[13,"中央区","晴海オフィスタワーＺ"],"1048328":[13,"中央区","京橋","２丁目４－１５"],"1048215":[13,"中央区","晴海","２丁目５－２４晴海センタービル３階"],"1046122":[13,"中央区","晴海オフィスタワーＹ"],"1046111":[13,"中央区","晴海オフィスタワーＹ"],"1048445":[13,"中央区","築地","５丁目２－１"],"1046230":[13,"中央区","晴海オフィスタワーＺ"],"1048183":[13,"中央区","銀座","８丁目１０－７東成ビル５Ｆ"],"1046010":[13,"中央区","晴海オフィスタワーＸ"],"1048551":[13,"中央区","晴海","３丁目３番３号"],"1046225":[13,"中央区","晴海オフィスタワーＺ"],"1046106":[13,"中央区","晴海オフィスタワーＹ"],"1046003":[13,"中央区","晴海オフィスタワーＸ"],"1046204":[13,"中央区","晴海オフィスタワーＺ"],"1046218":[13,"中央区","晴海オフィスタワーＺ"],"1048434":[13,"中央区","築地","５丁目２－１"],"1048388":[13,"中央区","京橋","１丁目７－１ＴＯＤＡＢＬＤＧ"],"1048444":[13,"中央区","築地","７丁目３－１"],"1048484":[13,"中央区","八重洲","２丁目３番１３号"],"1046128":[13,"中央区","晴海オフィスタワーＹ"],"1046215":[13,"中央区","晴海オフィスタワーＺ"],"1048172":[13,"中央区","築地","１丁目１３－１"],"1048105":[13,"中央区","銀座","４丁目５－１１"],"1046108":[13,"中央区","晴海オフィスタワーＹ"],"1048307":[13,"中央区","京橋","２丁目７－１９守随ビル"],"1048142":[13,"中央区","銀座","６丁目４－１東海堂銀座ビル５Ｆ"],"1046033":[13,"中央区","晴海オフィスタワーＸ"],"1048502":[13,"中央区","八丁堀","２丁目２５番１０号三信八丁堀ビル"],"1046019":[13,"中央区","晴海オフィスタワーＸ"],"1048135":[13,"中央区","銀座","４丁目９－１"],"1046002":[13,"中央区","晴海オフィスタワーＸ"],"1046016":[13,"中央区","晴海オフィスタワーＸ"],"1048588":[13,"中央区","豊海町","４番１８号東京水産ビル６Ｆ"],"1048189":[13,"中央区","銀座","１丁目１５－６ＫＮ銀座ビル"],"1046121":[13,"中央区","晴海オフィスタワーＹ"],"1048428":[13,"中央区","築地","６丁目１９－２０"],"1040044":[13,"中央区","明石町"],"1046226":[13,"中央区","晴海オフィスタワーＺ"],"1046025":[13,"中央区","晴海オフィスタワーＸ"],"1048320":[13,"中央区","京橋","２丁目８－７"],"1048377":[13,"中央区","京橋","２丁目３－１３"],"1048402":[13,"中央区","築地","６丁目１９番２０号ニチレイ東銀座ビル"],"1046031":[13,"中央区","晴海オフィスタワーＸ"],"1046217":[13,"中央区","晴海オフィスタワーＺ"],"1048544":[13,"中央区","新富","２丁目１４－４"],"1046202":[13,"中央区","晴海オフィスタワーＺ"],"1048521":[13,"中央区","八丁堀","２丁目２０－８東急ビル"],"1048262":[13,"中央区","新川","２丁目９番１１号"],"1048440":[13,"中央区","築地","３丁目１１－６"],"1048128":[13,"中央区","銀座","２丁目８－１５"],"1048256":[13,"中央区","新川","１丁目２６－９新川イワデビル"],"1040061":[13,"中央区","銀座"],"1048324":[13,"中央区","京橋","２丁目５－１２"],"1046211":[13,"中央区","晴海オフィスタワーＺ"],"1048560":[13,"中央区","明石町","９番１号"],"1048132":[13,"中央区","銀座","８丁目８－１１"],"1046139":[13,"中央区","晴海オフィスタワーＹ"],"1048447":[13,"中央区","築地","５丁目２番１号"],"1040051":[13,"中央区","佃"],"1048211":[13,"中央区","銀座","２丁目６－１"],"1048109":[13,"中央区","銀座","４丁目１１－２"],"1048285":[13,"中央区","新川","１丁目２３－１"],"1046029":[13,"中央区","晴海オフィスタワーＸ"],"1048156":[13,"中央区","銀座","５丁目１０－６"],"1046007":[13,"中央区","晴海オフィスタワーＸ"],"1048548":[13,"中央区","晴海","１丁目８－８晴海アイランドトリトンスクエアＷ９Ｆ"],"1048554":[13,"中央区","入船","２丁目２－１４"],"1048510":[13,"中央区","八丁堀","２丁目１３－８第一長岡ビル"],"1046290":[13,"中央区","晴海オフィスタワーＺ"],"1048163":[13,"中央区","銀座","５丁目９－９松坂屋第二別館"],"1048421":[13,"中央区","明石町","８－１聖路加タワー１７Ｆ"],"1048252":[13,"中央区","新川","２丁目２７－２"],"1046112":[13,"中央区","晴海オフィスタワーＹ"],"1046241":[13,"中央区","晴海","１丁目８－１２"],"1048116":[13,"中央区","銀座","１丁目９番２号"],"1046117":[13,"中央区","晴海オフィスタワーＹ"],"1048406":[13,"中央区","築地","５丁目６－１０"],"1048108":[13,"中央区","銀座","３丁目２－１７"],"1048568":[13,"中央区","晴海","２丁目５－２４晴海センタービル１０階"],"1048670":[13,"中央区","銀座","７丁目２－１７"],"1048361":[13,"中央区","京橋","２丁目４番１２号"],"1046232":[13,"中央区","晴海オフィスタワーＺ"],"1046129":[13,"中央区","晴海オフィスタワーＹ"],"1048212":[13,"中央区","銀座","４丁目６－１６"],"1048476":[13,"中央区","八重洲","２丁目３番１号"],"1046228":[13,"中央区","晴海オフィスタワーＺ"],"1048240":[13,"中央区","銀座","１丁目６－１"],"1048448":[13,"中央区","築地","１丁目１２－６"],"1046041":[13,"中央区","晴海オフィスタワーＸ"],"1048148":[13,"中央区","銀座","７丁目１３－８第２丸高ビル７階"],"1048501":[13,"中央区","築地","２丁目２－１築地細田ビル"],"1046134":[13,"中央区","晴海オフィスタワーＹ"],"1048304":[13,"中央区","京橋","２丁目６－２１"],"1046024":[13,"中央区","晴海オフィスタワーＸ"],"1048206":[13,"中央区","銀座","７丁目２－２２同和ビル８Ｆ"],"1048559":[13,"中央区","勝どき","３丁目４－１３"],"1048177":[13,"中央区","銀座","４丁目１４番１１号"],"1048123":[13,"中央区","銀座","５丁目１４－１"],"1040054":[13,"中央区","勝どき"],"1048319":[13,"中央区","銀座","５丁目１２－８号王子製紙１号館"],"1048488":[13,"中央区","八丁堀","４丁目５－９"],"1048167":[13,"中央区","銀座","６丁目１７番２号"],"1048580":[13,"中央区","勝どき","６丁目１－１５勝どきＹＳビル"],"1048055":[13,"中央区","築地","３丁目５－１０"],"1048280":[13,"中央区","新川","２丁目２０番１５号"],"1048360":[13,"中央区","京橋","２丁目３－１９"],"1048433":[13,"中央区","築地","３丁目５－４中川ビル７階"],"1048435":[13,"中央区","築地","３丁目１５－１"],"1048550":[13,"中央区","晴海","３丁目２番２２号"],"1046020":[13,"中央区","晴海オフィスタワーＸ"],"1046119":[13,"中央区","晴海オフィスタワーＹ"],"1046107":[13,"中央区","晴海オフィスタワーＹ"],"1048570":[13,"中央区","豊海町","３－１６"],"1046124":[13,"中央区","晴海オフィスタワーＹ"],"1048450":[13,"中央区","八重洲","２丁目１０番１７号"],"1046132":[13,"中央区","晴海オフィスタワーＹ"],"1048124":[13,"中央区","銀座","２丁目１０番６号"],"1048255":[13,"中央区","新川","１丁目２１番２号茅場町タワー２Ｆ"],"1046015":[13,"中央区","晴海オフィスタワーＸ"],"1046115":[13,"中央区","晴海オフィスタワーＹ"],"1040043":[13,"中央区","湊"],"1046210":[13,"中央区","晴海オフィスタワーＺ"],"1048281":[13,"中央区","新川","１丁目１７－２２"],"1046227":[13,"中央区","晴海オフィスタワーＺ"],"1046018":[13,"中央区","晴海オフィスタワーＸ"],"1048665":[13,"中央区","築地","５丁目３－２"],"1048563":[13,"中央区","入船","３丁目７－２山崎ビル４Ｆ"],"1046203":[13,"中央区","晴海オフィスタワーＺ"],"1046008":[13,"中央区","晴海オフィスタワーＸ"],"1048317":[13,"中央区","京橋","１丁目７－１ＴＯＤＡＢＬＤＧ"],"1048344":[13,"中央区","京橋","３丁目９－６"],"1048429":[13,"中央区","築地","１丁目１３－１０"],"1048430":[13,"中央区","築地","７丁目１８番２４号"],"1048233":[13,"中央区","銀座","１丁目３－９"],"1048403":[13,"中央区","築地","５丁目二番一号"],"1048407":[13,"中央区","築地","３丁目４－２"],"1048106":[13,"中央区","築地","１丁目７－１３"],"1046233":[13,"中央区","晴海オフィスタワーＺ"],"1040046":[13,"中央区","浜離宮庭園"],"1048567":[13,"中央区","湊","１丁目１番１６号"],"1046037":[13,"中央区","晴海オフィスタワーＸ"],"1048325":[13,"中央区","京橋","２丁目９－２第一ぬり彦ビル"],"1048660":[13,"千代田区","飯田橋","３丁目１１－２３"],"1048130":[13,"中央区","銀座","３丁目６－１"],"1048205":[13,"中央区","銀座","６丁目２－１０"],"1048001":[13,"中央区","銀座","８丁目４－１７"],"1046231":[13,"中央区","晴海オフィスタワーＺ"],"1046001":[13,"中央区","晴海オフィスタワーＸ"],"1048468":[13,"中央区","八重洲","２丁目７－２八重洲三井ビル"],"1048520":[13,"中央区","八丁堀","２丁目７－１大石ビル"],"1046114":[13,"中央区","晴海オフィスタワーＹ"],"1048335":[13,"中央区","京橋","１丁目５－１５巴川製紙ビル"],"1046125":[13,"中央区","晴海オフィスタワーＹ"],"1046223":[13,"中央区","晴海オフィスタワーＺ"],"1048176":[13,"中央区","銀座","７丁目１３－２０"],"1046104":[13,"中央区","晴海オフィスタワーＹ"],"1048415":[13,"中央区","築地","５丁目６－１０浜離宮パークサイドプレイス１３Ｆ"],"1046023":[13,"中央区","晴海オフィスタワーＸ"],"1048011":[13,"中央区","築地","５丁目３番２号"],"1040031":[13,"中央区","京橋"],"1046101":[13,"中央区","晴海オフィスタワーＹ"],"1048171":[13,"中央区","銀座","７丁目４－１７"],"1048115":[13,"中央区","銀座","７丁目１３－８第２丸高ビル３Ｆ"],"1048584":[13,"中央区","八丁堀","２丁目９－１"],"1048420":[13,"中央区","築地","２丁目５－３"],"1046105":[13,"中央区","晴海オフィスタワーＹ"],"1048155":[13,"中央区","銀座","６丁目１４－６リコー三愛ビル"],"1046030":[13,"中央区","晴海オフィスタワーＸ"],"1046118":[13,"中央区","晴海オフィスタワーＹ"],"1046120":[13,"中央区","晴海オフィスタワーＹ"],"1048289":[13,"中央区","新川","１丁目２４番４号"],"1048540":[13,"中央区","八丁堀","２丁目１０－７"],"1048581":[13,"中央区","勝どき","１丁目１３－１イヌイビルカチドキ１１Ｆ"],"1048310":[13,"中央区","京橋","１丁目９－１"],"1048439":[13,"中央区","築地","５丁目６番４号"],"1048228":[13,"中央区","銀座","６丁目２－３ダヴィンチ銀座アネックス"],"1048131":[13,"中央区","銀座","１丁目２０－１７"],"1048238":[13,"中央区","銀座","５丁目１５－１南海東京ビル１Ｆ"],"1048380":[13,"中央区","京橋","１丁目１９－１１"],"1046135":[13,"中央区","晴海オフィスタワーＹ"],"1048164":[13,"中央区","銀座","１丁目８－１４"],"1048023":[13,"中央区","銀座","６丁目１７－１"],"1046190":[13,"中央区","晴海オフィスタワーＹ"],"1046216":[13,"中央区","晴海オフィスタワーＺ"],"1046034":[13,"中央区","晴海オフィスタワーＸ"],"1048546":[13,"中央区","晴海","１丁目８番８号トリトンスクエアオフィスタワーＷ１２・１３階"],"1048181":[13,"中央区","銀座","７丁目２－１７"],"1048443":[13,"中央区","築地","５丁目３－２朝日新聞新館"],"1048313":[13,"中央区","銀座","７丁目１６－１２"],"1046042":[13,"中央区","晴海オフィスタワーＸ"],"1040042":[13,"中央区","入船"],"1040053":[13,"中央区","晴海"],"1048356":[13,"中央区","京橋","１丁目１２－２"],"1048111":[13,"中央区","銀座","６丁目８番７号交詢ビル"],"1048553":[13,"中央区","入船","２丁目１－１"],"1046208":[13,"中央区","晴海オフィスタワーＺ"],"1048405":[13,"中央区","築地","３丁目１５－１本願寺築地別院内"],"1046214":[13,"中央区","晴海オフィスタワーＺ"],"1046012":[13,"中央区","晴海オフィスタワーＸ"],"1048151":[13,"中央区","銀座","５丁目１３番７号"],"1046206":[13,"中央区","晴海オフィスタワーＺ"],"1048338":[13,"中央区","京橋","２丁目１７－５兼松ビル別館"],"1048321":[13,"中央区","京橋","１丁目１８－１八重洲片貝ビル"],"1048251":[13,"中央区","入船","２丁目１－１住友入船ビル"],"1048270":[13,"中央区","築地","６丁目１９－２０"],"1046229":[13,"中央区","晴海オフィスタワーＺ"]}
