{"1558610":[13,"世田谷区","北沢","１丁目１６－１０"],"1558633":[13,"世田谷区","代田","６丁目６－２５"],"1558663":[13,"世田谷区","北沢","１丁目４１－２２"],"1550033":[13,"世田谷区","代田"],"1558626":[13,"世田谷区","代沢","５丁目２－１１"],"1558655":[13,"世田谷区","代沢","５丁目２－１"],"1550032":[13,"世田谷区","代沢"],"1550031":[13,"世田谷区","北沢"],"1558668":[13,"世田谷区","代田","６丁目１２－３９"]}
