{"5110852":[24,"桑名市","稗田"],"5118555":[24,"桑名市","吉之丸","８"],"5110203":[24,"いなべ市","員弁町畑新田"],"5110071":[24,"桑名市","駅元町"],"5110804":[24,"桑名市","北川原台"],"5111147":[24,"桑名市","長島町平方"],"5110058":[24,"桑名市","千代田町"],"5110122":[24,"桑名市","多度町古野"],"5110942":[24,"桑名市","広見ケ丘"],"5110243":[24,"員弁郡東員町","穴太"],"5110901":[24,"桑名市","筒尾"],"5110276":[24,"いなべ市","大安町石榑下"],"5110504":[24,"いなべ市","藤原町川合"],"5110913":[24,"桑名市","里町"],"5110521":[24,"いなべ市","藤原町古田"],"5110113":[24,"桑名市","多度町上之郷"],"5110074":[24,"桑名市","南寺町"],"5110032":[24,"桑名市","吉之丸"],"5110088":[24,"桑名市","南魚町"],"5111144":[24,"桑名市","長島町駒江"],"5110294":[24,"員弁郡東員町","大字中上","２４００"],"5110207":[24,"いなべ市","員弁町上笠田"],"5110839":[24,"桑名市","安永"],"5110435":[24,"いなべ市","北勢町奥村"],"5110834":[24,"桑名市","大福"],"5110405":[24,"いなべ市","北勢町田辺"],"5110214":[24,"いなべ市","員弁町岡丁田"],"5110232":[24,"員弁郡東員町","笹尾東"],"5110511":[24,"いなべ市","藤原町市場"],"5110014":[24,"桑名市","三崎通"],"5111127":[24,"桑名市","長島町殿名"],"5110821":[24,"桑名市","矢田"],"5110425":[24,"いなべ市","北勢町大辻新田"],"5110273":[24,"いなべ市","大安町平塚"],"5110524":[24,"いなべ市","藤原町山口"],"5110084":[24,"桑名市","油町"],"5110832":[24,"桑名市","新地"],"5110023":[24,"桑名市","本町"],"5110515":[24,"いなべ市","藤原町東禅寺"],"5110862":[24,"桑名市","播磨"],"5110401":[24,"いなべ市","北勢町川原"],"5110067":[24,"桑名市","掛樋"],"5110038":[24,"桑名市","内堀"],"5110078":[24,"桑名市","桑栄町"],"5110847":[24,"桑名市","福江"],"5110853":[24,"桑名市","増田"],"5111141":[24,"桑名市","長島町間々"],"5110263":[24,"いなべ市","大安町丹生川久下"],"5111134":[24,"桑名市","長島町松蔭"],"5110904":[24,"桑名市","野田"],"5111112":[24,"桑名市","長島町大倉"],"5110809":[24,"桑名市","上深谷部"],"5110019":[24,"桑名市","清水町"],"5110411":[24,"いなべ市","北勢町京ケ野新田"],"5110436":[24,"いなべ市","北勢町新町"],"5110000":[24,"桑名市",""],"5110827":[24,"桑名市","霞町"],"5110244":[24,"員弁郡東員町","大木"],"5110004":[24,"桑名市","住吉町"],"5110215":[24,"いなべ市","員弁町東一色"],"5110223":[24,"いなべ市","員弁町北金井"],"5111145":[24,"桑名市","長島町大島"],"5110946":[24,"桑名市","五反田"],"5110046":[24,"桑名市","一色町"],"5110264":[24,"いなべ市","大安町石榑東"],"5110216":[24,"いなべ市","員弁町松之木"],"5110505":[24,"いなべ市","藤原町日内"],"5110819":[24,"桑名市","北別所"],"5110808":[24,"桑名市","下深谷部"],"5110055":[24,"桑名市","東矢田町"],"5110253":[24,"員弁郡東員町","筑紫"],"5110592":[24,"いなべ市","藤原町市場","１１５"],"5110106":[24,"桑名市","多度町多度"],"5110015":[24,"桑名市","殿町"],"5110012":[24,"桑名市","春日町"],"5110412":[24,"いなべ市","北勢町向平"],"5110102":[24,"桑名市","多度町香取"],"5110026":[24,"桑名市","宮町"],"5110045":[24,"桑名市","伝馬町"],"5110803":[24,"桑名市","枇杷島台"],"5110283":[24,"いなべ市","大安町南金井"],"5110801":[24,"桑名市","今島"],"5110211":[24,"いなべ市","員弁町松名新田"],"5110075":[24,"桑名市","三栄町"],"5110814":[24,"桑名市","松並町"],"5110204":[24,"いなべ市","員弁町石仏"],"5110501":[24,"いなべ市","藤原町鼎"],"5110068":[24,"桑名市","中央町"],"5110062":[24,"桑名市","常盤町"],"5110049":[24,"桑名市","八幡町"],"5110933":[24,"桑名市","西正和台"],"5111104":[24,"桑名市","長島町高座"],"5110865":[24,"桑名市","藤が丘"],"5110944":[24,"桑名市","芳ケ崎"],"5110007":[24,"桑名市","参宮通"],"5110205":[24,"いなべ市","員弁町笠田新田"],"5110267":[24,"いなべ市","大安町石榑北山"],"5110082":[24,"桑名市","宮通"],"5118601":[24,"桑名市","中央町","２丁目３７"],"5110921":[24,"桑名市","東金井"],"5110206":[24,"いなべ市","員弁町宇野"],"5110519":[24,"いなべ市","藤原町別名"],"5110042":[24,"桑名市","柳原"],"5111105":[24,"桑名市","長島町千倉"],"5110815":[24,"桑名市","梅園通"],"5111137":[24,"桑名市","長島町福吉"],"5110202":[24,"いなべ市","員弁町楚原"],"5110424":[24,"いなべ市","北勢町南中津原"],"5111148":[24,"桑名市","長島町北殿名"],"5110423":[24,"いなべ市","北勢町平野新田"],"5110200":[24,"いなべ市",""],"5110846":[24,"桑名市","城南萱町"],"5110492":[24,"いなべ市","北勢町阿下喜","２６３３"],"5110018":[24,"桑名市","今中町"],"5110947":[24,"桑名市","大仲新田"],"5110293":[24,"いなべ市","員弁町笠田新田","１１１"],"5111192":[24,"桑名市","長島町浦安","３３３"],"5110284":[24,"いなべ市","大安町梅戸"],"5110434":[24,"いなべ市","北勢町麓村"],"5110818":[24,"桑名市","高塚町"],"5110002":[24,"桑名市","福島"],"5110085":[24,"桑名市","紺屋町"],"5110838":[24,"桑名市","和泉"],"5110826":[24,"桑名市","太夫"],"5110101":[24,"桑名市","多度町柚井"],"5110245":[24,"員弁郡東員町","八幡新田"],"5110033":[24,"桑名市","赤須賀"],"5110041":[24,"桑名市","外堀"],"5110231":[24,"員弁郡東員町","笹尾西"],"5118550":[24,"桑名市","中央町","２丁目３８"],"5110013":[24,"桑名市","宝殿町"],"5111116":[24,"桑名市","長島町長島萱町"],"5118511":[24,"桑名市","大字大福","２"],"5110123":[24,"桑名市","多度町北猪飼"],"5110089":[24,"桑名市","田町"],"5110024":[24,"桑名市","北魚町"],"5111111":[24,"桑名市","長島町小島"],"5111123":[24,"桑名市","長島町鎌ケ地"],"5110863":[24,"桑名市","新西方"],"5110418":[24,"いなべ市","北勢町下平"],"5110252":[24,"員弁郡東員町","瀬古泉"],"5110076":[24,"桑名市","八間通"],"5118502":[24,"桑名市","桑栄町","２"],"5110296":[24,"いなべ市","大安町門前","１５３０"],"5110114":[24,"桑名市","多度町中須"],"5110031":[24,"桑名市","三之丸"],"5111121":[24,"桑名市","長島町東殿名"],"5110845":[24,"桑名市","福地"],"5110274":[24,"いなべ市","大安町大井田"],"5110413":[24,"いなべ市","北勢町畑毛"],"5110051":[24,"桑名市","矢田磧"],"5110406":[24,"いなべ市","北勢町塩崎"],"5110514":[24,"いなべ市","藤原町石川"],"5118567":[24,"桑名市","中央町","５丁目７１"],"5110103":[24,"桑名市","多度町戸津"],"5110506":[24,"いなべ市","藤原町長尾"],"5110936":[24,"桑名市","島田"],"5111124":[24,"桑名市","長島町葭ケ須"],"5110841":[24,"桑名市","小貝須"],"5110224":[24,"いなべ市","員弁町大泉"],"5118558":[24,"桑名市","大字増田","５００"],"5110866":[24,"桑名市","神成町"],"5110056":[24,"桑名市","西矢田町"],"5118533":[24,"桑名市","大字森忠","４６５－４"],"5110437":[24,"いなべ市","北勢町垣内"],"5110943":[24,"桑名市","森忠"],"5110063":[24,"桑名市","京橋町"],"5110903":[24,"桑名市","大山田"],"5110257":[24,"員弁郡東員町","北大社"],"5110932":[24,"桑名市","東正和台"],"5110416":[24,"いなべ市","北勢町飯倉"],"5110198":[24,"桑名市","多度町多度","１丁目１－１"],"5110262":[24,"いなべ市","大安町丹生川中"],"5110025":[24,"桑名市","風呂町"],"5111128":[24,"桑名市","長島町又木市街"],"5111107":[24,"桑名市","長島町上坂手"],"5110922":[24,"桑名市","西金井"],"5110811":[24,"桑名市","東方"],"5110517":[24,"いなべ市","藤原町大貝戸"],"5110118":[24,"桑名市","多度町御衣野"],"5110048":[24,"桑名市","新町"],"5110433":[24,"いなべ市","北勢町中山"],"5110825":[24,"桑名市","上野"],"5110073":[24,"桑名市","北寺町"],"5110003":[24,"桑名市","東太一丸"],"5110286":[24,"いなべ市","大安町宇賀"],"5111133":[24,"桑名市","長島町横満蔵"],"5110069":[24,"桑名市","新矢田"],"5111115":[24,"桑名市","長島町長島中町"],"5110502":[24,"いなべ市","藤原町上相場"],"5110855":[24,"桑名市","新倉持"],"5110282":[24,"いなべ市","大安町大泉"],"5110275":[24,"いなべ市","大安町鍋坂"],"5110266":[24,"いなべ市","大安町石榑南"],"5110836":[24,"桑名市","江場"],"5110292":[24,"いなべ市","大安町大井田","２７０５"],"5118678":[24,"桑名市","大字東方","字土島２４５４"],"5110837":[24,"桑名市","小泉"],"5110403":[24,"いなべ市","北勢町二之瀬"],"5110842":[24,"桑名市","立田町"],"5110053":[24,"桑名市","東鍋屋町"],"5110001":[24,"桑名市","上之輪新田"],"5110016":[24,"桑名市","相生町"],"5111101":[24,"桑名市","長島町新所"],"5110802":[24,"桑名市","川崎町"],"5110006":[24,"桑名市","今北町"],"5110009":[24,"桑名市","桑名"],"5111149":[24,"桑名市","長島町西外面市街"],"5110017":[24,"桑名市","今片町"],"5110124":[24,"桑名市","多度町猪飼"],"5110034":[24,"桑名市","地蔵"],"5110117":[24,"桑名市","多度町下野代"],"5111136":[24,"桑名市","長島町白鶏"],"5111102":[24,"桑名市","長島町西川"],"5110864":[24,"桑名市","西方"],"5110911":[24,"桑名市","額田"],"5110192":[24,"桑名市","多度町御衣野","１５００番地"],"5110047":[24,"桑名市","鍛冶町"],"5110255":[24,"員弁郡東員町","長深"],"5110201":[24,"いなべ市","員弁町市之原"],"5110295":[24,"員弁郡東員町","大字山田","１６００"],"5110914":[24,"桑名市","中山町"],"5110272":[24,"いなべ市","大安町高柳"],"5110438":[24,"いなべ市","北勢町治田外面"],"5110086":[24,"桑名市","入江葭町"],"5110043":[24,"桑名市","新屋敷"],"5110414":[24,"いなべ市","北勢町西貝野"],"5110221":[24,"いなべ市","員弁町下笠田"],"5110285":[24,"いなべ市","大安町宇賀新田"],"5110817":[24,"桑名市","青葉町"],"5118585":[24,"桑名市","大字森忠","４６３"],"5110036":[24,"桑名市","伊賀町"],"5111109":[24,"桑名市","長島町松之木"],"5110057":[24,"桑名市","三ツ矢橋"],"5110935":[24,"桑名市","赤尾台"],"5111146":[24,"桑名市","長島町十日外面"],"5111143":[24,"桑名市","長島町西外面"],"5110037":[24,"桑名市","元赤須賀"],"5110427":[24,"いなべ市","北勢町麻生田"],"5110417":[24,"いなべ市","北勢町瀬木"],"5110513":[24,"いなべ市","藤原町下野尻"],"5110939":[24,"桑名市","坂井"],"5110064":[24,"桑名市","新築町"],"5110843":[24,"桑名市","太平町"],"5110507":[24,"いなべ市","藤原町上之山田"],"5111106":[24,"桑名市","長島町下坂手"],"5110833":[24,"桑名市","福江町"],"5110271":[24,"いなべ市","大安町片樋"],"5110104":[24,"桑名市","多度町肱江"],"5110212":[24,"いなべ市","員弁町平古"],"5110261":[24,"いなべ市","大安町丹生川上"],"5110083":[24,"桑名市","職人町"],"5110021":[24,"桑名市","川口町"],"5110061":[24,"桑名市","寿町"],"5110208":[24,"いなべ市","員弁町坂東新田"],"5110508":[24,"いなべ市","藤原町藤ケ丘"],"5111125":[24,"桑名市","長島町源部外面"],"5110077":[24,"桑名市","末広町"],"5110812":[24,"桑名市","尾野山"],"5110518":[24,"いなべ市","藤原町坂本"],"5110931":[24,"桑名市","能部"],"5110281":[24,"いなべ市","大安町門前"],"5110112":[24,"桑名市","多度町福永"],"5110823":[24,"桑名市","明正町"],"5110902":[24,"桑名市","松ノ木"],"5110052":[24,"桑名市","相川町"],"5110851":[24,"桑名市","希望ケ丘"],"5110805":[24,"桑名市","深谷町"],"5110287":[24,"いなべ市","大安町中央ケ丘"],"5110225":[24,"いなべ市","員弁町西方"],"5110941":[24,"桑名市","嘉例川"],"5110503":[24,"いなべ市","藤原町下相場"],"5110432":[24,"いなべ市","北勢町東村"],"5110125":[24,"桑名市","多度町力尾"],"5110121":[24,"桑名市","多度町美鹿"],"5110404":[24,"いなべ市","北勢町小原一色"],"5110415":[24,"いなべ市","北勢町東貝野"],"5118686":[24,"桑名市","中央町","３丁目２３"],"5110912":[24,"桑名市","星川"],"5110233":[24,"員弁郡東員町","城山"],"5110087":[24,"桑名市","吉津屋町"],"5110835":[24,"桑名市","本願寺"],"5111108":[24,"桑名市","長島町杉江"],"5110256":[24,"員弁郡東員町","南大社"],"5111114":[24,"桑名市","長島町長島下町"],"5110824":[24,"桑名市","繁松新田"],"5111132":[24,"桑名市","長島町福豊"],"5110065":[24,"桑名市","大央町"],"5110512":[24,"いなべ市","藤原町志礼石新田"],"5110806":[24,"桑名市","東汰上"],"5110251":[24,"員弁郡東員町","北山田"],"5110431":[24,"いなべ市","北勢町別名"],"5110848":[24,"桑名市","大貝須"],"5118510":[24,"桑名市","大字江場","７－６"],"5110066":[24,"桑名市","北鍋屋町"],"5111113":[24,"桑名市","長島町押付"],"5110217":[24,"いなべ市","員弁町大泉新田"],"5110934":[24,"桑名市","赤尾"],"5110421":[24,"いなべ市","北勢町皷"],"5110222":[24,"いなべ市","員弁町御薗"],"5110831":[24,"桑名市","益生町"],"5110035":[24,"桑名市","東野"],"5118666":[24,"桑名市","大央町","２０"],"5111135":[24,"桑名市","長島町浦安"],"5110516":[24,"いなべ市","藤原町西野尻"],"5110241":[24,"員弁郡東員町","鳥取"],"5110242":[24,"員弁郡東員町","六把野新田"],"5110937":[24,"桑名市","志知"],"5110115":[24,"桑名市","多度町南之郷"],"5110402":[24,"いなべ市","北勢町千司久連新田"],"5110039":[24,"桑名市","京町"],"5110005":[24,"桑名市","太一丸"],"5110254":[24,"員弁郡東員町","中上"],"5110081":[24,"桑名市","片町"],"5110011":[24,"桑名市","船馬町"],"5118588":[24,"桑名市","三之丸","４９－１"],"5111126":[24,"桑名市","長島町又木"],"5110807":[24,"桑名市","西汰上"],"5111103":[24,"桑名市","長島町中川"],"5118577":[24,"桑名市","中央町","３丁目２０"],"5110923":[24,"桑名市","桑部"],"5110523":[24,"いなべ市","藤原町本郷"],"5110861":[24,"桑名市","蠣塚新田"],"5110054":[24,"桑名市","西鍋屋町"],"5110945":[24,"桑名市","筑紫"],"5110822":[24,"桑名市","馬道"],"5118798":[24,"桑名市","大字播磨","字大山田１５８４－１５０"],"5110829":[24,"桑名市","神楽町"],"5110116":[24,"桑名市","多度町大鳥居"],"5111122":[24,"桑名市","長島町松ケ島"],"5110854":[24,"桑名市","蓮花寺"],"5110111":[24,"桑名市","多度町平古"],"5111142":[24,"桑名市","長島町出口"],"5110027":[24,"桑名市","福島新町"],"5110265":[24,"いなべ市","大安町石榑北"],"5110105":[24,"桑名市","多度町小山"],"5110426":[24,"いなべ市","北勢町其原"],"5110079":[24,"桑名市","有楽町"],"5110008":[24,"桑名市","蓮見町"],"5110422":[24,"いなべ市","北勢町北中津原"],"5110213":[24,"いなべ市","員弁町暮明"],"5110044":[24,"桑名市","萱町"],"5110072":[24,"桑名市","堤原"],"5110816":[24,"桑名市","汐見町"],"5110938":[24,"桑名市","友村"],"5110828":[24,"桑名市","立花町"],"5110813":[24,"桑名市","桜通"],"5110022":[24,"桑名市","江戸町"],"5110522":[24,"いなべ市","藤原町篠立"],"5111131":[24,"桑名市","長島町赤地"],"5110428":[24,"いなべ市","北勢町阿下喜"],"5110844":[24,"桑名市","福岡町"]}
