{"1038443":[13,"中央区","日本橋本町","３丁目３－６"],"1038501":[13,"中央区","日本橋箱崎町","２４－１"],"1038011":[13,"中央区","日本橋","１丁目９－１"],"1038247":[13,"中央区","日本橋","１丁目４－１日本橋一丁目ビルディング"],"1038554":[13,"中央区","日本橋堀留町","１丁目９－６"],"1038566":[13,"中央区","日本橋堀留町","２丁目８－５"],"1038355":[13,"中央区","日本橋小舟町","５－１"],"1038651":[13,"中央区","日本橋本石町","３丁目３－５"],"1030026":[13,"中央区","日本橋兜町"],"1038384":[13,"中央区","日本橋馬喰町","２丁目７－６"],"1038536":[13,"中央区","日本橋小網町","１４－１"],"1038542":[13,"中央区","日本橋小網町","６－１山万ビル"],"1038575":[13,"中央区","日本橋大伝馬町","５－７住友銀行人形町ビル"],"1038435":[13,"中央区","日本橋本町","３丁目６－２"],"1038320":[13,"中央区","日本橋室町","３丁目３－８"],"1030000":[13,"中央区",""],"1038433":[13,"中央区","日本橋本町","３丁目４－１４"],"1030007":[13,"中央区","日本橋浜町"],"1038231":[13,"中央区","日本橋","３丁目３－９"],"1038451":[13,"中央区","日本橋横山町","７－１８"],"1038308":[13,"中央区","日本橋","２丁目３－４日本橋プラザビル"],"1038678":[13,"中央区","日本橋","１丁目２０－５"],"1038272":[13,"中央区","日本橋","１丁目１３－１"],"1038655":[13,"中央区","日本橋","２丁目１４－９"],"1038589":[13,"中央区","八重洲","１丁目６－６八重洲センタービル"],"1038448":[13,"中央区","日本橋本町","２丁目８－２"],"1038287":[13,"中央区","八重洲","１丁目４番１８号"],"1038511":[13,"中央区","日本橋小舟町","６－６"],"1030006":[13,"中央区","日本橋富沢町"],"1038345":[13,"中央区","日本橋本石町","１丁目２－１"],"1038402":[13,"中央区","日本橋本町","４丁目３－５"],"1038401":[13,"中央区","日本橋本町","４丁目９－１１第９中央ビル２階"],"1038214":[13,"中央区","日本橋本町","３丁目８－３東硝ビル２Ｆ"],"1038330":[13,"中央区","日本橋室町","１丁目５－３"],"1038337":[13,"中央区","日本橋室町","２丁目３－１６"],"1038328":[13,"中央区","日本橋室町","２丁目１－１"],"1038261":[13,"中央区","日本橋","１丁目２－５"],"1038229":[13,"中央区","日本橋兜町","２－１"],"1038585":[13,"中央区","日本橋人形町","１丁目１８－１２"],"1038470":[13,"中央区","日本橋富沢町","１１－１２"],"1038587":[13,"中央区","日本橋人形町","１丁目２－２"],"1038535":[13,"中央区","日本橋小網町","１１－１０"],"1038438":[13,"中央区","日本橋本町","３丁目１１－５"],"1038425":[13,"中央区","日本橋本町","２丁目７－１"],"1038233":[13,"中央区","日本橋","３丁目７－２０"],"1038347":[13,"中央区","日本橋本石町","３丁目２－１２"],"1038545":[13,"中央区","日本橋小網町","１８－３小網町ゼネラル３Ｆ"],"1038503":[13,"中央区","日本橋箱崎町","３６－２リバーサイド読売ビル１３Ｆ"],"1038675":[13,"中央区","日本橋","１丁目１１－１"],"1038416":[13,"中央区","日本橋本町","２丁目２－３"],"1038520":[13,"中央区","日本橋蛎殻町","２丁目１－１"],"1038225":[13,"中央区","日本橋兜町","６－５"],"1038512":[13,"中央区","日本橋箱崎町","３６－２リバーサイド読売ビル"],"1038202":[13,"中央区","日本橋茅場町","１丁目２－４"],"1038670":[13,"中央区","八重洲","１丁目２－１"],"1038471":[13,"中央区","日本橋富沢町","８－６小川源ビル２Ｆ"],"1038652":[13,"中央区","日本橋堀留町","２丁目４－３"],"1038363":[13,"中央区","日本橋小伝馬町","９－９"],"1038481":[13,"中央区","日本橋浜町","２丁目１２－４"],"1038366":[13,"中央区","日本橋小伝馬町","２－３"],"1038521":[13,"中央区","日本橋","３丁目１０－５"],"1038430":[13,"中央区","日本橋浜町","３丁目２１－１浜町Ｆタワー"],"1038352":[13,"中央区","日本橋小舟町","３－８"],"1038255":[13,"中央区","日本橋","２丁目１１－２"],"1038507":[13,"中央区","日本橋浜町","３丁目４２－３住友不動産浜町ビル５Ｆ"],"1038417":[13,"中央区","日本橋本町","２丁目８－７"],"1038486":[13,"中央区","日本橋浜町","３丁目２１－１日本橋浜町Ｆタワー"],"1038484":[13,"中央区","日本橋浜町","２丁目１６－５東味ビル６Ｆ"],"1038212":[13,"中央区","日本橋茅場町","２丁目８－４"],"1038487":[13,"中央区","日本橋久松町","１１－６"],"1038238":[13,"中央区","日本橋","３丁目１１－２"],"1038586":[13,"中央区","日本橋人形町","３丁目１０－１かしきち人形町ビル５Ｆ"],"1038251":[13,"中央区","日本橋","１丁目３－１３日本橋中央ビル"],"1038341":[13,"中央区","日本橋本石町","４丁目４－２０"],"1038472":[13,"中央区","日本橋富沢町","９－１０"],"1038333":[13,"中央区","日本橋室町","１丁目６－２"],"1030012":[13,"中央区","日本橋堀留町"],"1038270":[13,"中央区","日本橋","１丁目７－９第百生命日本橋ビル"],"1038660":[13,"中央区","日本橋本石町","２丁目１－１"],"1038560":[13,"中央区","日本橋堀留町","１丁目３－１９"],"1038656":[13,"中央区","日本橋","１丁目１３－１"],"1038632":[13,"中央区","日本橋","３丁目８－２"],"1038423":[13,"中央区","日本橋本町","２丁目８－２稲畑ビル"],"1038383":[13,"中央区","日本橋馬喰町","１丁目７－６"],"1038245":[13,"中央区","日本橋","２丁目３－１０"],"1038456":[13,"中央区","日本橋横山町","３－１０"],"1038650":[13,"中央区","日本橋人形町","２丁目３１－１１"],"1038631":[13,"中央区","日本橋浜町","２丁目６２－６"],"1030028":[13,"中央区","八重洲"],"1038240":[13,"中央区","日本橋","２丁目１－１０"],"1038680":[13,"中央区","八重洲","１丁目４－２２"],"1038640":[13,"中央区","日本橋蛎殻町","１丁目７－９"],"1038530":[13,"中央区","日本橋小網町","１７－９"],"1038221":[13,"中央区","日本橋兜町","７－１２"],"1038415":[13,"中央区","日本橋本町","２丁目７－１"],"1030023":[13,"中央区","日本橋本町"],"1038218":[13,"中央区","日本橋茅場町","２丁目１２－７"],"1030025":[13,"中央区","日本橋茅場町"],"1038243":[13,"中央区","日本橋","１丁目５－３"],"1038311":[13,"中央区","日本橋室町","２丁目３－１４"],"1038570":[13,"中央区","日本橋大伝馬町","１３－１０"],"1038461":[13,"中央区","日本橋浜町","３丁目２１－１日本橋浜町Ｆタワー"],"1038205":[13,"中央区","日本橋茅場町","２丁目１５－４"],"1038408":[13,"中央区","日本橋本町","２丁目２－１０"],"1038258":[13,"中央区","日本橋","２丁目５－２"],"1038373":[13,"中央区","日本橋馬喰町","２丁目１－３"],"1038533":[13,"中央区","日本橋小網町","７－２"],"1030022":[13,"中央区","日本橋室町"],"1038404":[13,"中央区","日本橋本町","１丁目６－５"],"1038427":[13,"中央区","日本橋本町","４丁目１５－９"],"1038331":[13,"中央区","日本橋室町","２丁目１－１日本橋三井タワー６階"],"1038410":[13,"中央区","日本橋本町","４丁目１１－２"],"1030003":[13,"中央区","日本橋横山町"],"1038370":[13,"中央区","日本橋馬喰町","１丁目７－１６"],"1038260":[13,"中央区","日本橋","１丁目１２－１"],"1038317":[13,"中央区","日本橋室町","２丁目１－１"],"1038567":[13,"中央区","日本橋堀留町","１丁目１０－１２"],"1038307":[13,"中央区","日本橋室町","３丁目４－４ＪＰビル"],"1038439":[13,"中央区","日本橋本町","３丁目４－１"],"1038338":[13,"中央区","日本橋室町","２丁目１－１"],"1038405":[13,"中央区","日本橋本町","２丁目２－６"],"1038510":[13,"中央区","日本橋箱崎町","１９－２１"],"1038350":[13,"中央区","日本橋小舟町","６－１"],"1038537":[13,"中央区","日本橋小網町","６－１"],"1038550":[13,"中央区","日本橋堀留町","２丁目８－５"],"1038449":[13,"中央区","日本橋本町","２丁目６－３"],"1038230":[13,"中央区","日本橋","１丁目４－１日本橋一丁目ビルディング"],"1038466":[13,"中央区","日本橋久松町","５－６イマス久松町ビル６Ｆ"],"1038219":[13,"中央区","日本橋茅場町","１丁目１－９"],"1038246":[13,"中央区","日本橋","２丁目６－５日本橋２丁目ビル６階"],"1038686":[13,"多摩市","落合","１丁目３４"],"1038636":[13,"江東区","住吉","１丁目１－４"],"1038525":[13,"中央区","日本橋蛎殻町","１丁目４－１ＦＫビル"],"1038411":[13,"中央区","日本橋本町","２丁目３－１１"],"1030014":[13,"中央区","日本橋蛎殻町"],"1038380":[13,"中央区","日本橋馬喰町","１丁目７－３"],"1038460":[13,"中央区","東日本橋","２丁目２６－３"],"1038321":[13,"中央区","日本橋室町","３丁目４－４"],"1038407":[13,"中央区","日本橋本町","４丁目５－１６"],"1038346":[13,"中央区","日本橋本石町","３丁目２－１２"],"1038432":[13,"中央区","日本橋本町","２丁目１－６"],"1038534":[13,"中央区","日本橋小網町","１９－５"],"1038462":[13,"中央区","東日本橋","２丁目２０－７"],"1030001":[13,"中央区","日本橋小伝馬町"],"1038201":[13,"中央区","日本橋茅場町","１丁目１０－８グリーンヒルビル３階"],"1038354":[13,"中央区","日本橋小舟町","５－７"],"1038422":[13,"中央区","日本橋本町","３丁目３－６"],"1038543":[13,"中央区","日本橋小網町","６－１"],"1038450":[13,"中央区","日本橋横山町","８－９"],"1038236":[13,"中央区","日本橋","１丁目２－５"],"1030005":[13,"中央区","日本橋久松町"],"1038444":[13,"中央区","日本橋本町","４丁目６－６"],"1038224":[13,"中央区","日本橋兜町","２－１"],"1038437":[13,"中央区","日本橋本町","１丁目６－１"],"1038210":[13,"中央区","日本橋茅場町","１丁目１４－１０"],"1038641":[13,"中央区","日本橋本石町","４丁目６－１１"],"1038677":[13,"中央区","八重洲","１丁目２－１"],"1038644":[13,"中央区","日本橋室町","１丁目６－５"],"1038248":[13,"中央区","日本橋","２丁目１３－１２"],"1038252":[13,"中央区","日本橋","２丁目１３－１２"],"1038339":[13,"中央区","日本橋室町","４丁目３－１８東京建物室町ビル"],"1030015":[13,"中央区","日本橋箱崎町"],"1030008":[13,"中央区","日本橋中洲"],"1038419":[13,"中央区","日本橋本町","３丁目６－２"],"1038424":[13,"中央区","日本橋本町","４丁目８－１６"],"1038555":[13,"中央区","日本橋堀留町","１丁目８－１２"],"1038556":[13,"中央区","日本橋堀留町","１丁目１１－１２ＴＫ堀留ビル５Ｆ"],"1038403":[13,"中央区","日本橋本町","４丁目８－２"],"1038684":[13,"千代田区","神田錦町","３丁目２６"],"1038666":[13,"中央区","日本橋室町","２丁目１－１"],"1038313":[13,"中央区","日本橋富沢町","２－６"],"1038522":[13,"中央区","日本橋蛎殻町","２丁目１６－２"],"1038273":[13,"中央区","日本橋","１丁目４－１"],"1038256":[13,"中央区","日本橋","１丁目７－１７"],"1038588":[13,"中央区","日本橋人形町","２丁目２２－１"],"1030021":[13,"中央区","日本橋本石町"],"1038388":[13,"中央区","日本橋馬喰町","２丁目４－１２"],"1038630":[13,"中央区","日本橋","１丁目１９－１"],"1038436":[13,"中央区","日本橋茅場町","１丁目１－３白雪ビル"],"1038414":[13,"中央区","日本橋本町","４丁目６－８"],"1038324":[13,"中央区","日本橋室町","２丁目１－１日本橋三井タワー１５Ｆ"],"1038577":[13,"中央区","日本橋大伝馬町","８－１"],"1030013":[13,"中央区","日本橋人形町"],"1038228":[13,"中央区","日本橋兜町","２１－７ＫＡＴＯ．ＩＨＩビル"],"1038275":[13,"中央区","日本橋","３丁目６－２"],"1038465":[13,"中央区","東日本橋","３丁目１０－４"],"1030016":[13,"中央区","日本橋小網町"],"1038552":[13,"中央区","日本橋浜町","３丁目３－２"],"1038217":[13,"中央区","日本橋茅場町","１丁目８－１"],"1038211":[13,"中央区","日本橋茅場町","１丁目１３－１６"],"1038001":[13,"中央区","日本橋室町","１丁目４－１"],"1038676":[13,"中央区","日本橋","２丁目３－２１"],"1038502":[13,"中央区","日本橋箱崎町","６－６"],"1030002":[13,"中央区","日本橋馬喰町"],"1030004":[13,"中央区","東日本橋"],"1038668":[13,"中央区","日本橋","２丁目１２－１０"],"1038241":[13,"中央区","日本橋","１丁目１－１"],"1038278":[13,"中央区","日本橋","１丁目１７－６"],"1038653":[13,"中央区","日本橋室町","１丁目５－３"],"1030027":[13,"中央区","日本橋"],"1038434":[13,"中央区","日本橋本町","４丁目８－２"],"1038306":[13,"中央区","日本橋室町","２丁目３－１４"],"1038571":[13,"中央区","日本橋大伝馬町","９－１０"],"1038335":[13,"中央区","日本橋室町","４丁目１－２２"],"1038431":[13,"中央区","日本橋本町","４丁目４－１４"],"1038244":[13,"中央区","日本橋","３丁目９－２"],"1038515":[13,"中央区","日本橋箱崎町","３６－２"],"1038265":[13,"中央区","日本橋","２丁目４－１"],"1030011":[13,"中央区","日本橋大伝馬町"],"1038237":[13,"中央区","日本橋","１丁目２－５栄太楼ビル"],"1038689":[13,"中央区","日本橋室町","１丁目７－１"],"1038323":[13,"中央区","日本橋室町","２丁目１－１"],"1038480":[13,"中央区","日本橋久松町","４番ー４"],"1038242":[13,"中央区","日本橋","１丁目４－１日本橋一丁目ビルディング"],"1038235":[13,"中央区","日本橋茅場町","２丁目１２－７高栄茅場町ビル７Ｆ"],"1038531":[13,"中央区","日本橋小網町","８－４"],"1038206":[13,"中央区","日本橋茅場町","２丁目６－６"],"1038360":[13,"中央区","日本橋蛎殻町","１丁目３１－１"],"1038473":[13,"中央区","日本橋富沢町","８番６号ＺＳ東京ビル"],"1038351":[13,"中央区","日本橋小舟町","１０－１１"],"1038239":[13,"中央区","日本橋","３丁目１０－５"],"1038222":[13,"中央区","日本橋兜町","１－１０"],"1038232":[13,"中央区","日本橋","２丁目１５－１０"],"1038506":[13,"中央区","日本橋箱崎町","１２－４"],"1038426":[13,"中央区","日本橋本町","３丁目５－１"],"1038548":[13,"中央区","日本橋小網町","１４－１"],"1030024":[13,"中央区","日本橋小舟町"],"1038412":[13,"中央区","日本橋本町","３丁目２－８"],"1038558":[13,"中央区","日本橋浜町","１丁目１２－９"],"1038538":[13,"中央区","日本橋小網町","７－２"],"1038285":[13,"中央区","八重洲","１丁目９－９"],"1038358":[13,"中央区","日本橋小舟町","６番－６"],"1038639":[13,"中央区","日本橋本町","４丁目１２－１９"],"1038584":[13,"中央区","日本橋人形町","１丁目１－１０"],"1038665":[13,"中央区","日本橋馬喰町","２丁目２－６"],"1038310":[13,"中央区","日本橋室町","３丁目１－３"],"1038259":[13,"中央区","日本橋","３丁目１２－２朝日ビルディング"]}
