{"0910193":[1,"北見市","留辺蘂町温根湯温泉","番外地"],"0910016":[1,"北見市","留辺蘂町丸山"],"0910558":[1,"常呂郡佐呂間町","栃木"],"0910555":[1,"常呂郡佐呂間町","中園"],"0910026":[1,"北見市","留辺蘂町旭公園"],"0910163":[1,"北見市","留辺蘂町滝の湯"],"0910029":[1,"北見市","留辺蘂町旭１区"],"0910473":[1,"常呂郡佐呂間町","共立"],"0910155":[1,"北見市","留辺蘂町大和"],"0910022":[1,"北見市","留辺蘂町旭東"],"0910557":[1,"常呂郡佐呂間町","川西"],"0910192":[1,"北見市","留辺蘂町温根湯温泉","１５７番地"],"0910471":[1,"常呂郡佐呂間町","大成"],"0910023":[1,"北見市","留辺蘂町旭中央"],"0910032":[1,"北見市","留辺蘂町豊金"],"0910161":[1,"北見市","留辺蘂町厚和"],"0910007":[1,"北見市","留辺蘂町富岡"],"0910554":[1,"常呂郡佐呂間町","武士"],"0910162":[1,"北見市","留辺蘂町富士見"],"0910017":[1,"北見市","留辺蘂町瑞穂"],"0918666":[1,"北見市","留辺蘂町上町","６１番地"],"0910004":[1,"北見市","留辺蘂町上町"],"0910553":[1,"常呂郡佐呂間町","朝日"],"0910552":[1,"常呂郡佐呂間町","富丘"],"0910008":[1,"北見市","留辺蘂町宮下町"],"0910156":[1,"北見市","留辺蘂町川北"],"0910151":[1,"北見市","留辺蘂町昭栄"],"0910024":[1,"北見市","留辺蘂町旭南"],"0910011":[1,"北見市","留辺蘂町泉"],"0910154":[1,"北見市","留辺蘂町平里"],"0910021":[1,"北見市","留辺蘂町金華"],"0910003":[1,"北見市","留辺蘂町仲町"],"0910033":[1,"北見市","留辺蘂町栄町"],"0910028":[1,"北見市","留辺蘂町旭３区"],"0910556":[1,"常呂郡佐呂間町","啓生"],"0910018":[1,"北見市","留辺蘂町花園"],"0910472":[1,"常呂郡佐呂間町","栄"],"0910002":[1,"北見市","留辺蘂町東町"],"0910027":[1,"北見市","留辺蘂町旭西"],"0910031":[1,"北見市","留辺蘂町大富"],"0910194":[1,"北見市","留辺蘂町温根湯温泉","４９２番地"],"0910551":[1,"常呂郡佐呂間町","若佐"],"0910001":[1,"北見市","留辺蘂町元町"],"0910025":[1,"北見市","留辺蘂町旭北"],"0910157":[1,"北見市","留辺蘂町花丘"],"0910170":[1,"北見市","留辺蘂町温根湯温泉"],"0910153":[1,"北見市","留辺蘂町松山"]}
