{"2370073":[14,"横須賀市","田浦泉町"],"2370061":[14,"横須賀市","夏島町"],"2378588":[14,"横須賀市","船越町","１丁目８番地"],"2370064":[14,"横須賀市","追浜町"],"2378585":[14,"横須賀市","田浦港町","無番地"],"2370077":[14,"横須賀市","浜見台"],"2370071":[14,"横須賀市","田浦港町"],"2370066":[14,"横須賀市","湘南鷹取"],"2370076":[14,"横須賀市","船越町"],"2378510":[14,"横須賀市","船越町","１丁目２０１－１"],"2370072":[14,"横須賀市","長浦町"],"2378555":[14,"横須賀市","夏島町","１９"],"2378523":[14,"横須賀市","夏島町","１番地"],"2370067":[14,"横須賀市","鷹取"],"2378515":[14,"横須賀市","長浦町","１丁目４３"],"2370074":[14,"横須賀市","田浦大作町"],"2370078":[14,"横須賀市","箱崎町"],"2370063":[14,"横須賀市","追浜東町"],"2370065":[14,"横須賀市","追浜南町"],"2370068":[14,"横須賀市","追浜本町"],"2370062":[14,"横須賀市","浦郷町"],"2370079":[14,"横須賀市","港が丘"],"2370075":[14,"横須賀市","田浦町"]}
