{"1540015":[13,"世田谷区","桜新町"],"1548567":[13,"世田谷区","若林","１丁目１８－１０"],"1548520":[13,"世田谷区","太子堂","４丁目１－１キャロットタワー２０Ｆ"],"1548532":[13,"世田谷区","池尻","１丁目２－２４"],"1540016":[13,"世田谷区","弦巻"],"1548515":[13,"世田谷区","世田谷","４丁目２８－１"],"1540024":[13,"世田谷区","三軒茶屋"],"1548539":[13,"世田谷区","三軒茶屋","２丁目１１－２２"],"1548584":[13,"世田谷区","桜新町","１丁目３４－６"],"1540017":[13,"世田谷区","世田谷"],"1540003":[13,"世田谷区","野沢"],"1540021":[13,"世田谷区","豪徳寺"],"1540022":[13,"世田谷区","梅丘"],"1548554":[13,"世田谷区","世田谷","４丁目２１－２７"],"1548523":[13,"世田谷区","若林","４丁目２２－１４"],"1548536":[13,"世田谷区","上馬","３丁目１５－２１"],"1548525":[13,"世田谷区","駒沢","１丁目２３－１"],"1548506":[13,"世田谷区","新町","３丁目５－３"],"1540014":[13,"世田谷区","新町"],"1540001":[13,"世田谷区","池尻"],"1540005":[13,"世田谷区","三宿"],"1548585":[13,"世田谷区","駒沢","３丁目１５－１"],"1548565":[13,"世田谷区","三宿","２丁目１４－１１"],"1548582":[13,"世田谷区","三軒茶屋","２丁目１１－２２サンタワーズセンタービル４・５Ｆ"],"1540013":[13,"世田谷区","駒沢公園"],"1548552":[13,"世田谷区","三軒茶屋","１丁目２２－３"],"1548510":[13,"世田谷区","桜新町","２丁目１９－５"],"1548703":[13,"目黒区","下目黒","１丁目６－６"],"1548531":[13,"世田谷区","上馬","２丁目１４－１横溝ビル"],"1548504":[13,"世田谷区","世田谷","４丁目２１－２７"],"1548568":[13,"世田谷区","世田谷","３丁目１１－３"],"1548581":[13,"世田谷区","世田谷","１丁目２３－３"],"1548530":[13,"世田谷区","池尻","２丁目７－３"],"1548505":[13,"世田谷区","若林","１丁目１８－１３"],"1548577":[13,"世田谷区","若林","４丁目２２－１２"],"1548543":[13,"世田谷区","新町","３丁目１－３"],"1548501":[13,"世田谷区","池尻","３丁目１－３"],"1548571":[13,"世田谷区","太子堂","１丁目７"],"1548555":[13,"世田谷区","世田谷","１丁目３０－１２"],"1548570":[13,"世田谷区","池尻","３丁目３０－１２"],"1540000":[13,"世田谷区",""],"1548566":[13,"世田谷区","池尻","１丁目２－２４"],"1548553":[13,"世田谷区","若林","４丁目３２－１"],"1548521":[13,"世田谷区","新町","１丁目２１－１２"],"1540002":[13,"世田谷区","下馬"],"1540011":[13,"世田谷区","上馬"],"1548732":[13,"世田谷区","太子堂","１丁目１３－１３"],"1540004":[13,"世田谷区","太子堂"],"1548516":[13,"世田谷区","三軒茶屋","２丁目１１－２４サンタワーズＡ棟７０１"],"1548551":[13,"世田谷区","若林","１丁目１８－１０"],"1548511":[13,"世田谷区","池尻","１丁目２－２４"],"1540023":[13,"世田谷区","若林"],"1548545":[13,"世田谷区","三軒茶屋","２丁目１１－２２サンタワーズセンタービル１０Ｆ"],"1548533":[13,"世田谷区","太子堂","１丁目７－５７"],"1548503":[13,"世田谷区","若林","１丁目２０－１１"],"1548580":[13,"世田谷区","桜新町","２丁目５－５"],"1548544":[13,"世田谷区","池尻","２丁目２３－１１"],"1540012":[13,"世田谷区","駒沢"]}
