{"4506024":[23,"名古屋市中村区","名駅ＪＲセントラルタワーズ"],"4506224":[23,"名古屋市中村区","名駅ミッドランドスクエア"],"4506011":[23,"名古屋市中村区","名駅ＪＲセントラルタワーズ"],"4506036":[23,"名古屋市中村区","名駅ＪＲセントラルタワーズ"],"4500005":[23,"名古屋市中村区","西日置"],"4508583":[23,"名古屋市中村区","名駅南","１丁目２４－３０"],"4508620":[23,"名古屋市中村区","名駅南","３丁目９－３"],"4506240":[23,"名古屋市中村区","名駅ミッドランドスクエア"],"4506219":[23,"名古屋市中村区","名駅ミッドランドスクエア"],"4506018":[23,"名古屋市中村区","名駅ＪＲセントラルタワーズ"],"4506230":[23,"名古屋市中村区","名駅ミッドランドスクエア"],"4506290":[23,"名古屋市中村区","名駅ミッドランドスクエア"],"4506208":[23,"名古屋市中村区","名駅ミッドランドスクエア"],"4506221":[23,"名古屋市中村区","名駅ミッドランドスクエア"],"4506017":[23,"名古屋市中村区","名駅ＪＲセントラルタワーズ"],"4506003":[23,"名古屋市中村区","名駅ＪＲセントラルタワーズ"],"4506030":[23,"名古屋市中村区","名駅ＪＲセントラルタワーズ"],"4506247":[23,"名古屋市中村区","名駅ミッドランドスクエア"],"4508520":[23,"名古屋市中村区","名駅","３丁目１２－１２"],"4506021":[23,"名古屋市中村区","名駅ＪＲセントラルタワーズ"],"4506005":[23,"名古屋市中村区","名駅ＪＲセントラルタワーズ"],"4508540":[23,"名古屋市中村区","名駅","３丁目２８－１２"],"4506044":[23,"名古屋市中村区","名駅ＪＲセントラルタワーズ"],"4508502":[23,"名古屋市中村区","名駅","１丁目１番２号"],"4506028":[23,"名古屋市中村区","名駅ＪＲセントラルタワーズ"],"4506212":[23,"名古屋市中村区","名駅ミッドランドスクエア"],"4508585":[23,"名古屋市中村区","名駅","５丁目１－７"],"4500002":[23,"名古屋市中村区","名駅"],"4508618":[23,"名古屋市中村区","名駅南","２丁目１４－１９"],"4506202":[23,"名古屋市中村区","名駅ミッドランドスクエア"],"4506027":[23,"名古屋市中村区","名駅ＪＲセントラルタワーズ"],"4508730":[23,"名古屋市中村区","名駅南","４丁目１１－３９"],"4506009":[23,"名古屋市中村区","名駅ＪＲセントラルタワーズ"],"4508575":[23,"名古屋市中村区","名駅","４丁目９－８"],"4508577":[23,"名古屋市中村区","名駅","４丁目４－８第２中経ビル内"],"4506228":[23,"名古屋市中村区","名駅ミッドランドスクエア"],"4506245":[23,"名古屋市中村区","名駅ミッドランドスクエア"],"4508532":[23,"名古屋市中村区","名駅","３丁目２８－１２"],"4506050":[23,"名古屋市中村区","名駅ＪＲセントラルタワーズ"],"4506047":[23,"名古屋市中村区","名駅ＪＲセントラルタワーズ"],"4508521":[23,"名古屋市中村区","名駅","３丁目２２－８大東海ビル内"],"4506037":[23,"名古屋市中村区","名駅ＪＲセントラルタワーズ"],"4508711":[23,"名古屋市中村区","名駅","４丁目７番１号"],"4506034":[23,"名古屋市中村区","名駅ＪＲセントラルタワーズ"],"4508650":[23,"名古屋市中村区","名駅","３丁目２８番１２号"],"4506013":[23,"名古屋市中村区","名駅ＪＲセントラルタワーズ"],"4506214":[23,"名古屋市中村区","名駅ミッドランドスクエア"],"4506242":[23,"名古屋市中村区","名駅ミッドランドスクエア"],"4506216":[23,"名古屋市中村区","名駅ミッドランドスクエア"],"4506001":[23,"名古屋市中村区","名駅ＪＲセントラルタワーズ"],"4508523":[23,"名古屋市中村区","名駅","３丁目２２－８"],"4506236":[23,"名古屋市中村区","名駅ミッドランドスクエア"],"4506225":[23,"名古屋市中村区","名駅ミッドランドスクエア"],"4508640":[23,"名古屋市中村区","那古野","１丁目４７－１名古屋国際センタービル２階"],"4508515":[23,"名古屋市中村区","名駅","４丁目７番１号"],"4506045":[23,"名古屋市中村区","名駅ＪＲセントラルタワーズ"],"4506243":[23,"名古屋市中村区","名駅ミッドランドスクエア"],"4500007":[23,"名古屋市中村区","笹島町"],"4506014":[23,"名古屋市中村区","名駅ＪＲセントラルタワーズ"],"4508580":[23,"名古屋市中村区","名駅","５丁目２５－１愛三ビル"],"4500001":[23,"名古屋市中村区","那古野"],"4506042":[23,"名古屋市中村区","名駅ＪＲセントラルタワーズ"],"4506229":[23,"名古屋市中村区","名駅ミッドランドスクエア"],"4508614":[23,"名古屋市中村区","名駅南","２丁目６－１７"],"4506238":[23,"名古屋市中村区","名駅ミッドランドスクエア"],"4506023":[23,"名古屋市中村区","名駅ＪＲセントラルタワーズ"],"4506039":[23,"名古屋市中村区","名駅ＪＲセントラルタワーズ"],"4506232":[23,"名古屋市中村区","名駅ミッドランドスクエア"],"4500004":[23,"名古屋市中村区","松重町"],"4506031":[23,"名古屋市中村区","名駅ＪＲセントラルタワーズ"],"4506006":[23,"名古屋市中村区","名駅ＪＲセントラルタワーズ"],"4506223":[23,"名古屋市中村区","名駅ミッドランドスクエア"],"4506049":[23,"名古屋市中村区","名駅ＪＲセントラルタワーズ"],"4506204":[23,"名古屋市中村区","名駅ミッドランドスクエア"],"4506234":[23,"名古屋市中村区","名駅ミッドランドスクエア"],"4508651":[23,"名古屋市中村区","名駅","４丁目７番１号"],"4506227":[23,"名古屋市中村区","名駅ミッドランドスクエア"],"4506025":[23,"名古屋市中村区","名駅ＪＲセントラルタワーズ"],"4506241":[23,"名古屋市中村区","名駅ミッドランドスクエア"],"4506029":[23,"名古屋市中村区","名駅ＪＲセントラルタワーズ"],"4506207":[23,"名古屋市中村区","名駅ミッドランドスクエア"],"4506035":[23,"名古屋市中村区","名駅ＪＲセントラルタワーズ"],"4506210":[23,"名古屋市中村区","名駅ミッドランドスクエア"],"4508522":[23,"名古屋市中村区","名駅","３丁目２８－１２"],"4506016":[23,"名古屋市中村区","名駅ＪＲセントラルタワーズ"],"4508561":[23,"名古屋市中村区","名駅","４丁目４－１２"],"4506010":[23,"名古屋市中村区","名駅ＪＲセントラルタワーズ"],"4506033":[23,"名古屋市中村区","名駅ＪＲセントラルタワーズ"],"4508505":[23,"名古屋市中村区","名駅","１丁目２－１"],"4508765":[23,"名古屋市中村区","名駅南","１丁目１７－２９広小路ＥＳビル３階"],"4506020":[23,"名古屋市中村区","名駅ＪＲセントラルタワーズ"],"4506019":[23,"名古屋市中村区","名駅ＪＲセントラルタワーズ"],"4506008":[23,"名古屋市中村区","名駅ＪＲセントラルタワーズ"],"4506041":[23,"名古屋市中村区","名駅ＪＲセントラルタワーズ"],"4506213":[23,"名古屋市中村区","名駅ミッドランドスクエア"],"4508680":[23,"名古屋市中村区","名駅","１丁目１番４号ＪＲセントラルタワーズ"],"4506022":[23,"名古屋市中村区","名駅ＪＲセントラルタワーズ"],"4508567":[23,"名古屋市中村区","名駅","２丁目４５番７号"],"4508538":[23,"名古屋市中村区","名駅","３丁目２１－７名古屋三交ビル１０Ｆ"],"4506040":[23,"名古屋市中村区","名駅ＪＲセントラルタワーズ"],"4506246":[23,"名古屋市中村区","名駅ミッドランドスクエア"],"4506004":[23,"名古屋市中村区","名駅ＪＲセントラルタワーズ"],"4506043":[23,"名古屋市中村区","名駅ＪＲセントラルタワーズ"],"4508533":[23,"名古屋市中村区","名駅","２丁目４５－１４日石名駅ビル内"],"4506090":[23,"名古屋市中村区","名駅ＪＲセントラルタワーズ"],"4506235":[23,"名古屋市中村区","名駅ミッドランドスクエア"],"4506244":[23,"名古屋市中村区","名駅ミッドランドスクエア"],"4506048":[23,"名古屋市中村区","名駅ＪＲセントラルタワーズ"],"4506206":[23,"名古屋市中村区","名駅ミッドランドスクエア"],"4500003":[23,"名古屋市中村区","名駅南"],"4508501":[23,"名古屋市中村区","名駅","１丁目２－４"],"4506046":[23,"名古屋市中村区","名駅ＪＲセントラルタワーズ"],"4506007":[23,"名古屋市中村区","名駅ＪＲセントラルタワーズ"],"4506220":[23,"名古屋市中村区","名駅ミッドランドスクエア"],"4500006":[23,"名古屋市中村区","下広井町"],"4506217":[23,"名古屋市中村区","名駅ミッドランドスクエア"],"4508601":[23,"名古屋市中村区","名駅南","２丁目１３番１８号ＮＳビル５階"],"4506201":[23,"名古屋市中村区","名駅ミッドランドスクエア"],"4508677":[23,"名古屋市中村区","名駅南","１丁目"],"4508611":[23,"名古屋市中村区","名駅南","２丁目７－５５"],"4506211":[23,"名古屋市中村区","名駅ミッドランドスクエア"],"4506002":[23,"名古屋市中村区","名駅ＪＲセントラルタワーズ"],"4506015":[23,"名古屋市中村区","名駅ＪＲセントラルタワーズ"],"4506209":[23,"名古屋市中村区","名駅ミッドランドスクエア"],"4506231":[23,"名古屋市中村区","名駅ミッドランドスクエア"],"4506026":[23,"名古屋市中村区","名駅ＪＲセントラルタワーズ"],"4506233":[23,"名古屋市中村区","名駅ミッドランドスクエア"],"4506205":[23,"名古屋市中村区","名駅ミッドランドスクエア"],"4508510":[23,"名古屋市中村区","名駅","２丁目４５－１９桑山ビル６階"],"4506051":[23,"名古屋市中村区","名駅ＪＲセントラルタワーズ"],"4506215":[23,"名古屋市中村区","名駅ミッドランドスクエア"],"4506203":[23,"名古屋市中村区","名駅ミッドランドスクエア"],"4506032":[23,"名古屋市中村区","名駅ＪＲセントラルタワーズ"],"4506038":[23,"名古屋市中村区","名駅ＪＲセントラルタワーズ"],"4506237":[23,"名古屋市中村区","名駅ミッドランドスクエア"],"4506218":[23,"名古屋市中村区","名駅ミッドランドスクエア"],"4506222":[23,"名古屋市中村区","名駅ミッドランドスクエア"],"4508530":[23,"名古屋市中村区","名駅","３丁目１３－５"],"4506239":[23,"名古屋市中村区","名駅ミッドランドスクエア"],"4506226":[23,"名古屋市中村区","名駅ミッドランドスクエア"],"4506012":[23,"名古屋市中村区","名駅ＪＲセントラルタワーズ"]}
