{"4360066":[22,"掛川市","谷の口町"],"4360041":[22,"掛川市","秋葉路"],"4360003":[22,"掛川市","日坂"],"4360088":[22,"掛川市","葛ケ丘"],"4360016":[22,"掛川市","板沢"],"4360114":[22,"掛川市","高田"],"4360029":[22,"掛川市","南"],"4360337":[22,"掛川市","炭焼"],"4360061":[22,"掛川市","水垂"],"4360224":[22,"掛川市","富部"],"4360052":[22,"掛川市","柳町"],"4360067":[22,"掛川市","下西郷"],"4360223":[22,"掛川市","黒田"],"4360057":[22,"掛川市","十九首"],"4360071":[22,"掛川市","仁藤"],"4360111":[22,"掛川市","本郷"],"4360009":[22,"掛川市","大野"],"4360012":[22,"掛川市","上内田"],"4360063":[22,"掛川市","北池新田"],"4360032":[22,"掛川市","平野"],"4360007":[22,"掛川市","小原子"],"4360039":[22,"掛川市","沢田"],"4360338":[22,"掛川市","和光"],"4360221":[22,"掛川市","上垂木"],"4360048":[22,"掛川市","細田"],"4360006":[22,"掛川市","本所"],"4360332":[22,"掛川市","居尻"],"4360103":[22,"掛川市","久居島"],"4360001":[22,"掛川市","東山"],"4360020":[22,"掛川市","矢崎町"],"4360055":[22,"掛川市","紺屋町"],"4360077":[22,"掛川市","駅前"],"4360005":[22,"掛川市","伊達方"],"4360024":[22,"掛川市","南西郷"],"4360038":[22,"掛川市","領家"],"4360004":[22,"掛川市","八坂"],"4360019":[22,"掛川市","青葉台"],"4360035":[22,"掛川市","徳泉"],"4360093":[22,"掛川市","連雀"],"4360013":[22,"掛川市","子隣"],"4360045":[22,"掛川市","小鷹町"],"4360025":[22,"掛川市","下俣"],"4360018":[22,"掛川市","葵町"],"4360056":[22,"掛川市","中央"],"4360092":[22,"掛川市","中町"],"4360085":[22,"掛川市","成滝"],"4360094":[22,"掛川市","喜町"],"4360087":[22,"掛川市","大多郎"],"4360084":[22,"掛川市","逆川"],"4368502":[22,"掛川市","杉谷","７２１"],"4360054":[22,"掛川市","城西"],"4360079":[22,"掛川市","掛川"],"4360023":[22,"掛川市","結縁寺"],"4360112":[22,"掛川市","細谷"],"4360086":[22,"掛川市","宮脇"],"4360033":[22,"掛川市","篠場"],"4360022":[22,"掛川市","上張"],"4360226":[22,"掛川市","遊家"],"4368653":[22,"掛川市","久保","１丁目１９－８"],"4360082":[22,"掛川市","淡陽"],"4360101":[22,"掛川市","上西之谷"],"4360000":[22,"掛川市",""],"4360064":[22,"掛川市","北門"],"4360078":[22,"掛川市","肴町"],"4360011":[22,"掛川市","満水"],"4360117":[22,"掛川市","幡鎌"],"4360091":[22,"掛川市","城下"],"4360335":[22,"掛川市","大和田"],"4360334":[22,"掛川市","孕石"],"4360051":[22,"掛川市","中宿"],"4360043":[22,"掛川市","大池"],"4360046":[22,"掛川市","中央高町"],"4360343":[22,"掛川市","五明"],"4360034":[22,"掛川市","梅橋"],"4360333":[22,"掛川市","丹間"],"4360059":[22,"掛川市","城北"],"4360058":[22,"掛川市","七日町"],"4360342":[22,"掛川市","上西郷"],"4360113":[22,"掛川市","各和"],"4360044":[22,"掛川市","清崎"],"4368651":[22,"掛川市","亀の甲","２丁目２０３"],"4360104":[22,"掛川市","平島"],"4360102":[22,"掛川市","中西之谷"],"4360225":[22,"掛川市","家代"],"4360106":[22,"掛川市","寺島"],"4360021":[22,"掛川市","緑ケ丘"],"4368501":[22,"掛川市","下俣","８００"],"4360227":[22,"掛川市","家代の里"],"4368650":[22,"掛川市","長谷","７０１－１"],"4360076":[22,"掛川市","塩町"],"4360065":[22,"掛川市","天王町"],"4360047":[22,"掛川市","長谷"],"4368503":[22,"掛川市","駅前","１－９"],"4360341":[22,"掛川市","倉真"],"4360030":[22,"掛川市","杉谷南"],"4360222":[22,"掛川市","下垂木"],"4360042":[22,"掛川市","二瀬川"],"4360053":[22,"掛川市","弥生町"],"4360072":[22,"掛川市","印内"],"4360008":[22,"掛川市","千羽"],"4360014":[22,"掛川市","岩井寺"],"4360083":[22,"掛川市","薗ケ谷"],"4360036":[22,"掛川市","原川"],"4360069":[22,"掛川市","旭台"],"4360105":[22,"掛川市","原里"],"4360090":[22,"掛川市","光陽"],"4360026":[22,"掛川市","下俣南"],"4360089":[22,"掛川市","安養寺"],"4360068":[22,"掛川市","御所原"],"4360115":[22,"掛川市","吉岡"],"4360027":[22,"掛川市","久保"],"4360075":[22,"掛川市","仁藤町"],"4360062":[22,"掛川市","旭ケ丘"],"4360116":[22,"掛川市","西山"],"4360049":[22,"掛川市","上屋敷"],"4360015":[22,"掛川市","和田"],"4360074":[22,"掛川市","葛川"],"4360028":[22,"掛川市","亀の甲"],"4360336":[22,"掛川市","萩間"],"4360073":[22,"掛川市","金城"],"4360331":[22,"掛川市","黒俣"],"4360017":[22,"掛川市","杉谷"],"4360037":[22,"掛川市","岡津"],"4368652":[22,"掛川市","緑ケ丘","２丁目１１－４"],"4360031":[22,"掛川市","高御所"],"4360081":[22,"掛川市","初馬"],"4360002":[22,"掛川市","佐夜鹿"]}
