{"0940005":[1,"紋別市","幸町"],"0940021":[1,"紋別市","大山町"],"0948710":[1,"紋別市","本町","３丁目１－３１"],"0948603":[1,"紋別市","港町","４丁目１－１２"],"0940031":[1,"紋別市","海洋公園"],"0940002":[1,"紋別市","真砂町"],"0940024":[1,"紋別市","藻別"],"0948705":[1,"紋別市","北浜町","１丁目"],"0940013":[1,"紋別市","南が丘町"],"0948601":[1,"紋別市","港町","６丁目５－２"],"0940012":[1,"紋別市","新港町"],"0948551":[1,"紋別市","幸町","５丁目"],"0948707":[1,"紋別市","幸町","２丁目１－１８"],"0948717":[1,"紋別市","北浜町","１丁目１１－２２"],"0948712":[1,"紋別市","幸町","４丁目"],"0948604":[1,"紋別市","港町","４丁目１－１２"],"0940014":[1,"紋別市","緑町"],"0948609":[1,"紋別市","南が丘町","７丁目７２番５号"],"0940025":[1,"紋別市","上藻別"],"0948552":[1,"紋別市","幸町","５丁目２４－１"],"0940004":[1,"紋別市","本町"],"0940003":[1,"紋別市","弁天町"],"0948715":[1,"紋別市","港町","１丁目"],"0948642":[1,"紋別市","南が丘町","１丁目６"],"0948703":[1,"紋別市","本町","３丁目１－２２"],"0948709":[1,"紋別市","緑町","５丁目６－８"],"0948645":[1,"紋別市","花園町","３丁目４－３９"],"0940001":[1,"紋別市","北浜町"],"0948713":[1,"紋別市","本町","５丁目１－５"],"0948646":[1,"紋別市","緑町","５丁目６－７"],"0948706":[1,"紋別市","幸町","４丁目２－１５"],"0948644":[1,"紋別市","南が丘町","６丁目７－２１"],"0948602":[1,"紋別市","港町","６丁目２－１２"],"0940027":[1,"紋別市","上鴻之舞"],"0940022":[1,"紋別市","新生"],"0948716":[1,"紋別市","花園町","１丁目３－３"],"0948641":[1,"紋別市","南が丘町","１丁目５"],"0940000":[1,"紋別市",""],"0948702":[1,"紋別市","港町","３丁目１－３"],"0948554":[1,"紋別市","幸町","６丁目"],"0940006":[1,"紋別市","潮見町"],"0940011":[1,"紋別市","港町"],"0948581":[1,"紋別市","落石町","１丁目３－１８"],"0948704":[1,"紋別市","本町","４丁目２－７"],"0948643":[1,"紋別市","南が丘町","６丁目３－４７"],"0940023":[1,"紋別市","元紋別"],"0940026":[1,"紋別市","鴻之舞"],"0948701":[1,"紋別市","本町","４丁目"],"0948714":[1,"紋別市","幸町","４丁目"],"0940015":[1,"紋別市","花園町"],"0948605":[1,"紋別市","港町","６丁目２－１２"],"0940007":[1,"紋別市","落石町"],"0948553":[1,"紋別市","元紋別","６番地の１"],"0948708":[1,"紋別市","港町","５丁目"]}
