{"2150016":[14,"川崎市麻生区","早野"],"2150004":[14,"川崎市麻生区","万福寺"],"2158585":[14,"川崎市麻生区","上麻生","３丁目１６－１"],"2150013":[14,"川崎市麻生区","王禅寺"],"2150035":[14,"川崎市麻生区","黒川"],"2150014":[14,"川崎市麻生区","白山"],"2150018":[14,"川崎市麻生区","王禅寺東"],"2158542":[14,"川崎市麻生区","東百合丘","３丁目４－１"],"2150003":[14,"川崎市麻生区","高石"],"2150001":[14,"川崎市麻生区","細山"],"2150002":[14,"川崎市麻生区","多摩美"],"2150011":[14,"川崎市麻生区","百合丘"],"2158558":[14,"川崎市麻生区","上麻生","１丁目１１－１"],"2150005":[14,"川崎市麻生区","千代ケ丘"],"2150033":[14,"川崎市麻生区","栗木"],"2150024":[14,"川崎市麻生区","白鳥"],"2150027":[14,"川崎市麻生区","岡上"],"2150026":[14,"川崎市麻生区","古沢"],"2150021":[14,"川崎市麻生区","上麻生"],"2150025":[14,"川崎市麻生区","五力田"],"2150006":[14,"川崎市麻生区","金程"],"2150007":[14,"川崎市麻生区","向原"],"2158527":[14,"川崎市麻生区","上麻生","１丁目３－９"],"2158530":[14,"川崎市麻生区","栗木","２丁目４番１６号"],"2150023":[14,"川崎市麻生区","片平"],"2150017":[14,"川崎市麻生区","王禅寺西"],"2150034":[14,"川崎市麻生区","南黒川"],"2158515":[14,"川崎市麻生区","万福寺","１丁目１４－１"],"2158521":[14,"川崎市麻生区","栗木","２丁目６－１５"],"2150015":[14,"川崎市麻生区","虹ケ丘"],"2150000":[14,"川崎市麻生区",""],"2150022":[14,"川崎市麻生区","下麻生"],"2158511":[14,"川崎市麻生区","上麻生","１丁目７－１１"],"2158550":[14,"川崎市麻生区","栗木","２丁目５番１号"],"2150036":[14,"川崎市麻生区","はるひ野"],"2158509":[14,"川崎市麻生区","南黒川","７番１号"],"2158588":[14,"川崎市麻生区","南黒川","６－２"],"2158570":[14,"川崎市麻生区","万福寺","１丁目５－１"],"2150031":[14,"川崎市麻生区","栗平"],"2158560":[14,"川崎市麻生区","万福寺","１丁目１４－１"],"2150012":[14,"川崎市麻生区","東百合丘"],"2158510":[14,"川崎市麻生区","栗木","２丁目６番２３号"],"2150032":[14,"川崎市麻生区","栗木台"]}
