{"2640023":[12,"千葉市若葉区","貝塚町"],"2640034":[12,"千葉市若葉区","原町"],"2648585":[12,"千葉市若葉区","貝塚町","１９２"],"2648501":[12,"千葉市若葉区","若松町","９０２"],"2648733":[12,"千葉市若葉区","桜木町","５６７－１"],"2640027":[12,"千葉市若葉区","若松台"],"2648530":[12,"千葉市若葉区","若松町","５３１－４８６"],"2640036":[12,"千葉市若葉区","殿台町"],"2640026":[12,"千葉市若葉区","西都賀"],"2640025":[12,"千葉市若葉区","都賀"],"2640011":[12,"千葉市若葉区","大草町"],"2640024":[12,"千葉市若葉区","高品町"],"2648505":[12,"千葉市若葉区","大宮町","２６９９－１"],"2640003":[12,"千葉市若葉区","千城台南"],"2640013":[12,"千葉市若葉区","太田町"],"2640031":[12,"千葉市若葉区","愛生町"],"2648550":[12,"千葉市若葉区","貝塚町","１２５８番地２０"],"2640032":[12,"千葉市若葉区","みつわ台"],"2648646":[12,"千葉市中央区","中央","３丁目２番１号"],"2640007":[12,"千葉市若葉区","小倉町"],"2640002":[12,"千葉市若葉区","千城台東"],"2640014":[12,"千葉市若葉区","北大宮台"],"2648601":[12,"千葉市中央区","富士見","２丁目２－３"],"2648604":[12,"千葉市中央区","富士見","１丁目１４－１３"],"2640017":[12,"千葉市若葉区","加曽利町"],"2640037":[12,"千葉市若葉区","源町"],"2640000":[12,"千葉市若葉区",""],"2640028":[12,"千葉市若葉区","桜木"],"2640006":[12,"千葉市若葉区","小倉台"],"2640012":[12,"千葉市若葉区","坂月町"],"2648651":[12,"千葉市中央区","都町","３丁目２番２号"],"2640035":[12,"千葉市若葉区","東寺山町"],"2640029":[12,"千葉市若葉区","桜木北"],"2640021":[12,"千葉市若葉区","若松町"],"2640033":[12,"千葉市若葉区","都賀の台"],"2640004":[12,"千葉市若葉区","千城台西"],"2640015":[12,"千葉市若葉区","大宮台"],"2640001":[12,"千葉市若葉区","金親町"],"2640016":[12,"千葉市若葉区","大宮町"],"2640005":[12,"千葉市若葉区","千城台北"]}
