{"4510065":[23,"名古屋市西区","天神山町"],"4518508":[23,"名古屋市西区","押切","１丁目８番２２号"],"4518568":[23,"名古屋市西区","中小田井","４丁目３８０"],"4510052":[23,"名古屋市西区","栄生"],"4510082":[23,"名古屋市西区","大金町"],"4510046":[23,"名古屋市西区","牛島町"],"4510032":[23,"名古屋市西区","数寄屋町"],"4518688":[23,"名古屋市西区","牛島町","６－１名古屋ルーセントタワー２２Ｆ"],"4516034":[23,"名古屋市西区","牛島町名古屋ルーセントタワー"],"4510045":[23,"名古屋市西区","名駅"],"4516013":[23,"名古屋市西区","牛島町名古屋ルーセントタワー"],"4510033":[23,"名古屋市西区","堀端町"],"4518561":[23,"名古屋市西区","天神山町","４－７"],"4510043":[23,"名古屋市西区","新道"],"4510022":[23,"名古屋市西区","貝田町"],"4510053":[23,"名古屋市西区","枇杷島"],"4510062":[23,"名古屋市西区","花の木"],"4516020":[23,"名古屋市西区","牛島町名古屋ルーセントタワー"],"4510077":[23,"名古屋市西区","笹塚町"],"4518570":[23,"名古屋市西区","那古野","１丁目１－１２"],"4518577":[23,"名古屋市西区","那古野","２丁目１８－４"],"4516026":[23,"名古屋市西区","牛島町名古屋ルーセントタワー"],"4510084":[23,"名古屋市西区","上堀越町"],"4516023":[23,"名古屋市西区","牛島町名古屋ルーセントタワー"],"4510063":[23,"名古屋市西区","押切"],"4510073":[23,"名古屋市西区","浄心本通"],"4516007":[23,"名古屋市西区","牛島町名古屋ルーセントタワー"],"4516025":[23,"名古屋市西区","牛島町名古屋ルーセントタワー"],"4510026":[23,"名古屋市西区","田幡町"],"4510044":[23,"名古屋市西区","菊井"],"4510066":[23,"名古屋市西区","児玉"],"4518571":[23,"名古屋市西区","新道","１丁目９－９"],"4516011":[23,"名古屋市西区","牛島町名古屋ルーセントタワー"],"4510072":[23,"名古屋市西区","笠取町"],"4516040":[23,"名古屋市西区","牛島町名古屋ルーセントタワー"],"4516001":[23,"名古屋市西区","牛島町名古屋ルーセントタワー"],"4518575":[23,"名古屋市西区","幅下","１丁目４－１"],"4516005":[23,"名古屋市西区","牛島町名古屋ルーセントタワー"],"4510071":[23,"名古屋市西区","鳥見町"],"4516008":[23,"名古屋市西区","牛島町名古屋ルーセントタワー"],"4510054":[23,"名古屋市西区","南堀越"],"4516090":[23,"名古屋市西区","牛島町名古屋ルーセントタワー"],"4510041":[23,"名古屋市西区","幅下"],"4518503":[23,"名古屋市西区","押切","２丁目７－２１"],"4510012":[23,"名古屋市西区","稲生町"],"4516033":[23,"名古屋市西区","牛島町名古屋ルーセントタワー"],"4510024":[23,"名古屋市西区","秩父通"],"4518511":[23,"名古屋市西区","栄生","２丁目２６－１１"],"4516016":[23,"名古屋市西区","牛島町名古屋ルーセントタワー"],"4518525":[23,"名古屋市西区","康生通","２丁目２６"],"4510042":[23,"名古屋市西区","那古野"],"4518521":[23,"名古屋市西区","児玉","１丁目８－４"],"4510013":[23,"名古屋市西区","江向町"],"4516030":[23,"名古屋市西区","牛島町名古屋ルーセントタワー"],"4510021":[23,"名古屋市西区","天塚町"],"4516012":[23,"名古屋市西区","牛島町名古屋ルーセントタワー"],"4510076":[23,"名古屋市西区","東岸町"],"4510011":[23,"名古屋市西区","桝形町"],"4510075":[23,"名古屋市西区","康生通"],"4510035":[23,"名古屋市西区","浅間"],"4516032":[23,"名古屋市西区","牛島町名古屋ルーセントタワー"],"4510016":[23,"名古屋市西区","庄内通"],"4510027":[23,"名古屋市西区","西志賀町"],"4516038":[23,"名古屋市西区","牛島町名古屋ルーセントタワー"],"4510034":[23,"名古屋市西区","樋の口町"],"4510014":[23,"名古屋市西区","又穂町"],"4518585":[23,"名古屋市西区","牛島町","２－５ＴＯＭＩＴＡビル８階"],"4518560":[23,"名古屋市西区","花の木","３丁目９－１３"],"4518558":[23,"名古屋市西区","城西","１丁目６－１６"],"4510025":[23,"名古屋市西区","上名古屋"],"4518520":[23,"名古屋市西区","笹塚町","２丁目４１番地"],"4518550":[23,"名古屋市西区","城西","１丁目３－５"],"4510023":[23,"名古屋市西区","城北町"],"4516015":[23,"名古屋市西区","牛島町名古屋ルーセントタワー"],"4510074":[23,"名古屋市西区","万代町"],"4518701":[23,"名古屋市西区","こも原町","１４８"],"4510061":[23,"名古屋市西区","浄心"],"4516037":[23,"名古屋市西区","牛島町名古屋ルーセントタワー"],"4516031":[23,"名古屋市西区","牛島町名古屋ルーセントタワー"],"4510051":[23,"名古屋市西区","則武新町"],"4510015":[23,"名古屋市西区","香呑町"],"4518565":[23,"名古屋市西区","玉池町","３６"],"4516024":[23,"名古屋市西区","牛島町名古屋ルーセントタワー"],"4510081":[23,"名古屋市西区","名塚町"],"4516009":[23,"名古屋市西区","牛島町名古屋ルーセントタワー"],"4516019":[23,"名古屋市西区","牛島町名古屋ルーセントタワー"],"4516039":[23,"名古屋市西区","牛島町名古屋ルーセントタワー"],"4518551":[23,"名古屋市西区","樋の口町","３番１９号"],"4518541":[23,"名古屋市西区","香呑町","６丁目６０－１"],"4516017":[23,"名古屋市西区","牛島町名古屋ルーセントタワー"],"4516028":[23,"名古屋市西区","牛島町名古屋ルーセントタワー"],"4516035":[23,"名古屋市西区","牛島町名古屋ルーセントタワー"],"4516002":[23,"名古屋市西区","牛島町名古屋ルーセントタワー"],"4516027":[23,"名古屋市西区","牛島町名古屋ルーセントタワー"],"4516010":[23,"名古屋市西区","牛島町名古屋ルーセントタワー"],"4510031":[23,"名古屋市西区","城西"],"4516004":[23,"名古屋市西区","牛島町名古屋ルーセントタワー"],"4516021":[23,"名古屋市西区","牛島町名古屋ルーセントタワー"],"4518502":[23,"名古屋市西区","名西","２丁目３３－１０"],"4516014":[23,"名古屋市西区","牛島町名古屋ルーセントタワー"],"4510000":[23,"名古屋市西区",""],"4516003":[23,"名古屋市西区","牛島町名古屋ルーセントタワー"],"4510055":[23,"名古屋市西区","堀越"],"4516006":[23,"名古屋市西区","牛島町名古屋ルーセントタワー"],"4518501":[23,"名古屋市西区","則武新町","３丁目１－３６"],"4510083":[23,"名古屋市西区","新福寺町"],"4510064":[23,"名古屋市西区","名西"],"4518650":[23,"名古屋市西区","名駅","２丁目２２－９"],"4516029":[23,"名古屋市西区","牛島町名古屋ルーセントタワー"],"4516022":[23,"名古屋市西区","牛島町名古屋ルーセントタワー"],"4516018":[23,"名古屋市西区","牛島町名古屋ルーセントタワー"],"4518555":[23,"名古屋市西区","城西","１丁目９－２"],"4516036":[23,"名古屋市西区","牛島町名古屋ルーセントタワー"]}
