{"0800035":[1,"帯広市","西五条北"],"0800123":[1,"河東郡音更町","柳町南区"],"0800807":[1,"帯広市","東七条南"],"0800563":[1,"河東郡音更町","駒場平和台"],"0801283":[1,"河東郡士幌町","高砂"],"0802474":[1,"帯広市","西二十四条南"],"0800351":[1,"河東郡音更町","然別"],"0800852":[1,"帯広市","南町東二条"],"0800052":[1,"帯広市","新町東"],"0801263":[1,"河東郡士幌町","吉野"],"0800837":[1,"帯広市","空港南町南"],"0801286":[1,"河東郡士幌町","開運"],"0801245":[1,"河東郡士幌町","共成"],"0800024":[1,"帯広市","西十四条南"],"0808718":[1,"帯広市","西三条南","７丁目１４"],"0800026":[1,"帯広市","西十六条南"],"0800018":[1,"帯広市","西八条南"],"0801275":[1,"河東郡士幌町","コマクサ"],"0808511":[1,"帯広市","西七条南","１９丁目１番地"],"0800044":[1,"帯広市","西十四条北"],"0800303":[1,"河東郡音更町","木野公園下町"],"0808623":[1,"帯広市","大通南","２９丁目２番地"],"0801233":[1,"河東郡士幌町","睦南"],"0802114":[1,"帯広市","上清川町東"],"0800046":[1,"帯広市","西十六条北"],"0800136":[1,"河東郡音更町","宝来東町南"],"0800308":[1,"河東郡音更町","中鈴蘭南"],"0801234":[1,"河東郡士幌町","南団地"],"0800312":[1,"河東郡音更町","南鈴蘭南"],"0800021":[1,"帯広市","西十一条南"],"0800162":[1,"河東郡音更町","ひびき野仲町"],"0800577":[1,"河東郡音更町","西中音更"],"0802464":[1,"帯広市","西二十四条北"],"0800575":[1,"河東郡音更町","上然別"],"0800056":[1,"帯広市","柏林台南町"],"0800813":[1,"帯広市","東十三条南"],"0800802":[1,"帯広市","東二条南"],"0800324":[1,"河東郡音更町","南住吉台"],"0802102":[1,"帯広市","清川町基線"],"0800856":[1,"帯広市","南町南"],"0802495":[1,"帯広市","西十九条北","１丁目１番１０号"],"0802111":[1,"帯広市","上清川町"],"0800326":[1,"河東郡音更町","北明台"],"0801274":[1,"河東郡士幌町","共益"],"0800561":[1,"河東郡音更町","豊田"],"0801215":[1,"河東郡士幌町","仲通"],"0808708":[1,"帯広市","西五条南","１４丁目"],"0801225":[1,"河東郡士幌町","みどり"],"0808711":[1,"帯広市","西三条南","９丁目１"],"0800333":[1,"河東郡音更町","雄飛が丘南区"],"0801281":[1,"河東郡士幌町","朝陽"],"0800855":[1,"帯広市","南町東五条"],"0801255":[1,"河東郡士幌町","新光"],"0802115":[1,"帯広市","清川町仲通"],"0800041":[1,"帯広市","西十一条北"],"0800833":[1,"帯広市","稲田町基線"],"0802462":[1,"帯広市","西二十二条北"],"0801264":[1,"河東郡士幌町","西吉野"],"0808531":[1,"帯広市","西四条南","２０丁目"],"0800197":[1,"河東郡音更町","十勝川温泉南","１２丁目１番地"],"0800304":[1,"河東郡音更町","木野新町"],"0800861":[1,"帯広市","南の森東"],"0801221":[1,"河東郡士幌町","互譲"],"0802472":[1,"帯広市","西二十二条南"],"0801492":[1,"河東郡上士幌町","","東３線２３８番地"],"0800302":[1,"河東郡音更町","木野西通"],"0800039":[1,"帯広市","西九条北"],"0801201":[1,"河東郡士幌町","平原第一"],"0808588":[1,"帯広市","東三条南","３丁目"],"0802123":[1,"帯広市","岩内町西"],"0800301":[1,"河東郡音更町","木野大通西"],"0801404":[1,"河東郡上士幌町","黒石平"],"0808677":[1,"帯広市","西二条南","８丁目１"],"0800019":[1,"帯広市","西九条南"],"0801408":[1,"河東郡上士幌町","上士幌"],"0800847":[1,"帯広市","公園東町"],"0800564":[1,"河東郡音更町","駒場北町"],"0801278":[1,"河東郡士幌町","栄進"],"0800271":[1,"河東郡音更町","長流枝"],"0800106":[1,"河東郡音更町","東通"],"0800036":[1,"帯広市","西六条北"],"0800143":[1,"河東郡音更町","宝来北三条"],"0801251":[1,"河東郡士幌町","新盛"],"0800362":[1,"河東郡音更町","すずらん台仲町"],"0802105":[1,"帯広市","太平町"],"0800100":[1,"河東郡音更町",""],"0800012":[1,"帯広市","西二条南"],"0801261":[1,"河東郡士幌町","西士幌"],"0800323":[1,"河東郡音更町","住吉台"],"0802124":[1,"帯広市","岩内町東"],"0800027":[1,"帯広市","西十七条南"],"0800112":[1,"河東郡音更町","木野東通"],"0800272":[1,"河東郡音更町","下士幌"],"0800803":[1,"帯広市","東三条南"],"0801284":[1,"河東郡士幌町","清澄"],"0800122":[1,"河東郡音更町","柳町仲区"],"0800562":[1,"河東郡音更町","東音更"],"0800851":[1,"帯広市","南町東一条"],"0802498":[1,"帯広市","西二十二条北","１丁目１３番地"],"0800862":[1,"帯広市","南の森西"],"0801244":[1,"河東郡士幌町","柏"],"0802106":[1,"帯広市","美栄町"],"0800578":[1,"河東郡音更町","中音更"],"0801262":[1,"河東郡士幌町","常盤"],"0802103":[1,"帯広市","清川町西"],"0800017":[1,"帯広市","西七条南"],"0800142":[1,"河東郡音更町","宝来北二条"],"0800051":[1,"帯広市","白樺十六条西"],"0808510":[1,"帯広市","東五条南","９丁目１－１"],"0801253":[1,"河東郡士幌町","士幌"],"0800033":[1,"帯広市","西三条北"],"0800311":[1,"河東郡音更町","南鈴蘭北"],"0800822":[1,"帯広市","東二条北"],"0800838":[1,"帯広市","大空町"],"0802121":[1,"帯広市","岩内町"],"0800307":[1,"河東郡音更町","中鈴蘭北"],"0800574":[1,"河東郡音更町","駒場西"],"0801235":[1,"河東郡士幌町","緑光"],"0800055":[1,"帯広市","柏林台東町"],"0800808":[1,"帯広市","東八条南"],"0800857":[1,"帯広市","南町"],"0800567":[1,"河東郡音更町","駒場南３条通"],"0808666":[1,"帯広市","西一条南","６丁目１９番地"],"0808538":[1,"帯広市","西四条南","１２丁目３"],"0800327":[1,"河東郡音更町","北陽台"],"0800133":[1,"河東郡音更町","宝来東町北"],"0800814":[1,"帯広市","東十四条南"],"0800309":[1,"河東郡音更町","中鈴蘭元町"],"0808501":[1,"帯広市","稲田町","南８線西１０番地１"],"0800817":[1,"帯広市","依田町"],"0802463":[1,"帯広市","西二十三条北"],"0801256":[1,"河東郡士幌町","佐倉"],"0800040":[1,"帯広市","西十条北"],"0800151":[1,"河東郡音更町","東和"],"0800343":[1,"河東郡音更町","東士狩"],"0800846":[1,"帯広市","緑ケ丘"],"0800322":[1,"河東郡音更町","桜が丘西"],"0801224":[1,"河東郡士幌町","柏葉"],"0801212":[1,"河東郡士幌町","若葉東"],"0800020":[1,"帯広市","西十条南"],"0801402":[1,"河東郡上士幌町","幌加"],"0800043":[1,"帯広市","西十三条北"],"0801257":[1,"河東郡士幌町","双葉"],"0800314":[1,"河東郡音更町","共栄台西"],"0800332":[1,"河東郡音更町","雄飛が丘仲区"],"0800262":[1,"河東郡音更町","十勝川温泉北"],"0800801":[1,"帯広市","東一条南"],"0801282":[1,"河東郡士幌町","友愛"],"0802334":[1,"帯広市","上帯広町"],"0800845":[1,"帯広市","緑ケ丘東通西"],"0801405":[1,"河東郡上士幌町","清水谷"],"0800196":[1,"河東郡音更町","字下音更北","９線西１－８－２"],"0808642":[1,"帯広市","西十八条南","１丁目４－１"],"0801242":[1,"河東郡士幌町","松室"],"0801236":[1,"河東郡士幌町","美園"],"0800011":[1,"帯広市","西一条南"],"0802473":[1,"帯広市","西二十三条南"],"0801265":[1,"河東郡士幌町","新栄"],"0800342":[1,"河東郡音更町","下音更"],"0800138":[1,"河東郡音更町","宝来南二条"],"0800317":[1,"河東郡音更町","緑陽台仲区"],"0800843":[1,"帯広市","緑ケ丘三条通"],"0800104":[1,"河東郡音更町","新通"],"0800335":[1,"河東郡音更町","希望が丘"],"0801202":[1,"河東郡士幌町","平原"],"0802335":[1,"帯広市","広野町"],"0802116":[1,"帯広市","清川町本通"],"0801232":[1,"河東郡士幌町","睦西"],"0808680":[1,"帯広市","西二条南","９丁目１７"],"0801287":[1,"河東郡士幌町","北開"],"0800804":[1,"帯広市","東四条南"],"0801252":[1,"河東郡士幌町","豊年"],"0808555":[1,"帯広市","稲田町","西２線１１番地"],"0800028":[1,"帯広市","西十八条南"],"0800568":[1,"河東郡音更町","駒場東"],"0808558":[1,"帯広市","西一条南","１丁目"],"0800111":[1,"河東郡音更町","木野大通東"],"0801217":[1,"河東郡士幌町","若葉"],"0800810":[1,"帯広市","東十条南"],"0801403":[1,"河東郡上士幌町","糠平"],"0800821":[1,"帯広市","東一条北"],"0800037":[1,"帯広市","西七条北"],"0800050":[1,"帯広市","白樺十六条東"],"0800361":[1,"河東郡音更町","すずらん台北町"],"0800131":[1,"河東郡音更町","宝来本通"],"0801285":[1,"河東郡士幌町","下居辺"],"0802476":[1,"帯広市","自由が丘"],"0801288":[1,"河東郡士幌町","北上居辺"],"0800198":[1,"河東郡音更町","元町","２"],"0800141":[1,"河東郡音更町","宝来北一条"],"0800023":[1,"帯広市","西十三条南"],"0800841":[1,"帯広市","緑ケ丘一条通"],"0800054":[1,"帯広市","柏林台北町"],"0800815":[1,"帯広市","東十五条南"],"0800048":[1,"帯広市","西十八条北"],"0801271":[1,"河東郡士幌町","西上"],"0801248":[1,"河東郡士幌町","柏野"],"0808688":[1,"帯広市","東一条南","８丁目２"],"0801277":[1,"河東郡士幌町","新田第二"],"0808518":[1,"帯広市","西十八条北","２丁目１６番地"],"0800032":[1,"帯広市","西二条北"],"0808686":[1,"帯広市","西二条南","８丁目８"],"0801223":[1,"河東郡士幌町","大通"],"0801254":[1,"河東郡士幌町","士幌"],"0802465":[1,"帯広市","西二十五条北"],"0800102":[1,"河東郡音更町","大通北"],"0800848":[1,"帯広市","自由が丘"],"0800823":[1,"帯広市","東三条北"],"0800809":[1,"帯広市","東九条南"],"0808670":[1,"帯広市","西五条南","７丁目１"],"0800121":[1,"河東郡音更町","柳町北区"],"0802112":[1,"帯広市","上清川町基線"],"0802104":[1,"帯広市","清川町東"],"0800566":[1,"河東郡音更町","駒場南１条通"],"0801493":[1,"河東郡上士幌町","","東２線２３８番地"],"0800306":[1,"河東郡音更町","北鈴蘭南"],"0800053":[1,"帯広市","新町西"],"0800844":[1,"帯広市","緑ケ丘東通東"],"0802469":[1,"帯広市","西十九条南"],"0801227":[1,"河東郡士幌町","中央"],"0800313":[1,"河東郡音更町","鈴蘭公園"],"0808609":[1,"帯広市","西五条南","５丁目２番地"],"0800016":[1,"帯広市","西六条南"],"0800573":[1,"河東郡音更町","駒場南"],"0800047":[1,"帯広市","西十七条北"],"0802331":[1,"帯広市","基松町"],"0801266":[1,"河東郡士幌町","新田"],"0801401":[1,"河東郡上士幌町","三股"],"0800261":[1,"河東郡音更町","十勝川温泉"],"0800139":[1,"河東郡音更町","宝来西町北"],"0800321":[1,"河東郡音更町","桜が丘"],"0808585":[1,"帯広市","西四条南","８丁目１０番地"],"0801406":[1,"河東郡上士幌町","居辺"],"0800341":[1,"河東郡音更町","音更"],"0800161":[1,"河東郡音更町","ひびき野東町"],"0800331":[1,"河東郡音更町","雄飛が丘北区"],"0808655":[1,"帯広市","西四条南","９丁目１－４"],"0800316":[1,"河東郡音更町","緑陽台北区"],"0801276":[1,"河東郡士幌町","新田第一"],"0800854":[1,"帯広市","南町東四条"],"0800010":[1,"帯広市","大通南"],"0801243":[1,"河東郡士幌町","西居辺"],"0800034":[1,"帯広市","西四条北"],"0808639":[1,"帯広市","南町南","７線３１番地"],"0800834":[1,"帯広市","稲田町西"],"0800805":[1,"帯広市","東五条南"],"0801213":[1,"河東郡士幌町","新生"],"0808502":[1,"帯広市","西六条南","８丁目１"],"0802117":[1,"帯広市","太平町西"],"0800811":[1,"帯広市","東十一条南"],"0802470":[1,"帯広市","西二十条南"],"0808601":[1,"帯広市","西四条南","１０丁目２７"],"0800038":[1,"帯広市","西八条北"],"0800145":[1,"河東郡音更町","宝来北五条"],"0800042":[1,"帯広市","西十二条北"],"0802336":[1,"帯広市","八千代町"],"0801203":[1,"河東郡士幌町","いこい"],"0800853":[1,"帯広市","南町東三条"],"0800318":[1,"河東郡音更町","緑陽台南区"],"0800103":[1,"河東郡音更町","元町"],"0800263":[1,"河東郡音更町","十勝川温泉南"],"0802492":[1,"帯広市","西二十一条北","１丁目５－１"],"0800344":[1,"河東郡音更町","万年"],"0800134":[1,"河東郡音更町","宝来西町南"],"0802497":[1,"帯広市","西十九条北","１丁目７番６号"],"0801222":[1,"河東郡士幌町","神苑"],"0800806":[1,"帯広市","東六条南"],"0802101":[1,"帯広市","清川町"],"0801189":[1,"河東郡士幌町","共豊"],"0800842":[1,"帯広市","緑ケ丘二条通"],"0800022":[1,"帯広市","西十二条南"],"0801214":[1,"河東郡士幌町","本通"],"0808550":[1,"帯広市","西四条南","５丁目１ＮＴＴ西ビル"],"0808660":[1,"帯広市","西五条南","７丁目２"],"0801246":[1,"河東郡士幌町","士幌"],"0800030":[1,"帯広市","大通北"],"0802333":[1,"帯広市","美栄町"],"0801247":[1,"河東郡士幌町","平和"],"0800330":[1,"河東郡音更町","雄飛が丘"],"0800013":[1,"帯広市","西三条南"],"0800132":[1,"河東郡音更町","宝来仲町北"],"0800029":[1,"帯広市","西十九条南"],"0800576":[1,"河東郡音更町","南中音更"],"0801267":[1,"河東郡士幌町","共立"],"0800812":[1,"帯広市","東十二条南"],"0800363":[1,"河東郡音更町","すずらん台南町"],"0800836":[1,"帯広市","空港南町"],"0801272":[1,"河東郡士幌町","百戸"],"0800014":[1,"帯広市","西四条南"],"0808503":[1,"帯広市","東五条南","１丁目"],"0800025":[1,"帯広市","西十五条南"],"0801211":[1,"河東郡士幌町","若葉第一"],"0800163":[1,"河東郡音更町","ひびき野西町"],"0801231":[1,"河東郡士幌町","睦"],"0802461":[1,"帯広市","西二十一条北"],"0801204":[1,"河東郡士幌町","松並"],"0800831":[1,"帯広市","稲田町南"],"0801400":[1,"河東郡上士幌町",""],"0801226":[1,"河東郡士幌町","大通西"],"0800571":[1,"河東郡音更町","駒場"],"0800572":[1,"河東郡音更町","駒場並木"],"0800101":[1,"河東郡音更町","大通"],"0802460":[1,"帯広市","西二十条北"],"0800325":[1,"河東郡音更町","柏寿台"],"0802113":[1,"帯広市","上清川町西"],"0800137":[1,"河東郡音更町","宝来南一条"],"0802337":[1,"帯広市","拓成町"],"0800835":[1,"帯広市","稲田町"],"0802459":[1,"帯広市","西十九条北"],"0800105":[1,"河東郡音更町","新通北"],"0802332":[1,"帯広市","富士町"],"0801241":[1,"河東郡士幌町","西居辺北"],"0800345":[1,"河東郡音更町","高倉"],"0800058":[1,"帯広市","柏林台西町"],"0800315":[1,"河東郡音更町","共栄台東"],"0808560":[1,"帯広市","西二条南","１０丁目１１"],"0800816":[1,"帯広市","大川町"],"0800000":[1,"帯広市",""],"0801273":[1,"河東郡士幌町","中音更"],"0808570":[1,"帯広市","西十七条南","５丁目２"],"0800334":[1,"河東郡音更町","緑が丘"],"0800135":[1,"河東郡音更町","宝来仲町南"],"0800832":[1,"帯広市","稲田町東"],"0800305":[1,"河東郡音更町","北鈴蘭北"],"0802493":[1,"帯広市","西二十五条北","１丁目２番１号"],"0802471":[1,"帯広市","西二十一条南"],"0800015":[1,"帯広市","西五条南"],"0800031":[1,"帯広市","西一条北"],"0802496":[1,"帯広市","西二十四条北","１丁目３番１９号"],"0800045":[1,"帯広市","西十五条北"],"0801216":[1,"河東郡士幌町","高徳"],"0801200":[1,"河東郡士幌町",""],"0800824":[1,"帯広市","東四条北"],"0808701":[1,"帯広市","西三条南","７丁目２"],"0800144":[1,"河東郡音更町","宝来北四条"],"0800057":[1,"帯広市","柏林台中町"],"0801407":[1,"河東郡上士幌町","上音更"],"0802122":[1,"帯広市","岩内町第１基線"],"0802475":[1,"帯広市","西二十五条南"],"0800565":[1,"河東郡音更町","駒場本通"],"0800146":[1,"河東郡音更町","宝来北六条"]}
