{"1138420":[13,"文京区","本郷","２丁目３５－８"],"1138655":[13,"文京区","本郷","７丁目３－１"],"1138663":[13,"文京区","本駒込","２丁目２８－８文京グリーンコートセンターオフィス１５階"],"1138441":[13,"文京区","湯島","１丁目７－５"],"1130022":[13,"文京区","千駄木"],"1138563":[13,"文京区","湯島","２丁目３１－８"],"1138412":[13,"文京区","本郷","３丁目３３－５本社ビル"],"1138510":[13,"文京区","湯島","１丁目５－４５"],"1138505":[13,"文京区","本郷","２丁目２－９センチュリータワー"],"1138525":[13,"文京区","湯島","１丁目８番３号"],"1138471":[13,"文京区","本郷","２丁目１３－１１"],"1138423":[13,"文京区","本郷","２丁目２７－２０"],"1138402":[13,"文京区","本郷","２丁目４０－２"],"1138456":[13,"文京区","本郷","３丁目２６－５"],"1138513":[13,"文京区","湯島","３丁目４２－６"],"1130023":[13,"文京区","向丘"],"1138530":[13,"文京区","湯島","１丁目２－４神田セントビル"],"1138466":[13,"文京区","向丘","１丁目１３－１ＫＲＤビル"],"1138408":[13,"文京区","本郷","１丁目３３－８"],"1138681":[13,"文京区","湯島","１丁目７－１２"],"1138519":[13,"文京区","湯島","１丁目５－４５"],"1138448":[13,"文京区","本郷","２丁目３３－５"],"1138546":[13,"文京区","湯島","４丁目１－１８関電工湯島ビル別館４階"],"1138701":[13,"文京区","湯島","４丁目５－１６"],"1138711":[13,"文京区","本郷","３丁目３３－５本郷ビル"],"1138556":[13,"文京区","湯島","４丁目１－１８関電工湯島ビル別館５階"],"1138657":[13,"文京区","弥生","１丁目１－１"],"1138602":[13,"文京区","千駄木","１丁目１－５"],"1138401":[13,"文京区","本郷","３丁目１９－２"],"1138418":[13,"文京区","本郷","２丁目４０－８"],"1138507":[13,"文京区","湯島","２丁目３３－１２"],"1138474":[13,"文京区","本郷","１丁目１９－６"],"1138601":[13,"文京区","本駒込","６丁目１－９"],"1138656":[13,"文京区","本郷","７丁目３－１"],"1138411":[13,"文京区","本郷","３丁目３３－５本社ビル"],"1138586":[13,"文京区","湯島","４丁目１－１８"],"1138658":[13,"文京区","弥生","２丁目１１－１６"],"1138534":[13,"文京区","本郷","２丁目１７－７"],"1138459":[13,"文京区","西片","２丁目１６－２７"],"1138450":[13,"文京区","本郷","２丁目１２－１３"],"1138477":[13,"文京区","湯島","３丁目２６－９イヤサカビル３・４Ｆ"],"1138604":[13,"文京区","千駄木","１丁目１－５"],"1138654":[13,"文京区","本郷","７丁目３－１"],"1138488":[13,"文京区","本郷","１丁目２４－１"],"1138686":[13,"文京区","本駒込","６丁目６－３"],"1138612":[13,"文京区","本駒込","１丁目７－１０"],"1138462":[13,"文京区","湯島","２丁目４番４号"],"1138549":[13,"文京区","湯島","１丁目５－４５"],"1138504":[13,"文京区","本郷","２丁目２－９センチュリータワー"],"1130024":[13,"文京区","西片"],"1138435":[13,"文京区","本郷","５丁目１－１３"],"1138425":[13,"文京区","本郷","１丁目２５－２３"],"1138662":[13,"文京区","本駒込","２丁目２８－８文京グリーンコートセンターオフィス９階"],"1138483":[13,"文京区","本郷","３丁目３９－４"],"1138603":[13,"文京区","千駄木","１丁目１－５"],"1138444":[13,"文京区","本郷","３丁目２－１２御茶の水センタービル"],"1138463":[13,"文京区","湯島","２丁目４番４号"],"1138566":[13,"文京区","湯島","３丁目１５－４"],"1138560":[13,"文京区","湯島","２丁目３１－８"],"1130001":[13,"文京区","白山"],"1138503":[13,"文京区","本郷","２丁目２－９センチュリータワー"],"1138433":[13,"文京区","本郷","３丁目２８－８日内会館３階"],"1138687":[13,"文京区","湯島","２丁目３１－１４"],"1138638":[13,"文京区","本駒込","１丁目１０－２５"],"1138650":[13,"文京区","本駒込","２丁目２８－８"],"1138555":[13,"文京区","湯島","３丁目１５－５"],"1138410":[13,"文京区","本郷","３丁目４２－６"],"1138719":[13,"文京区","本郷","１丁目２８－２３"],"1138543":[13,"文京区","湯島","３丁目２３－１３"],"1138712":[13,"文京区","本郷","３丁目２３－１５第２ビル"],"1138501":[13,"文京区","湯島","２丁目３１－２"],"1138536":[13,"文京区","湯島","４丁目１－１８関電工湯島ビル別館３階"],"1138484":[13,"文京区","本郷","１丁目１７－２"],"1130031":[13,"文京区","根津"],"1138553":[13,"文京区","湯島","４丁目６－１５"],"1138451":[13,"文京区","本郷","３丁目３６－１０"],"1130033":[13,"文京区","本郷"],"1138431":[13,"文京区","本郷","３丁目１－３"],"1130032":[13,"文京区","弥生"],"1138680":[13,"文京区","本郷","３丁目２５－１１"],"1138613":[13,"文京区","本駒込","３丁目１８－２２"],"1138464":[13,"文京区","湯島","２丁目４番４号"],"1138535":[13,"文京区","西片","１丁目１７－３"],"1138608":[13,"文京区","向丘","１丁目１３－１"],"1138422":[13,"文京区","本郷","１丁目４－５陽光ビル"],"1138413":[13,"文京区","本郷","３丁目３３－５本社ビル"],"1130034":[13,"文京区","湯島"],"1138520":[13,"文京区","湯島","３丁目１４－９"],"1138521":[13,"文京区","湯島","２丁目４－４"],"1138564":[13,"文京区","湯島","２丁目３１－８"],"1138526":[13,"文京区","湯島","４丁目１－１８"],"1138421":[13,"文京区","本郷","２丁目１－１"],"1138633":[13,"文京区","本駒込","６丁目１７－２６"],"1138661":[13,"文京区","本駒込","２丁目２８－８"],"1138611":[13,"文京区","本駒込","６丁目１４－９"],"1138311":[13,"文京区","本郷","３丁目１０－１５ＪＦＡハウス"],"1138660":[13,"文京区","本駒込","２丁目２８－８"],"1138465":[13,"文京区","湯島","２丁目４番４号"],"1138434":[13,"文京区","本郷","３丁目１０"],"1138479":[13,"文京区","本郷","３丁目２０－１"],"1138551":[13,"文京区","湯島","２丁目１８－６"],"1138561":[13,"文京区","湯島","２丁目３１－８"],"1130021":[13,"文京区","本駒込"],"1138404":[13,"文京区","本郷","２丁目３８－１６"],"1138562":[13,"文京区","湯島","２丁目３１－８"]}
