{"1570071":[13,"世田谷区","千歳台"],"1578560":[13,"世田谷区","成城","１丁目１３－１"],"1570074":[13,"世田谷区","大蔵"],"1578570":[13,"世田谷区","砧","５丁目２－１"],"1570064":[13,"世田谷区","給田"],"1578521":[13,"世田谷区","砧","４丁目８－６"],"1570063":[13,"世田谷区","粕谷"],"1578575":[13,"世田谷区","砧","３丁目９－１１"],"1570061":[13,"世田谷区","北烏山"],"1578535":[13,"世田谷区","大蔵","２丁目１０－１"],"1578530":[13,"世田谷区","砧","１丁目１０－１１"],"1578511":[13,"世田谷区","成城","６丁目１－２０"],"1578573":[13,"世田谷区","砧","１丁目２１－２５"],"1570075":[13,"世田谷区","砧公園"],"1578566":[13,"世田谷区","成城","８丁目２２－１"],"1570077":[13,"世田谷区","鎌田"],"1570066":[13,"世田谷区","成城"],"1578522":[13,"世田谷区","祖師谷","３丁目５２－３８"],"1578510":[13,"世田谷区","砧","１丁目１０－１１"],"1570068":[13,"世田谷区","宇奈根"],"1578501":[13,"世田谷区","成城","６丁目３－１０"],"1570067":[13,"世田谷区","喜多見"],"1570062":[13,"世田谷区","南烏山"],"1578562":[13,"世田谷区","成城","１丁目１１－１"],"1570065":[13,"世田谷区","上祖師谷"],"1578520":[13,"世田谷区","砧","１丁目１０－１１"],"1578561":[13,"世田谷区","成城","１丁目４－１"],"1578550":[13,"世田谷区","上祖師谷","５丁目１９－１"],"1578543":[13,"世田谷区","成城","９丁目５－１７－１Ｆ"],"1578567":[13,"世田谷区","南烏山","１丁目１０－２２"],"1578563":[13,"世田谷区","粕谷","１丁目１２－１２"],"1570072":[13,"世田谷区","祖師谷"],"1578565":[13,"世田谷区","北烏山","８丁目１９－１"],"1570076":[13,"世田谷区","岡本"],"1570073":[13,"世田谷区","砧"]}
