{"0270377":[3,"宮古市","田老重津部北"],"0270385":[3,"宮古市","田老下摂待"],"0270331":[3,"宮古市","田老西向山"],"0270311":[3,"宮古市","田老和野"],"0270007":[3,"宮古市","日影町"],"0270386":[3,"宮古市","田老胡桃畑"],"0270081":[3,"宮古市","新川町"],"0270501":[3,"下閉伊郡岩泉町","岩泉"],"0270096":[3,"宮古市","崎鍬ケ崎"],"0270043":[3,"宮古市","千徳町"],"0270505":[3,"下閉伊郡岩泉町","上有芸"],"0270036":[3,"宮古市","田鎖"],"0270046":[3,"宮古市","花原市"],"0270365":[3,"宮古市","田老滝の沢"],"0270064":[3,"宮古市","宮園"],"0270378":[3,"宮古市","田老重津部"],"0270062":[3,"宮古市","泉町"],"0270341":[3,"宮古市","田老養呂地"],"0270023":[3,"宮古市","磯鶏沖"],"0270111":[3,"宮古市","重茂"],"0270094":[3,"宮古市","日の出町"],"0270071":[3,"宮古市","小沢"],"0270073":[3,"宮古市","緑ケ丘"],"0270323":[3,"宮古市","田老野原"],"0270005":[3,"宮古市","光岸地"],"0270345":[3,"宮古市","田老篠倉"],"0270361":[3,"宮古市","田老小堀内"],"0270002":[3,"宮古市","山根町"],"0270353":[3,"宮古市","田老和蒔"],"0278502":[3,"宮古市","大字崎鍬ケ崎","第１地割１１－２６"],"0270373":[3,"宮古市","田老向新田"],"0270333":[3,"宮古市","田老古田"],"0270366":[3,"宮古市","田老新田平"],"0270421":[3,"下閉伊郡岩泉町","小本"],"0270358":[3,"宮古市","田老立腰"],"0270355":[3,"宮古市","田老末前"],"0270044":[3,"宮古市","上鼻"],"0270077":[3,"宮古市","舘合町"],"0270032":[3,"宮古市","高浜"],"0270091":[3,"宮古市","築地"],"0270000":[3,"宮古市",""],"0270422":[3,"下閉伊郡岩泉町","中島"],"0270074":[3,"宮古市","保久田"],"0270371":[3,"宮古市","田老水沢"],"0270066":[3,"宮古市","田の神"],"0270346":[3,"宮古市","田老七滝"],"0270303":[3,"宮古市","田老田の沢"],"0270376":[3,"宮古市","田老青野滝南"],"0270301":[3,"宮古市","田老館が森"],"0270001":[3,"宮古市","日立浜町"],"0270381":[3,"宮古市","田老星山"],"0270034":[3,"宮古市","長沢"],"0270086":[3,"宮古市","新町"],"0270083":[3,"宮古市","大通"],"0270595":[3,"下閉伊郡岩泉町","岩泉","字惣畑５９－５"],"0270203":[3,"宮古市","津軽石"],"0270342":[3,"宮古市","田老小田代"],"0270503":[3,"下閉伊郡岩泉町","猿沢"],"0270051":[3,"宮古市","南町"],"0270041":[3,"宮古市","西ケ丘"],"0270304":[3,"宮古市","田老ケラス"],"0270054":[3,"宮古市","太田"],"0270379":[3,"宮古市","田老乙部野"],"0270038":[3,"宮古市","小山田"],"0270506":[3,"下閉伊郡岩泉町","鼠入"],"0270352":[3,"宮古市","田老八幡水神"],"0270052":[3,"宮古市","宮町"],"0270088":[3,"宮古市","沢田"],"0270025":[3,"宮古市","実田"],"0270063":[3,"宮古市","山口"],"0270362":[3,"宮古市","田老小堀内南"],"0270053":[3,"宮古市","長町"],"0270006":[3,"宮古市","鍬ケ崎"],"0270424":[3,"下閉伊郡岩泉町","袰野"],"0270097":[3,"宮古市","崎山"],"0270357":[3,"宮古市","田老向桑畑"],"0270367":[3,"宮古市","田老鈴子沢"],"0270321":[3,"宮古市","田老乙部"],"0270024":[3,"宮古市","磯鶏"],"0270504":[3,"下閉伊郡岩泉町","下有芸"],"0270387":[3,"宮古市","田老畑"],"0270202":[3,"宮古市","赤前"],"0270058":[3,"宮古市","千徳"],"0270029":[3,"宮古市","藤の川"],"0270093":[3,"宮古市","中里団地"],"0270384":[3,"宮古市","田老摂待"],"0270201":[3,"宮古市","白浜"],"0270364":[3,"宮古市","田老新田"],"0270344":[3,"宮古市","田老辰の口"],"0270502":[3,"下閉伊郡岩泉町","乙茂"],"0270056":[3,"宮古市","近内"],"0270500":[3,"下閉伊郡岩泉町",""],"0270322":[3,"宮古市","田老青砂里"],"0270022":[3,"宮古市","磯鶏石崎"],"0270508":[3,"下閉伊郡岩泉町","尼額"],"0270324":[3,"宮古市","田老向山"],"0270047":[3,"宮古市","根市"],"0270008":[3,"宮古市","熊野町"],"0270065":[3,"宮古市","黒森町"],"0270035":[3,"宮古市","花輪"],"0270611":[3,"下閉伊郡岩泉町","安家"],"0270356":[3,"宮古市","田老和山"],"0270076":[3,"宮古市","栄町"],"0270042":[3,"宮古市","神田沢町"],"0270112":[3,"宮古市","音部"],"0270027":[3,"宮古市","磯鶏西"],"0278503":[3,"宮古市","太田","１丁目７－１２"],"0270332":[3,"宮古市","田老樫内"],"0270383":[3,"宮古市","田老上摂待"],"0270004":[3,"宮古市","臨港通"],"0270072":[3,"宮古市","五月町"],"0270306":[3,"宮古市","田老川向"],"0270354":[3,"宮古市","田老森崎"],"0270061":[3,"宮古市","西町"],"0270312":[3,"宮古市","田老越田"],"0270033":[3,"宮古市","金浜"],"0270092":[3,"宮古市","愛宕"],"0270045":[3,"宮古市","老木"],"0270388":[3,"宮古市","田老上沖"],"0270372":[3,"宮古市","田老水沢南"],"0270031":[3,"宮古市","八木沢"],"0270507":[3,"下閉伊郡岩泉町","二升石"],"0270028":[3,"宮古市","神林"],"0270382":[3,"宮古市","田老片巻"],"0270375":[3,"宮古市","田老青野滝"],"0270021":[3,"宮古市","藤原"],"0270067":[3,"宮古市","田代"],"0278501":[3,"宮古市","新川町","２－１"],"0270026":[3,"宮古市","上村"],"0270003":[3,"宮古市","港町"],"0270048":[3,"宮古市","板屋"],"0270374":[3,"宮古市","田老青野滝北"],"0270313":[3,"宮古市","田老駿達"],"0270347":[3,"宮古市","田老笹見平"],"0270039":[3,"宮古市","河南"],"0270087":[3,"宮古市","横町"],"0270305":[3,"宮古市","田老荒谷"],"0270351":[3,"宮古市","田老小林"],"0270009":[3,"宮古市","蛸の浜町"],"0270085":[3,"宮古市","黒田町"],"0270343":[3,"宮古市","田老上小田代"],"0270302":[3,"宮古市","田老田中"],"0270095":[3,"宮古市","佐原"],"0270089":[3,"宮古市","本町"],"0270055":[3,"宮古市","長根"],"0270359":[3,"宮古市","田老青倉"],"0270037":[3,"宮古市","松山"],"0270363":[3,"宮古市","田老長畑"],"0270075":[3,"宮古市","和見町"],"0270082":[3,"宮古市","向町"],"0270423":[3,"下閉伊郡岩泉町","中里"],"0270084":[3,"宮古市","末広町"],"0270078":[3,"宮古市","鴨崎町"]}
