{"1448570":[13,"大田区","蒲田","５丁目１５－８蒲田月村ビル４階"],"1448530":[13,"大田区","蒲田","４丁目２５－２"],"1448602":[13,"大田区","蒲田","５丁目４５－９"],"1448555":[13,"大田区","南蒲田","１丁目２１－１２"],"1448656":[13,"大田区","東蒲田","２丁目２９－１５"],"1440041":[13,"大田区","羽田空港"],"1448506":[13,"大田区","東六郷","２丁目１８－２"],"1440053":[13,"大田区","蒲田本町"],"1448678":[13,"大田区","西蒲田","８丁目３－３"],"1448511":[13,"大田区","西蒲田","７丁目１１－１"],"1440043":[13,"大田区","羽田"],"1448622":[13,"大田区","蒲田","５丁目１３－１４"],"1448661":[13,"大田区","西蒲田","７丁目２５－７"],"1448535":[13,"大田区","西蒲田","５丁目２２－１１"],"1448525":[13,"大田区","羽田空港","３丁目４－２"],"1448513":[13,"大田区","東六郷","３丁目１５－８"],"1440055":[13,"大田区","仲六郷"],"1448551":[13,"大田区","南蒲田","２丁目１６－４６"],"1440032":[13,"大田区","北糀谷"],"1440045":[13,"大田区","南六郷"],"1448611":[13,"大田区","本羽田","２丁目１６－１０"],"1440042":[13,"大田区","羽田旭町"],"1448533":[13,"大田区","本羽田","３丁目１１－５"],"1448588":[13,"大田区","新蒲田","１丁目１７－２５"],"1440034":[13,"大田区","西糀谷"],"1440051":[13,"大田区","西蒲田"],"1440035":[13,"大田区","南蒲田"],"1440033":[13,"大田区","東糀谷"],"1448614":[13,"大田区","東六郷","２丁目１５－１２"],"1448623":[13,"大田区","蒲田","５丁目１３－１４"],"1448550":[13,"大田区","仲六郷","４丁目３２－５"],"1448677":[13,"大田区","羽田","５丁目１－１３"],"1440000":[13,"大田区",""],"1440052":[13,"大田区","蒲田"],"1448531":[13,"大田区","羽田","１丁目２－１２"],"1448515":[13,"大田区","羽田空港","３丁目３－２"],"1440054":[13,"大田区","新蒲田"],"1448621":[13,"大田区","蒲田","５丁目１３－１４"],"1448655":[13,"大田区","西蒲田","５丁目２３－２２"],"1448660":[13,"大田区","西蒲田","８丁目３－１４"],"1448532":[13,"大田区","東糀谷","２丁目１２－１４"],"1448580":[13,"大田区","新蒲田","１丁目１８－２３"],"1448577":[13,"大田区","西蒲田","８丁目４－４岸東海ビル５Ｆ・６Ｆ"],"1440031":[13,"大田区","東蒲田"],"1448516":[13,"大田区","西蒲田","７丁目５０－１１"],"1440044":[13,"大田区","本羽田"],"1448610":[13,"大田区","羽田旭町","１１－１"],"1448575":[13,"大田区","羽田旭町","１１－１"],"1440056":[13,"大田区","西六郷"],"1440047":[13,"大田区","萩中"],"1448505":[13,"大田区","南蒲田","１丁目１－２５"],"1448510":[13,"大田区","羽田旭町","１１－１"],"1440046":[13,"大田区","東六郷"]}
