{"3838555":[20,"中野市","大字吉田","１０８１"],"3830052":[20,"中野市","安源寺"],"3830032":[20,"中野市","更科"],"3838585":[20,"中野市","大字岩船","３３０－２"],"3830023":[20,"中野市","小館"],"3830053":[20,"中野市","草間"],"3830035":[20,"中野市","篠井"],"3830036":[20,"中野市","新保"],"3830055":[20,"中野市","牛出"],"3830046":[20,"中野市","片塩"],"3830013":[20,"中野市","中野"],"3838515":[20,"中野市","大字壁田","９５５"],"3830002":[20,"中野市","田上"],"3830012":[20,"中野市","一本木"],"3830065":[20,"中野市","田麦"],"3830005":[20,"中野市","越"],"3830015":[20,"中野市","吉田"],"3830021":[20,"中野市","西"],"3830054":[20,"中野市","立ケ花"],"3838588":[20,"中野市","三好町","１丁目２－８"],"3830034":[20,"中野市","新野"],"3838567":[20,"中野市","三好町","２丁目１－５３"],"3830008":[20,"中野市","金井"],"3830022":[20,"中野市","中央"],"3830063":[20,"中野市","間長瀬"],"3830051":[20,"中野市","七瀬"],"3830041":[20,"中野市","岩船"],"3830003":[20,"中野市","柳沢"],"3838614":[20,"中野市","三好町","１丁目３－１９"],"3830024":[20,"中野市","東山"],"3830061":[20,"中野市","壁田"],"3830000":[20,"中野市",""],"3830001":[20,"中野市","岩井"],"3830004":[20,"中野市","赤岩"],"3838511":[20,"中野市","大字西条","５４４－１"],"3830007":[20,"中野市","竹原"],"3830006":[20,"中野市","深沢"],"3838506":[20,"中野市","小舘","６"],"3830056":[20,"中野市","栗林"],"3830025":[20,"中野市","三好町"],"3830014":[20,"中野市","諏訪町"],"3830037":[20,"中野市","小田中"],"3830064":[20,"中野市","新井"],"3830011":[20,"中野市","若宮"],"3838505":[20,"中野市","西","１丁目５番６３号"],"3830031":[20,"中野市","南宮"],"3830042":[20,"中野市","西条"],"3830066":[20,"中野市","厚貝"],"3838686":[20,"中野市","中央","１丁目５－２０"],"3838581":[20,"中野市","大字草間","１２１６－９"],"3830057":[20,"中野市","大俣"],"3830033":[20,"中野市","間山"],"3830043":[20,"中野市","三ツ和"],"3830062":[20,"中野市","笠原"],"3838501":[20,"中野市","大字栗林","８３"],"3830045":[20,"中野市","江部"],"3830044":[20,"中野市","桜沢"]}
