{"1848588":[13,"小金井市","中町","２丁目２４－１６"],"1848533":[13,"小金井市","緑町","３丁目１１－２８"],"1848504":[13,"小金井市","本町","６丁目６－３"],"1840012":[13,"小金井市","中町"],"1848508":[13,"小金井市","中町","２丁目２２－３２"],"1840001":[13,"小金井市","関野町"],"1848581":[13,"小金井市","本町","６丁目８－９"],"1840013":[13,"小金井市","前原町"],"1840005":[13,"小金井市","桜町"],"1848522":[13,"小金井市","緑町","５丁目３－３０"],"1840000":[13,"小金井市",""],"1848510":[13,"小金井市","本町","５丁目１１－２"],"1840015":[13,"小金井市","貫井北町"],"1840014":[13,"小金井市","貫井南町"],"1848505":[13,"小金井市","貫井北町","１丁目９－１"],"1848558":[13,"小金井市","前原町","４丁目４－４７"],"1840011":[13,"小金井市","東町"],"1848575":[13,"小金井市","貫井北町","３丁目２２－１"],"1848595":[13,"小金井市","緑町","５丁目６－３５"],"1848585":[13,"小金井市","東町","１丁目４４－２６"],"1840004":[13,"小金井市","本町"],"1848503":[13,"小金井市","東町","１丁目１－１"],"1848795":[13,"小金井市","貫井北町","４丁目２－１"],"1840002":[13,"小金井市","梶野町"],"1848511":[13,"小金井市","桜町","１丁目２－２０"],"1848577":[13,"小金井市","本町","６丁目５－３シャトー小金井１Ｆ"],"1848502":[13,"小金井市","本町","４丁目１－３"],"1848555":[13,"小金井市","梶野町","４丁目８－１"],"1840003":[13,"小金井市","緑町"],"1848543":[13,"小金井市","前原町","５丁目１－２９"],"1848501":[13,"小金井市","貫井北町","４丁目１－１"]}
