{"1348622":[13,"江戸川区","船堀","２丁目２３－４"],"1348612":[13,"江戸川区","西葛西","７丁目２０－１"],"1348586":[13,"江戸川区","臨海町","３丁目６－２"],"1340003":[13,"江戸川区","春江町"],"1348502":[13,"江戸川区","中葛西","７丁目５－９"],"1348575":[13,"江戸川区","臨海町","５丁目２－２"],"1348630":[13,"江戸川区","北葛西","１丁目１６－１３"],"1348570":[13,"江戸川区","臨海町","４丁目３－１"],"1348601":[13,"江戸川区","西葛西","４丁目２－２０"],"1340085":[13,"江戸川区","南葛西"],"1348515":[13,"江戸川区","中葛西","３丁目３７－９彦本第３ビル６階"],"1348702":[13,"江戸川区","中葛西","５丁目３４－８"],"1340084":[13,"江戸川区","東葛西"],"1348555":[13,"江戸川区","南葛西","１丁目１１－１"],"1340083":[13,"江戸川区","中葛西"],"1340093":[13,"江戸川区","二之江町"],"1348602":[13,"江戸川区","西葛西","７丁目９－１７"],"1348576":[13,"江戸川区","臨海町","３丁目６－３"],"1340088":[13,"江戸川区","西葛西"],"1340086":[13,"江戸川区","臨海町"],"1348520":[13,"江戸川区","東葛西","３丁目１７－９"],"1348533":[13,"江戸川区","東葛西","９丁目３－１"],"1348503":[13,"江戸川区","中葛西","３丁目３７－４"],"1348677":[13,"江戸川区","西葛西","８丁目４－６ＳＴ西葛西ビル"],"1348577":[13,"江戸川区","臨海町","３丁目２－１"],"1348603":[13,"江戸川区","西葛西","３丁目９－１９"],"1340087":[13,"江戸川区","清新町"],"1340081":[13,"江戸川区","北葛西"],"1348609":[13,"江戸川区","西葛西","３丁目２２－３６"],"1348507":[13,"江戸川区","中葛西","５丁目３８－８"],"1340082":[13,"江戸川区","宇喜田町"],"1348686":[13,"江戸川区","西葛西","６丁目２４－１６"],"1348588":[13,"江戸川区","臨海町","３丁目６－３"],"1348640":[13,"江戸川区","西瑞江","４丁目１５"],"1348678":[13,"江戸川区","東葛西","６丁目３０－３"],"1348585":[13,"江戸川区","臨海町","５丁目２－２"],"1340091":[13,"江戸川区","船堀"],"1340092":[13,"江戸川区","一之江町"],"1340013":[13,"江戸川区","江戸川"],"1348610":[13,"江戸川区","西葛西","５丁目１０－２４葛西テクノビル"],"1348642":[13,"江戸川区","西瑞江","４丁目１２"],"1340015":[13,"江戸川区","西瑞江"],"1348631":[13,"江戸川区","北葛西","３丁目５－１７"]}
