{"1890014":[13,"東村山市","本町"],"1898521":[13,"東村山市","秋津町","２丁目２６－１"],"1890024":[13,"東村山市","富士見町"],"1890013":[13,"東村山市","栄町"],"1898550":[13,"東村山市","青葉町","４丁目１－１"],"1890002":[13,"東村山市","青葉町"],"1890023":[13,"東村山市","美住町"],"1890026":[13,"東村山市","多摩湖町"],"1898501":[13,"東村山市","本町","１丁目２－３"],"1890003":[13,"東村山市","久米川町"],"1890001":[13,"東村山市","秋津町"],"1898511":[13,"東村山市","青葉町","１丁目７－１"],"1898585":[13,"東村山市","久米川町","１丁目５３－１"],"1890011":[13,"東村山市","恩多町"],"1890000":[13,"東村山市",""],"1890022":[13,"東村山市","野口町"],"1890012":[13,"東村山市","萩山町"],"1890021":[13,"東村山市","諏訪町"],"1890025":[13,"東村山市","廻田町"],"1898520":[13,"東村山市","野口町","２丁目１６－２"],"1898555":[13,"東村山市","本町","１丁目２０－２２"]}
