{"3380822":[11,"さいたま市桜区","中島"],"3380815":[11,"さいたま市桜区","五関"],"3388541":[11,"さいたま市中央区","新中里","３丁目２０－３０"],"3388524":[11,"さいたま市桜区","西堀","５丁目３－３５"],"3380813":[11,"さいたま市桜区","在家"],"3388506":[11,"さいたま市中央区","上峰","３丁目１５－１"],"3380837":[11,"さいたま市桜区","田島"],"3388567":[11,"さいたま市中央区","大字下落合","１０２７"],"3380012":[11,"さいたま市中央区","大戸"],"3380824":[11,"さいたま市桜区","上大久保"],"3388557":[11,"さいたま市中央区","上落合","１丁目１２－１６"],"3388515":[11,"さいたま市中央区","上落合","８丁目１番１９号"],"3388566":[11,"さいたま市中央区","桜丘","２丁目８－２０"],"3388553":[11,"さいたま市中央区","上落合","８丁目３－３３"],"3380011":[11,"さいたま市中央区","新中里"],"3380814":[11,"さいたま市桜区","宿"],"3380826":[11,"さいたま市桜区","大久保領家"],"3388577":[11,"さいたま市中央区","本町東","６丁目１１－１"],"3380816":[11,"さいたま市桜区","塚本"],"3380817":[11,"さいたま市桜区","昭和"],"3388538":[11,"さいたま市中央区","上落合","２丁目１－２４"],"3380007":[11,"さいたま市中央区","円阿弥"],"3388512":[11,"さいたま市中央区","大字下落合","１０７９－１"],"3380836":[11,"さいたま市桜区","町谷"],"3380821":[11,"さいたま市桜区","山久保"],"3388580":[11,"さいたま市中央区","本町西","４丁目１７－１０"],"3380001":[11,"さいたま市中央区","上落合"],"3380833":[11,"さいたま市桜区","桜田"],"3380003":[11,"さいたま市中央区","本町東"],"3380006":[11,"さいたま市中央区","八王子"],"3388558":[11,"さいたま市中央区","上落合","２丁目４－１"],"3388523":[11,"さいたま市中央区","下落合","４丁目２４－１５"],"3388686":[11,"さいたま市中央区","下落合","５丁目７－１０"],"3380800":[11,"さいたま市桜区",""],"3388503":[11,"さいたま市中央区","本町東","５丁目１２－１０"],"3388575":[11,"さいたま市桜区","桜田","３丁目９－２５"],"3388551":[11,"さいたま市桜区","桜田","３丁目３－１"],"3388531":[11,"さいたま市中央区","下落合","４丁目１－１"],"3380825":[11,"さいたま市桜区","下大久保"],"3380832":[11,"さいたま市桜区","西堀"],"3380004":[11,"さいたま市中央区","本町西"],"3388585":[11,"さいたま市中央区","円阿弥","３丁目３－２０"],"3388525":[11,"さいたま市中央区","上落合","９丁目３－６"],"3380811":[11,"さいたま市桜区","白鍬"],"3380005":[11,"さいたま市中央区","桜丘"],"3388570":[11,"さいたま市桜区","大字下大久保","２５５"],"3380014":[11,"さいたま市中央区","上峰"],"3388510":[11,"さいたま市中央区","円阿弥","７丁目７－８"],"3380834":[11,"さいたま市桜区","新開"],"3388586":[11,"さいたま市桜区","道場","４丁目３－１"],"3380835":[11,"さいたま市桜区","道場"],"3380002":[11,"さいたま市中央区","下落合"],"3388504":[11,"さいたま市中央区","大字下落合","１０５０－１"],"3388571":[11,"さいたま市桜区","大字下大久保","６４５"],"3380823":[11,"さいたま市桜区","栄和"],"3380013":[11,"さいたま市中央区","鈴谷"],"3388555":[11,"さいたま市中央区","上落合","８丁目４－１１"],"3380812":[11,"さいたま市桜区","神田"],"3380831":[11,"さいたま市桜区","南元宿"],"3388540":[11,"さいたま市中央区","桜丘","２丁目８－２０"],"3388508":[11,"さいたま市中央区","上落合","２丁目２－１"]}
