{"1628802":[13,"新宿区","市谷本村町","５－１"],"1620834":[13,"新宿区","北町"],"1628565":[13,"新宿区","揚場町","２－１"],"1628629":[13,"新宿区","北山伏町","１－１１牛込食糧ビル２Ｆ"],"1628473":[13,"新宿区","市谷本村町","４２－８"],"1620043":[13,"新宿区","早稲田南町"],"1628557":[13,"新宿区","津久戸町","２－１"],"1628804":[13,"新宿区","市谷本村町","５－１"],"1628503":[13,"新宿区","岩戸町","２"],"1628705":[13,"新宿区","市谷本村町","３－２３"],"1628611":[13,"新宿区","早稲田鶴巻町","５４３番地"],"1620062":[13,"新宿区","市谷加賀町"],"1620054":[13,"新宿区","河田町"],"1620825":[13,"新宿区","神楽坂"],"1628655":[13,"新宿区","戸山","１丁目２１－１"],"1620841":[13,"新宿区","払方町"],"1628627":[13,"新宿区","神楽坂","４丁目１－１オザワビル５Ｆ"],"1628411":[13,"新宿区","市谷本村町","３－２６"],"1620853":[13,"新宿区","北山伏町"],"1628540":[13,"新宿区","東五軒町","３－２８"],"1620801":[13,"新宿区","山吹町"],"1628421":[13,"新宿区","市谷本村町","３－２１"],"1628055":[13,"新宿区","横寺町","５５"],"1620847":[13,"新宿区","市谷長延寺町"],"1628604":[13,"新宿区","山吹町","３３１ＤＩＡＢＯＸ"],"1620803":[13,"新宿区","赤城下町"],"1628608":[13,"新宿区","中里町","２９"],"1628505":[13,"新宿区","北山伏町","１－１１"],"1620055":[13,"新宿区","余丁町"],"1620814":[13,"新宿区","新小川町"],"1628022":[13,"新宿区","若松町","１９－１"],"1620816":[13,"新宿区","白銀町"],"1620811":[13,"新宿区","水道町"],"1628402":[13,"新宿区","市谷砂土原町","１丁目２"],"1628717":[13,"新宿区","早稲田町","５－４"],"1620843":[13,"新宿区","市谷田町"],"1628707":[13,"新宿区","新小川町","６－２９"],"1620838":[13,"新宿区","細工町"],"1628533":[13,"新宿区","新小川町","４－１１"],"1628711":[13,"新宿区","矢来町","７１"],"1628440":[13,"新宿区","市谷砂土原町","１丁目２保健会館内"],"1628451":[13,"新宿区","市谷本村町","２－１２"],"1620821":[13,"新宿区","津久戸町"],"1620065":[13,"新宿区","住吉町"],"1620808":[13,"新宿区","天神町"],"1620835":[13,"新宿区","中町"],"1620813":[13,"新宿区","東五軒町"],"1628422":[13,"新宿区","市谷砂土原町","２丁目４番地"],"1628501":[13,"新宿区","箪笥町","２２"],"1628580":[13,"新宿区","下宮比町","２－２３"],"1628455":[13,"新宿区","市谷本村町","１－１住友市ケ谷ビル"],"1628448":[13,"新宿区","市谷船河原町","１１"],"1628861":[13,"新宿区","市谷本村町","５－１"],"1628409":[13,"新宿区","市谷左内町","９"],"1620823":[13,"新宿区","神楽河岸"],"1628541":[13,"新宿区","東五軒町","１－２"],"1628476":[13,"新宿区","市谷田町","１丁目１８"],"1620832":[13,"新宿区","岩戸町"],"1628575":[13,"新宿区","水道町","３－９"],"1628701":[13,"新宿区","下宮比町","２－１２"],"1628001":[13,"新宿区","市谷加賀町","１丁目１－１"],"1628801":[13,"新宿区","市谷本村町","５－１"],"1628680":[13,"新宿区","横寺町","５５"],"1620052":[13,"新宿区","戸山"],"1620067":[13,"新宿区","富久町"],"1628628":[13,"新宿区","榎町","３３ザスクエアー８Ｆ"],"1628953":[13,"新宿区","神楽河岸","１－１"],"1628853":[13,"新宿区","市谷本村町","５－１"],"1620042":[13,"新宿区","早稲田町"],"1620804":[13,"新宿区","中里町"],"1620806":[13,"新宿区","榎町"],"1628512":[13,"新宿区","矢来町","１２３"],"1628633":[13,"新宿区","神楽坂","６丁目５９"],"1628640":[13,"新宿区","戸山","１丁目２３－１"],"1628577":[13,"新宿区","下宮比町","２－２６"],"1628401":[13,"新宿区","市谷砂土原町","３丁目４"],"1628615":[13,"新宿区","榎町","３９神楽坂法菖ビル１０１／２０１号"],"1628446":[13,"新宿区","払方町","２５－５"],"1628669":[13,"新宿区","早稲田町","６９"],"1620818":[13,"新宿区","築地町"],"1628551":[13,"新宿区","津久戸町","１－２"],"1628806":[13,"新宿区","市谷本村町","５－１"],"1620828":[13,"新宿区","袋町"],"1628602":[13,"新宿区","払方町","１４－１"],"1620842":[13,"新宿区","市谷砂土原町"],"1620066":[13,"新宿区","市谷台町"],"1628587":[13,"新宿区","揚場町","２－１８"],"1620802":[13,"新宿区","改代町"],"1628638":[13,"新宿区","天神町","１０番地安村ビル"],"1620846":[13,"新宿区","市谷左内町"],"1620848":[13,"新宿区","市谷鷹匠町"],"1620044":[13,"新宿区","喜久井町"],"1628672":[13,"新宿区","若松町","１９－１"],"1628805":[13,"新宿区","市谷本村町","５－１"],"1620824":[13,"新宿区","揚場町"],"1620826":[13,"新宿区","市谷船河原町"],"1628626":[13,"新宿区","山吹町","１１－１"],"1628718":[13,"新宿区","早稲田町","５－４"],"1628612":[13,"新宿区","山吹町","８１"],"1628405":[13,"新宿区","市谷本村町","２－３４"],"1620856":[13,"新宿区","市谷甲良町"],"1620837":[13,"新宿区","納戸町"],"1628480":[13,"新宿区","若松町","２－２"],"1628562":[13,"新宿区","東五軒町","２－９"],"1620844":[13,"新宿区","市谷八幡町"],"1620822":[13,"新宿区","下宮比町"],"1620063":[13,"新宿区","市谷薬王寺町"],"1620056":[13,"新宿区","若松町"],"1628708":[13,"新宿区","西五軒町","１１－１１"],"1628710":[13,"新宿区","東五軒町","６－２４"],"1628407":[13,"新宿区","市谷砂土原町","２丁目６"],"1620831":[13,"新宿区","横寺町"],"1628686":[13,"新宿区","横寺町","５５"],"1628830":[13,"新宿区","市谷本村町","５－１"],"1628488":[13,"新宿区","岩戸町","１８日交神楽坂ビル"],"1620851":[13,"新宿区","弁天町"],"1628535":[13,"新宿区","新小川町","４－１アプラス東京ビル"],"1628515":[13,"新宿区","弁天町","１１４－４"],"1628668":[13,"新宿区","若松町","１９－１"],"1628622":[13,"新宿区","天神町","１０安村ビル"],"1628408":[13,"新宿区","市谷八幡町","８"],"1620815":[13,"新宿区","筑土八幡町"],"1628570":[13,"新宿区","揚場町","２－１"],"1628630":[13,"新宿区","榎町","７２"],"1628431":[13,"新宿区","市谷本村町","１０－７"],"1620827":[13,"新宿区","若宮町"],"1628860":[13,"新宿区","市谷本村町","５－１"],"1628624":[13,"新宿区","山吹町","１０－１ラポール日教済内"],"1620852":[13,"新宿区","南榎町"],"1628666":[13,"新宿区","河田町","８－１"],"1628543":[13,"新宿区","津久戸町","５－１"],"1628502":[13,"新宿区","箪笥町","３８"],"1628636":[13,"新宿区","戸山","１丁目２３－１"],"1628807":[13,"新宿区","市谷本村町","５－１"],"1628650":[13,"新宿区","戸山","３丁目２０－１"],"1628716":[13,"新宿区","神楽坂","６丁目３０"],"1628646":[13,"新宿区","馬場下町","１４"],"1628560":[13,"新宿区","西五軒町","４－２"],"1628433":[13,"新宿区","市谷本村町","１０－５"],"1620817":[13,"新宿区","赤城元町"],"1620854":[13,"新宿区","南山伏町"],"1620857":[13,"新宿区","市谷山伏町"],"1628522":[13,"新宿区","弁天町","２３－６"],"1628556":[13,"新宿区","揚場町","２－２６"],"1620045":[13,"新宿区","馬場下町"],"1628585":[13,"新宿区","揚場町","２番１号軽子坂ＭＮビル５階"],"1628568":[13,"新宿区","揚場町","２－２０"],"1628471":[13,"新宿区","市谷本村町","３－２１経済法令ビル"],"1620041":[13,"新宿区","早稲田鶴巻町"],"1628654":[13,"新宿区","馬場下町","６２"],"1628527":[13,"新宿区","南山伏町","１－２３－３４山京ビル"],"1628464":[13,"新宿区","市谷本村町","３－２１"],"1628614":[13,"新宿区","天神町","６６－１４－２"],"1628644":[13,"新宿区","戸山","１丁目２４－１"],"1628449":[13,"新宿区","市谷本村町","２－３５"],"1628670":[13,"新宿区","原町","３丁目８７"],"1628601":[13,"新宿区","神楽坂","１丁目３"],"1628803":[13,"新宿区","市谷本村町","５－１"],"1628530":[13,"新宿区","水道町","４－１３"],"1620833":[13,"新宿区","箪笥町"],"1620807":[13,"新宿区","東榎町"],"1628558":[13,"新宿区","下宮比町","２－６"],"1620836":[13,"新宿区","南町"],"1628676":[13,"新宿区","横寺町","５５"],"1620855":[13,"新宿区","二十騎町"],"1628529":[13,"新宿区","北山伏町","１－１１"],"1620053":[13,"新宿区","原町"],"1628620":[13,"新宿区","榎町","７"],"1628450":[13,"新宿区","市谷砂土原町","３丁目５"],"1628484":[13,"新宿区","袋町","６"],"1628616":[13,"新宿区","市谷本村町","２－３"],"1620805":[13,"新宿区","矢来町"],"1620051":[13,"新宿区","西早稲田"],"1628445":[13,"新宿区","新小川町","１－７"],"1620061":[13,"新宿区","市谷柳町"],"1620064":[13,"新宿区","市谷仲之町"],"1620845":[13,"新宿区","市谷本村町"],"1620812":[13,"新宿区","西五軒町"]}
