{"4280032":[22,"島田市","天王町"],"4280303":[22,"榛原郡川根本町","壱町河内"],"4280009":[22,"島田市","大代"],"4280048":[22,"島田市","城山"],"4280046":[22,"島田市","金山町"],"4280304":[22,"榛原郡川根本町","下泉"],"4280026":[22,"島田市","本町"],"4280401":[22,"榛原郡川根本町","梅地"],"4280415":[22,"榛原郡川根本町","上岸"],"4280402":[22,"榛原郡川根本町","犬間"],"4280418":[22,"榛原郡川根本町","崎平"],"4280019":[22,"島田市","志戸呂"],"4280106":[22,"島田市","川根町抜里"],"4280505":[22,"静岡市葵区","田代"],"4280314":[22,"榛原郡川根本町","下長尾"],"4280412":[22,"榛原郡川根本町","奥泉"],"4280504":[22,"静岡市葵区","井川"],"4280013":[22,"島田市","金谷東町"],"4280033":[22,"島田市","二軒家"],"4288686":[22,"島田市","佐夜鹿","２６－２"],"4280301":[22,"榛原郡川根本町","徳山"],"4288501":[22,"島田市","金谷","２７６９"],"4288502":[22,"島田市","牛尾","８６９－１"],"4280041":[22,"島田市","都町"],"4280011":[22,"島田市","番生寺"],"4280411":[22,"榛原郡川根本町","千頭"],"4280024":[22,"島田市","南町"],"4280037":[22,"島田市","菊川"],"4280023":[22,"島田市","坂町"],"4280002":[22,"島田市","福用"],"4280017":[22,"島田市","金谷栄町"],"4280036":[22,"島田市","神谷城"],"4280101":[22,"島田市","川根町笹間渡"],"4280104":[22,"島田市","川根町家山"],"4280502":[22,"静岡市葵区","上坂本"],"4280413":[22,"榛原郡川根本町","桑野山"],"4280503":[22,"静岡市葵区","岩崎"],"4280027":[22,"島田市","上十五軒"],"4280192":[22,"島田市","川根町抜里","８７１"],"4280211":[22,"島田市","川根町笹間上"],"4280028":[22,"島田市","下十五軒"],"4280012":[22,"島田市","代官町"],"4280414":[22,"榛原郡川根本町","東藤川"],"4280416":[22,"榛原郡川根本町","田代"],"4280102":[22,"島田市","川根町上河内"],"4280417":[22,"榛原郡川根本町","青部"],"4280501":[22,"静岡市葵区","小河内"],"4280016":[22,"島田市","宮崎町"],"4280305":[22,"榛原郡川根本町","地名"],"4280312":[22,"榛原郡川根本町","水川"],"4280004":[22,"島田市","横岡"],"4280300":[22,"榛原郡川根本町",""],"4280302":[22,"榛原郡川根本町","文沢"],"4280315":[22,"榛原郡川根本町","久野脇"],"4280015":[22,"島田市","金谷扇町"],"4280045":[22,"島田市","大和町"],"4280003":[22,"島田市","神尾"],"4280311":[22,"榛原郡川根本町","元藤川"],"4280031":[22,"島田市","清水"],"4280105":[22,"島田市","川根町葛籠"],"4280021":[22,"島田市","金谷河原"],"4280022":[22,"島田市","金谷"],"4280034":[22,"島田市","富士見町"],"4280001":[22,"島田市","高熊"],"4280043":[22,"島田市","中町"],"4280029":[22,"島田市","横丁"],"4280035":[22,"島田市","切山"],"4280306":[22,"榛原郡川根本町","田野口"],"4288651":[22,"島田市","牛尾","１１８"],"4280014":[22,"島田市","泉町"],"4280005":[22,"島田市","横岡新田"],"4280006":[22,"島田市","牛尾"],"4288503":[22,"島田市","金谷","１１１２－２"],"4288650":[22,"島田市","金谷河原","３４００"],"4288652":[22,"島田市","大代","１０８６－１"],"4280047":[22,"島田市","新町"],"4280039":[22,"島田市","猪土居"],"4280018":[22,"島田市","根岸町"],"4280313":[22,"榛原郡川根本町","上長尾"],"4280212":[22,"島田市","川根町笹間下"],"4280049":[22,"島田市","牧之原"],"4280008":[22,"島田市","竹下"],"4280103":[22,"島田市","川根町身成"],"4280025":[22,"島田市","田町"],"4280038":[22,"島田市","佐夜鹿"],"4280044":[22,"島田市","緑町"],"4280042":[22,"島田市","古横町"],"4280007":[22,"島田市","島"]}
