{"4970043":[23,"海部郡蟹江町","新千秋"],"4978505":[23,"海部郡七宝町","大字下田","字矢倉下１４３２"],"4970052":[23,"海部郡蟹江町","西之森"],"4970050":[23,"海部郡蟹江町","学戸"],"4978533":[23,"海部郡蟹江町","大字西之森","字刎畑３８"],"4970053":[23,"海部郡蟹江町","平安"],"4970045":[23,"海部郡蟹江町","緑"],"4978512":[23,"海部郡七宝町","大字川部","字六反田２"],"4970016":[23,"海部郡七宝町","徳実"],"4970055":[23,"海部郡蟹江町","源氏"],"4978541":[23,"海部郡蟹江町","大字蟹江新田","字勝田場１０１"],"4978511":[23,"海部郡蟹江町","大字西之森","字柳原２１６－１"],"4970038":[23,"海部郡蟹江町","本町片堀"],"4978527":[23,"海部郡蟹江町","大字蟹江本町","字テノ割１－１"],"4970037":[23,"海部郡蟹江町","今西"],"4970036":[23,"海部郡蟹江町","須成西"],"4970057":[23,"海部郡蟹江町","上川田"],"4970014":[23,"海部郡七宝町","鷹居"],"4970056":[23,"海部郡蟹江町","八幡"],"4970002":[23,"海部郡七宝町","遠島"],"4970048":[23,"海部郡蟹江町","舟入"],"4978520":[23,"海部郡蟹江町","大字蟹江本町","字ウノ割１２３"],"4978501":[23,"海部郡蟹江町","大字蟹江新田","字下市場１９－１"],"4978531":[23,"海部郡蟹江町","大字蟹江本町","字ホノ割１６０－１"],"4970011":[23,"海部郡七宝町","安松"],"4970003":[23,"海部郡七宝町","秋竹"],"4970051":[23,"海部郡蟹江町","北新田"],"4970015":[23,"海部郡七宝町","鯰橋"],"4970031":[23,"海部郡蟹江町","須成"],"4970042":[23,"海部郡蟹江町","鍋蓋新田"],"4970006":[23,"海部郡七宝町","下之森"],"4970044":[23,"海部郡蟹江町","蟹江新田"],"4970013":[23,"海部郡七宝町","川部"],"4970030":[23,"海部郡蟹江町","宝"],"4970033":[23,"海部郡蟹江町","蟹江本町"],"4970005":[23,"海部郡七宝町","伊福"],"4978508":[23,"海部郡蟹江町","大字蟹江本町","字コノ割１"],"4970046":[23,"海部郡蟹江町","旭"],"4970004":[23,"海部郡七宝町","桂"],"4978502":[23,"海部郡七宝町","大字下田","字江西９－３"],"4978528":[23,"海部郡蟹江町","本町片堀","２"],"4978522":[23,"海部郡七宝町","大字桂","字親田１９３７－２"],"4978601":[23,"海部郡蟹江町","大字西之森","字長三郎２"],"4978545":[23,"海部郡七宝町","大字沖之島","字東流１４５０"],"4970032":[23,"海部郡蟹江町","今"],"4978548":[23,"海部郡七宝町","大字川部","字佛供田７０"],"4970035":[23,"海部郡蟹江町","蟹江新町"],"4970001":[23,"海部郡七宝町","沖之島"],"4970054":[23,"海部郡蟹江町","錦"],"4970012":[23,"海部郡七宝町","下田"],"4978510":[23,"海部郡七宝町","大字川部","字出屋敷３"],"4970034":[23,"海部郡蟹江町","本町"],"4978530":[23,"海部郡蟹江町","大字新千秋","字後西５０"],"4970047":[23,"海部郡蟹江町","泉"],"4970039":[23,"海部郡蟹江町","本町川原"],"4970000":[23,"海部郡七宝町",""]}
