{"5300053":[27,"大阪市北区","末広町"],"5308234":[27,"大阪市北区","堂島","１丁目１－２５"],"5300033":[27,"大阪市北区","池田町"],"5306007":[27,"大阪市北区","天満橋ＯＡＰタワー"],"5308245":[27,"大阪市北区","梅田","３丁目３－２０安田生命大阪ビル１６階"],"5300037":[27,"大阪市北区","松ケ枝町"],"5306016":[27,"大阪市北区","天満橋ＯＡＰタワー"],"5300003":[27,"大阪市北区","堂島"],"5308251":[27,"大阪市北区","梅田","３丁目４－５"],"5308266":[27,"大阪市北区","堂島浜","１丁目２－６新ダイビル６Ｆ"],"5308791":[27,"大阪市北区","梅田","３丁目２－４"],"5306032":[27,"大阪市北区","天満橋ＯＡＰタワー"],"5306030":[27,"大阪市北区","天満橋ＯＡＰタワー"],"5308210":[27,"大阪市北区","堂島","１丁目６番２０号堂島アバンサ"],"5308556":[27,"大阪市北区","曽根崎","２丁目２－１全柔協会館梅新ビル"],"5300055":[27,"大阪市北区","野崎町"],"5306005":[27,"大阪市北区","天満橋ＯＡＰタワー"],"5300016":[27,"大阪市北区","中崎"],"5308212":[27,"大阪市北区","堂島浜","１丁目２－６"],"5308602":[27,"大阪市北区","梅田","２丁目２番２２号"],"5306003":[27,"大阪市北区","天満橋ＯＡＰタワー"],"5308513":[27,"大阪市北区","天満","１丁目１１－１"],"5308383":[27,"大阪市北区","角田町","８－４７"],"5308215":[27,"大阪市北区","梅田","３丁目４番５号１５階・１６階"],"5308441":[27,"大阪市北区","梅田","１丁目２番２－１５００号大阪駅前第２ビル１５階"],"5308304":[27,"大阪市北区","茶屋町","１７－１"],"5308204":[27,"大阪市北区","堂島","２丁目１－５"],"5308334":[27,"大阪市北区","中之島","２丁目３－１８"],"5306029":[27,"大阪市北区","天満橋ＯＡＰタワー"],"5308388":[27,"大阪市北区","芝田","２丁目３－１４"],"5300015":[27,"大阪市北区","中崎西"],"5300013":[27,"大阪市北区","茶屋町"],"5300043":[27,"大阪市北区","天満"],"5300022":[27,"大阪市北区","浪花町"],"5308583":[27,"大阪市北区","野崎町","６－１森ビル４Ｆ"],"5300000":[27,"大阪市北区",""],"5306012":[27,"大阪市北区","天満橋ＯＡＰタワー"],"5306036":[27,"大阪市北区","天満橋ＯＡＰタワー"],"5308355":[27,"大阪市北区","西天満","６丁目４－１８"],"5306024":[27,"大阪市北区","天満橋ＯＡＰタワー"],"5306009":[27,"大阪市北区","天満橋ＯＡＰタワー"],"5308618":[27,"大阪市北区","中之島","２丁目２－２"],"5306013":[27,"大阪市北区","天満橋ＯＡＰタワー"],"5308281":[27,"大阪市北区","梅田","２丁目５－２５"],"5300052":[27,"大阪市北区","南扇町"],"5300031":[27,"大阪市北区","菅栄町"],"5308680":[27,"大阪市中央区","北浜","４丁目６－５"],"5306022":[27,"大阪市北区","天満橋ＯＡＰタワー"],"5308796":[27,"大阪市中央区","北浜東","３－９"],"5308346":[27,"大阪市北区","中之島","１丁目３番２０号"],"5300041":[27,"大阪市北区","天神橋"],"5308248":[27,"大阪市北区","中之島","３丁目３番３号中之島三井ビルディング１６Ｆ"],"5308566":[27,"大阪市北区","天満橋","３丁目３－５"],"5300011":[27,"大阪市北区","大深町"],"5308203":[27,"大阪市北区","堂島浜","２丁目１－４０"],"5300034":[27,"大阪市北区","錦町"],"5306027":[27,"大阪市北区","天満橋ＯＡＰタワー"],"5300038":[27,"大阪市北区","紅梅町"],"5308535":[27,"大阪市北区","東天満","１丁目１１－１９"],"5300027":[27,"大阪市北区","堂山町"],"5306034":[27,"大阪市北区","天満橋ＯＡＰタワー"],"5308512":[27,"大阪市北区","西天満","５丁目１４番１０号"],"5308601":[27,"大阪市中央区","今橋","３丁目５－１２"],"5306025":[27,"大阪市北区","天満橋ＯＡＰタワー"],"5306001":[27,"大阪市北区","天満橋ＯＡＰタワー"],"5300024":[27,"大阪市北区","山崎町"],"5300005":[27,"大阪市北区","中之島"],"5308341":[27,"大阪市北区","芝田","２丁目４－２４"],"5300046":[27,"大阪市北区","菅原町"],"5308522":[27,"大阪市北区","西天満","２丁目１－１０"],"5300018":[27,"大阪市北区","小松原町"],"5300057":[27,"大阪市北区","曽根崎"],"5306018":[27,"大阪市北区","天満橋ＯＡＰタワー"],"5308318":[27,"大阪市北区","堂島","１丁目６番２０号"],"5300032":[27,"大阪市北区","樋之口町"],"5308332":[27,"大阪市北区","中之島","２丁目２－７"],"5308798":[27,"大阪市北区","中崎","１丁目１－６"],"5306026":[27,"大阪市北区","天満橋ＯＡＰタワー"],"5308611":[27,"大阪市北区","梅田","１丁目１２－３９"],"5300045":[27,"大阪市北区","天神西町"],"5306015":[27,"大阪市北区","天満橋ＯＡＰタワー"],"5308580":[27,"大阪市北区","天神橋","２丁目北２番６号"],"5308321":[27,"大阪市北区","茶屋町","１－３２"],"5308574":[27,"大阪市北区","西天満","１丁目２－５大阪ＪＡビル"],"5308227":[27,"大阪市北区","梅田","１丁目２－２－９００"],"5306028":[27,"大阪市北区","天満橋ＯＡＰタワー"],"5300054":[27,"大阪市北区","南森町"],"5308582":[27,"大阪市北区","天神橋","６丁目４番２０号"],"5300017":[27,"大阪市北区","角田町"],"5308222":[27,"大阪市北区","中之島","３丁目３－３"],"5308270":[27,"大阪市北区","中之島","３丁目６－１６"],"5306021":[27,"大阪市北区","天満橋ＯＡＰタワー"],"5300056":[27,"大阪市北区","兎我野町"],"5308411":[27,"大阪市北区","堂山町","１－５大阪合同ビル５階"],"5308555":[27,"大阪市北区","西天満","４丁目１５番１０号"],"5300028":[27,"大阪市北区","万歳町"],"5306090":[27,"大阪市北区","天満橋ＯＡＰタワー"],"5300012":[27,"大阪市北区","芝田"],"5308205":[27,"大阪市北区","堂島浜","１丁目２－６"],"5308523":[27,"大阪市北区","西天満","２丁目１－１０"],"5306008":[27,"大阪市北区","天満橋ＯＡＰタワー"],"5300002":[27,"大阪市北区","曽根崎新地"],"5306038":[27,"大阪市北区","天満橋ＯＡＰタワー"],"5306006":[27,"大阪市北区","天満橋ＯＡＰタワー"],"5300036":[27,"大阪市北区","与力町"],"5306019":[27,"大阪市北区","天満橋ＯＡＰタワー"],"5306020":[27,"大阪市北区","天満橋ＯＡＰタワー"],"5300025":[27,"大阪市北区","扇町"],"5308252":[27,"大阪市北区","中之島","３丁目２番１８号住友中之島ビルディング１０階"],"5300023":[27,"大阪市北区","黒崎町"],"5308288":[27,"大阪市北区","中之島","３丁目２－４"],"5308262":[27,"大阪市北区","中之島","２丁目２－７"],"5308324":[27,"大阪市北区","中崎西","２丁目３－１"],"5308278":[27,"大阪市北区","梅田","３丁目４－５"],"5308793":[27,"大阪市中央区","北浜東","３番９号"],"5300047":[27,"大阪市北区","西天満"],"5300001":[27,"大阪市北区","梅田"],"5308688":[27,"大阪市北区","天満","２丁目７－１７"],"5308565":[27,"大阪市北区","西天満","２丁目４－４"],"5306033":[27,"大阪市北区","天満橋ＯＡＰタワー"],"5308606":[27,"大阪市中央区","北浜東","４－３３"],"5300042":[27,"大阪市北区","天満橋"],"5308588":[27,"大阪市北区","東天満","１丁目１０－２０"],"5308551":[27,"大阪市北区","野崎町","５番９号"],"5308350":[27,"大阪市北区","角田町","８－７"],"5306014":[27,"大阪市北区","天満橋ＯＡＰタワー"],"5300014":[27,"大阪市北区","鶴野町"],"5308247":[27,"大阪市北区","堂島浜","２丁目１番２９号"],"5306010":[27,"大阪市北区","天満橋ＯＡＰタワー"],"5308622":[27,"大阪市北区","中之島","３丁目２番１８号"],"5300051":[27,"大阪市北区","太融寺町"],"5308282":[27,"大阪市北区","梅田","３丁目２－１４大弘ビル７階"],"5308521":[27,"大阪市北区","西天満","２丁目１－１０"],"5308211":[27,"大阪市北区","中之島","３丁目２－４"],"5308797":[27,"大阪市中央区","北浜東","３番９号"],"5308415":[27,"大阪市北区","堂山町","１７－１３"],"5308511":[27,"大阪市北区","天満","１丁目２０－５"],"5308241":[27,"大阪市北区","梅田","３丁目３－５"],"5308567":[27,"大阪市北区","梅田","１丁目２－２大阪駅前第２ビル１６階"],"5308230":[27,"大阪市北区","堂島浜","２丁目２－８"],"5300021":[27,"大阪市北区","浮田"],"5308389":[27,"大阪市北区","芝田","１丁目１６－１"],"5306039":[27,"大阪市北区","天満橋ＯＡＰタワー"],"5308575":[27,"大阪市北区","野崎町","５－９"],"5308544":[27,"大阪市北区","天満橋","１丁目８番３０号ＯＡＰタワー１４階"],"5300035":[27,"大阪市北区","同心"],"5306037":[27,"大阪市北区","天満橋ＯＡＰタワー"],"5300044":[27,"大阪市北区","東天満"],"5306002":[27,"大阪市北区","天満橋ＯＡＰタワー"],"5306011":[27,"大阪市北区","天満橋ＯＡＰタワー"],"5306023":[27,"大阪市北区","天満橋ＯＡＰタワー"],"5308410":[27,"大阪市北区","同心","１丁目４－３１"],"5306035":[27,"大阪市北区","天満橋ＯＡＰタワー"],"5306004":[27,"大阪市北区","天満橋ＯＡＰタワー"],"5308610":[27,"大阪市中央区","城見","２丁目２－３３"],"5300004":[27,"大阪市北区","堂島浜"],"5308517":[27,"大阪市北区","梅田","３丁目４－５"],"5308206":[27,"大阪市北区","堂島","２丁目２－２"],"5306017":[27,"大阪市北区","天満橋ＯＡＰタワー"],"5306031":[27,"大阪市北区","天満橋ＯＡＰタワー"],"5300026":[27,"大阪市北区","神山町"],"5308323":[27,"大阪市北区","中崎西","２丁目４－１２"],"5308475":[27,"大阪市北区","堂島浜","１丁目４－４アクア堂島東館２Ｆ"],"5308338":[27,"大阪市北区","中之島","３丁目２番１８号住友中之島ビル１３階"],"5308239":[27,"大阪市北区","梅田","３丁目３－２０"],"5308311":[27,"大阪市北区","茶屋町","１－３２"]}
