{"1148560":[13,"北区","王子","３丁目２２－１５"],"1140034":[13,"北区","上十条"],"1148508":[13,"北区","王子本町","１丁目１５－２２"],"1148550":[13,"北区","東田端","２丁目２０－６８"],"1140031":[13,"北区","十条仲原"],"1140024":[13,"北区","西ケ原"],"1148501":[13,"北区","滝野川","７丁目２３－１"],"1148602":[13,"北区","豊島","８丁目３－３"],"1148540":[13,"北区","上十条","２丁目１３－１"],"1148535":[13,"北区","滝野川","５丁目４２"],"1148514":[13,"北区","滝野川","３丁目３－１ユニオンコーポ"],"1148521":[13,"北区","豊島","１丁目１１－１"],"1140001":[13,"北区","東十条"],"1148541":[13,"北区","昭和町","２丁目１０－３"],"1140015":[13,"北区","中里"],"1140014":[13,"北区","田端"],"1148520":[13,"北区","東田端","１丁目１０－８"],"1148585":[13,"北区","王子","１丁目２３－１０"],"1148506":[13,"北区","上十条","１丁目９－１７"],"1148554":[13,"北区","滝野川","１丁目５１－１２"],"1148510":[13,"北区","西ケ原","１丁目５２－１０"],"1148561":[13,"北区","王子","６丁目８－８"],"1148584":[13,"北区","王子","５丁目１６－７"],"1148517":[13,"北区","中十条","１丁目７－８"],"1148567":[13,"北区","上十条","１丁目１－１０"],"1140033":[13,"北区","十条台"],"1148512":[13,"北区","西ケ原","１丁目４６－１３"],"1148524":[13,"北区","堀船","２丁目１７－１"],"1148606":[13,"北区","豊島","８丁目３－３"],"1140002":[13,"北区","王子"],"1148545":[13,"北区","十条台","１丁目４－１５"],"1148571":[13,"北区","田端新町","３丁目２５－２"],"1148605":[13,"北区","豊島","８丁目３－３"],"1140032":[13,"北区","中十条"],"1140023":[13,"北区","滝野川"],"1148526":[13,"北区","豊島","８丁目２６－９"],"1148577":[13,"北区","滝野川","１丁目９３－５"],"1148502":[13,"北区","中里","３丁目１２－１"],"1148532":[13,"北区","十条台","１丁目６－３８"],"1148543":[13,"北区","王子本町","１丁目２６－１７"],"1148522":[13,"北区","豊島","１丁目１０－１０"],"1140022":[13,"北区","王子本町"],"1148505":[13,"北区","滝野川","６丁目３－１"],"1148507":[13,"北区","王子","１丁目１３－１４朝日生命王子ビル７Ｆ"],"1140003":[13,"北区","豊島"],"1148583":[13,"北区","豊島","６丁目１０－１２"],"1148595":[13,"北区","王子","６丁目３－４３"],"1148531":[13,"北区","王子","６丁目２－６６"],"1140005":[13,"北区","栄町"],"1140004":[13,"北区","堀船"],"1148519":[13,"北区","田端","１丁目２５－１９サントル田端１丁目"],"1148574":[13,"北区","中里","３丁目１２－２"],"1148515":[13,"北区","滝野川","７丁目５－１１"],"1148555":[13,"北区","王子","１丁目９－５"],"1148552":[13,"北区","王子","１丁目９－５京徳ビル６階"],"1148528":[13,"北区","田端新町","１丁目１－１４"],"1140011":[13,"北区","昭和町"],"1148539":[13,"北区","東田端","２丁目４－４"],"1140021":[13,"北区","岸町"],"1148562":[13,"北区","滝野川","１丁目３－１１"],"1148604":[13,"北区","豊島","８丁目３－３"],"1148588":[13,"北区","東田端","２丁目８－６"],"1148565":[13,"北区","十条台","１丁目５－７０"],"1148686":[13,"北区","中里","１丁目１５－７"],"1148544":[13,"北区","岸町","１丁目９－４"],"1148553":[13,"北区","滝野川","５丁目５－３"],"1148534":[13,"北区","西ケ原","１丁目２３－３"],"1148611":[13,"北区","王子","５丁目５－１"],"1148513":[13,"北区","王子","１丁目２９－３"],"1148580":[13,"北区","西ケ原","４丁目５１－２１"],"1148603":[13,"北区","豊島","８丁目３－３"],"1148503":[13,"北区","王子","１丁目１１－１"],"1140016":[13,"北区","上中里"],"1148557":[13,"北区","滝野川","５丁目１５－４"],"1148518":[13,"北区","豊島","５丁目２－８"],"1148581":[13,"北区","田端","６丁目１－１田端アスカタワー３階"],"1148530":[13,"北区","中里","２丁目９－５"],"1140013":[13,"北区","東田端"],"1140000":[13,"北区",""],"1148538":[13,"北区","田端新町","３丁目３７－３"],"1140012":[13,"北区","田端新町"]}
