{"1530051":[13,"目黒区","上目黒"],"1538518":[13,"目黒区","大橋","１丁目５－３"],"1538553":[13,"目黒区","東山","１丁目２－７第４４興和ビル"],"1538635":[13,"目黒区","中目黒","１丁目８－３"],"1538577":[13,"目黒区","上目黒","１丁目２１－１２"],"1538556":[13,"目黒区","目黒","２丁目１３－１８"],"1530042":[13,"目黒区","青葉台"],"1530041":[13,"目黒区","駒場"],"1538540":[13,"目黒区","青葉台","３丁目１８－３"],"1538509":[13,"目黒区","東山","３丁目８－１"],"1538688":[13,"目黒区","下目黒","１丁目８－１アルコタワー"],"1538508":[13,"目黒区","駒場","１丁目３５－３２"],"1538505":[13,"目黒区","駒場","４丁目６－１"],"1538503":[13,"目黒区","駒場","４丁目５－２９"],"1530064":[13,"目黒区","下目黒"],"1538936":[13,"目黒区","中目黒","３丁目１－３０"],"1538633":[13,"目黒区","中目黒","５丁目２７－１６"],"1538516":[13,"目黒区","大橋","２丁目１９－１"],"1538677":[13,"目黒区","下目黒","２丁目２１－２１"],"1538570":[13,"目黒区","上目黒","２丁目４３－７ＡＣＯＭ中目黒ビル"],"1538940":[13,"目黒区","目黒","１丁目２４－１２伊藤忠エネクスビル"],"1538670":[13,"目黒区","下目黒","２丁目１９－３"],"1538648":[13,"目黒区","中目黒","２丁目２－１"],"1538552":[13,"目黒区","東山","２丁目２６－１"],"1538923":[13,"目黒区","下目黒","２丁目２－３"],"1538586":[13,"目黒区","中町","２丁目５－２"],"1538927":[13,"目黒区","下目黒","１丁目８－１アルコタワー５Ｆ"],"1530043":[13,"目黒区","東山"],"1538580":[13,"目黒区","三田","１丁目４－１"],"1538510":[13,"目黒区","大橋","１丁目６－８"],"1538523":[13,"目黒区","青葉台","３丁目６－３０"],"1538620":[13,"目黒区","上目黒","５丁目２６－２１ロイヤルパレス上目黒２Ｆ"],"1538669":[13,"目黒区","下目黒","１丁目８－１"],"1538585":[13,"目黒区","中町","２丁目４３－１７"],"1530061":[13,"目黒区","中目黒"],"1538933":[13,"目黒区","中目黒","２丁目２－１"],"1538512":[13,"目黒区","大橋","１丁目６－３"],"1538525":[13,"目黒区","青葉台","１丁目１３－６"],"1538657":[13,"目黒区","目黒","４丁目４－２２"],"1538571":[13,"目黒区","上目黒","４丁目３０－１２"],"1538630":[13,"目黒区","中目黒","２丁目２－１"],"1538655":[13,"目黒区","目黒","１丁目２４－１２伊藤忠エネクスビル"],"1538906":[13,"目黒区","青葉台","２丁目１８－１"],"1538925":[13,"目黒区","上目黒","２丁目１番中目黒ＧＴタワー８階"],"1538638":[13,"目黒区","中目黒","２丁目７－７"],"1538937":[13,"目黒区","中目黒","３丁目１３－２９"],"1538501":[13,"目黒区","駒場","２丁目１９－２３"],"1538911":[13,"目黒区","青葉台","３丁目５－５"],"1530062":[13,"目黒区","三田"],"1538922":[13,"目黒区","下目黒","１丁目８－１アルコタワー"],"1538578":[13,"目黒区","上目黒","２丁目１－１中目黒ＧＴタワー"],"1538539":[13,"目黒区","青葉台","３丁目１－１９"],"1538687":[13,"目黒区","下目黒","２丁目３－８"],"1530052":[13,"目黒区","祐天寺"],"1538558":[13,"目黒区","東山","３丁目１６－１９"],"1538567":[13,"目黒区","東山","３丁目２０－２０サニイヒルズ東山２０１"],"1530053":[13,"目黒区","五本木"],"1538526":[13,"目黒区","下目黒","１丁目８－１アルコタワー５Ｆ"],"1538551":[13,"目黒区","東山","３丁目５－２"],"1538563":[13,"目黒区","東山","２丁目６－３"],"1538930":[13,"目黒区","下目黒","１丁目８－１"],"1538650":[13,"目黒区","目黒","１丁目１－５"],"1538550":[13,"目黒区","東山","３丁目８－１"],"1538520":[13,"目黒区","青葉台","２丁目１－４"],"1538652":[13,"目黒区","目黒","３丁目９－１目黒須田ビル４Ｆ"],"1538934":[13,"目黒区","中目黒","２丁目３－８"],"1538531":[13,"目黒区","青葉台","４丁目４－５渋谷スリーサムビルヂング"],"1538587":[13,"目黒区","三田","１丁目６－２１アルト伊藤ビル"],"1530044":[13,"目黒区","大橋"],"1538554":[13,"目黒区","下目黒","１丁目６－２０"],"1538644":[13,"目黒区","中目黒","４丁目８－８"],"1538640":[13,"目黒区","中目黒","２丁目１－２７"],"1538573":[13,"目黒区","上目黒","２丁目１９－１５"],"1538660":[13,"目黒区","下目黒","１丁目２－５"],"1538645":[13,"目黒区","中目黒","４丁目８－８"],"1530065":[13,"目黒区","中町"],"1538913":[13,"目黒区","青葉台","４丁目６－２０"],"1538653":[13,"目黒区","目黒","１丁目１－６"],"1538662":[13,"目黒区","下目黒","１丁目８－１アルコタワー"],"1538668":[13,"目黒区","下目黒","１丁目１－３"],"1538636":[13,"目黒区","中目黒","２丁目９－１３"],"1538939":[13,"目黒区","目黒","１丁目１－１４"],"1538515":[13,"目黒区","大橋","２丁目１７－６"],"1538666":[13,"目黒区","下目黒","３丁目２４－２２"],"1538601":[13,"目黒区","下目黒","６丁目１－２１"],"1538582":[13,"目黒区","中町","２丁目４３－１８"],"1538904":[13,"目黒区","駒場","４丁目６－１"],"1538654":[13,"目黒区","目黒","１丁目４－１"],"1538555":[13,"目黒区","東山","２丁目１３－５"],"1538560":[13,"目黒区","五本木","１丁目８－３"],"1538566":[13,"目黒区","東山","３丁目７－１"],"1538502":[13,"目黒区","目黒","２丁目１３－１８"],"1530063":[13,"目黒区","目黒"],"1538530":[13,"目黒区","青葉台","１丁目２２－１０"],"1538521":[13,"目黒区","青葉台","１丁目３－３"],"1538665":[13,"目黒区","下目黒","１丁目７－１"],"1538631":[13,"目黒区","中目黒","１丁目１－５０"],"1538641":[13,"目黒区","中目黒","４丁目８－２"],"1538902":[13,"目黒区","駒場","３丁目８－１"],"1538565":[13,"目黒区","東山","１丁目８－１４"],"1538581":[13,"目黒区","三田","１丁目１１－７"],"1538506":[13,"目黒区","目黒","２丁目１３－１８りそな代金回収センター内"],"1538914":[13,"目黒区","駒場","３丁目８－１"],"1538522":[13,"目黒区","青葉台","４丁目９－６"]}
