{"1430001":[13,"大田区","東海"],"1430016":[13,"大田区","大森北"],"1438570":[13,"大田区","平和島","５丁目８－２３"],"1438567":[13,"大田区","山王","２丁目５－１３"],"1430002":[13,"大田区","城南島"],"1438506":[13,"大田区","大森西","７丁目６－３１"],"1438544":[13,"大田区","東馬込","１丁目３０－４"],"1430003":[13,"大田区","京浜島"],"1430006":[13,"大田区","平和島"],"1430022":[13,"大田区","東馬込"],"1430023":[13,"大田区","山王"],"1438565":[13,"大田区","中央","７丁目４－１８"],"1430013":[13,"大田区","大森南"],"1438552":[13,"大田区","大森本町","１丁目７－１０"],"1438540":[13,"大田区","大森西","５丁目２１－１６"],"1438505":[13,"大田区","大森北","１丁目３４－６"],"1438531":[13,"大田区","大森西","２丁目３２－７"],"1438538":[13,"大田区","平和島","３丁目１－７"],"1430007":[13,"大田区","ふるさとの浜辺公園"],"1430011":[13,"大田区","大森本町"],"1438550":[13,"大田区","大森北","１丁目２３－８"],"1438560":[13,"大田区","山王","４丁目１４－３"],"1438514":[13,"大田区","大森北","１丁目５－１大森駅東口ビル５Ｆ"],"1438507":[13,"大田区","南馬込","１丁目８－１"],"1438564":[13,"大田区","大森西","４丁目１５－５"],"1430004":[13,"大田区","昭和島"],"1430021":[13,"大田区","北馬込"],"1438535":[13,"大田区","昭和島","１丁目６－３１"],"1438539":[13,"大田区","大森西","１丁目９－１２"],"1438508":[13,"大田区","大森西","７丁目１－１４"],"1438568":[13,"大田区","城南島","２丁目２－２"],"1430026":[13,"大田区","西馬込"],"1430015":[13,"大田区","大森西"],"1438528":[13,"大田区","大森北","１丁目１８－２"],"1438541":[13,"大田区","大森西","６丁目１１－１"],"1438504":[13,"大田区","南馬込","１丁目１－３"],"1438533":[13,"大田区","大森中","１丁目１８－１６"],"1438511":[13,"大田区","平和島","５丁目５－１３"],"1430024":[13,"大田区","中央"],"1430027":[13,"大田区","中馬込"],"1438515":[13,"大田区","中馬込","３丁目２８－７"],"1436501":[13,"大田区","平和島","６丁目１－１８Ｆ"],"1438558":[13,"大田区","大森北","１丁目５－１"],"1430012":[13,"大田区","大森東"],"1430025":[13,"大田区","南馬込"],"1438545":[13,"大田区","大森北","３丁目２－１６"],"1430014":[13,"大田区","大森中"],"1438555":[13,"大田区","中馬込","１丁目３－６"],"1438580":[13,"大田区","大森北","２丁目１３－１１"],"1430005":[13,"大田区","平和の森公園"]}
