{"3703192":[10,"高崎市","箕郷町西明屋","７０２－４"],"3702332":[10,"富岡市","下高瀬"],"3701128":[10,"佐波郡玉村町","後箇"],"3700818":[10,"高崎市","赤坂町"],"3702461":[10,"富岡市","上丹生"],"3700102":[10,"伊勢崎市","境上渕名"],"3702121":[10,"多野郡吉井町","下長根"],"3703321":[10,"吾妻郡東吾妻町","泉沢"],"3700612":[10,"邑楽郡邑楽町","新中野"],"3700816":[10,"高崎市","常盤町"],"3700043":[10,"高崎市","高関町"],"3703521":[10,"高崎市","棟高町"],"3700321":[10,"太田市","新田木崎町"],"3701602":[10,"多野郡神流町","神ケ原"],"3702396":[10,"富岡市","富岡","２６３８－１"],"3700334":[10,"太田市","新田高尾町"],"3701504":[10,"多野郡神流町","万場"],"3702612":[10,"甘楽郡下仁田町","平原"],"3700081":[10,"高崎市","浜川町"],"3700721":[10,"邑楽郡千代田町","木崎"],"3702216":[10,"甘楽郡甘楽町","金井"],"3702625":[10,"甘楽郡下仁田町","本宿"],"3701392":[10,"高崎市","新町","３１５２"],"3703571":[10,"前橋市","池端町"],"3701204":[10,"高崎市","東中里町"],"3702205":[10,"甘楽郡甘楽町","国峰"],"3702131":[10,"多野郡吉井町","岩崎"],"3700865":[10,"高崎市","寺尾町"],"3701214":[10,"高崎市","根小屋町"],"3701201":[10,"高崎市","倉賀野町"],"3700117":[10,"伊勢崎市","境百々"],"3700057":[10,"高崎市","元紺屋町"],"3700127":[10,"伊勢崎市","境上武士"],"3702124":[10,"多野郡吉井町","塩"],"3700077":[10,"高崎市","上小塙町"],"3700811":[10,"高崎市","相生町"],"3700131":[10,"伊勢崎市","境米岡"],"3702341":[10,"富岡市","下黒岩"],"3703332":[10,"高崎市","白岩町"],"3700885":[10,"高崎市","若田町"],"3700525":[10,"邑楽郡大泉町","日の出"],"3700345":[10,"太田市","新田花香塚町"],"3700884":[10,"高崎市","八幡町"],"3702321":[10,"富岡市","岡本"],"3700841":[10,"高崎市","栄町"],"3700071":[10,"高崎市","小八木町"],"3703116":[10,"高崎市","箕郷町和田山"],"3702292":[10,"甘楽郡甘楽町","大字小幡","１６１－１"],"3700712":[10,"邑楽郡明和町","矢島"],"3701614":[10,"多野郡上野村","川和"],"3702302":[10,"富岡市","小桑原"],"3701601":[10,"多野郡神流町","魚尾"],"3700002":[10,"高崎市","日高町"],"3702603":[10,"甘楽郡下仁田町","馬山"],"3700826":[10,"高崎市","連雀町"],"3700352":[10,"太田市","新田嘉祢町"],"3700532":[10,"邑楽郡大泉町","坂田"],"3700523":[10,"邑楽郡大泉町","吉田"],"3700703":[10,"邑楽郡明和町","下江黒"],"3700343":[10,"太田市","新田下田中町"],"3702606":[10,"甘楽郡下仁田町","川井"],"3700502":[10,"邑楽郡千代田町","鍋谷"],"3700835":[10,"高崎市","竜見町"],"3700101":[10,"伊勢崎市","境東新井"],"3700855":[10,"高崎市","下佐野町"],"3700034":[10,"高崎市","下大類町"],"3700193":[10,"伊勢崎市","堺東新井","１０４８－２２"],"3700354":[10,"太田市","新田溜池町"],"3703393":[10,"高崎市","中室田町","５９８３"],"3700825":[10,"高崎市","白銀町"],"3702463":[10,"富岡市","神成"],"3700848":[10,"高崎市","鶴見町"],"3703518":[10,"高崎市","後疋間町"],"3708601":[10,"高崎市","八島町","５８－１"],"3703512":[10,"高崎市","西国分町"],"3700301":[10,"太田市","新田天良町"],"3700012":[10,"高崎市","大沢町"],"3703101":[10,"高崎市","箕郷町柏木沢"],"3702335":[10,"富岡市","大島"],"3700021":[10,"高崎市","西横手町"],"3700085":[10,"高崎市","我峰町"],"3700602":[10,"邑楽郡邑楽町","明野"],"3702138":[10,"多野郡吉井町","下奥平"],"3700062":[10,"高崎市","稲荷町"],"3700082":[10,"高崎市","北新波町"],"3703333":[10,"高崎市","高浜町"],"3701396":[10,"高崎市","新町","２３３０－２６"],"3702123":[10,"多野郡吉井町","神保"],"3702811":[10,"甘楽郡南牧村","六車"],"3701205":[10,"高崎市","栗崎町"],"3700821":[10,"高崎市","新紺屋町"],"3702206":[10,"甘楽郡甘楽町","善慶寺"],"3700864":[10,"高崎市","石原町"],"3700004":[10,"高崎市","井野町"],"3702455":[10,"富岡市","神農原"],"3702624":[10,"甘楽郡下仁田町","東野牧"],"3700701":[10,"邑楽郡明和町","南大島"],"3702413":[10,"富岡市","妙義町八木連"],"3700501":[10,"邑楽郡千代田町","福島"],"3700056":[10,"高崎市","北通町"],"3703322":[10,"吾妻郡東吾妻町","川戸"],"3702804":[10,"甘楽郡南牧村","磐戸"],"3708537":[10,"高崎市","高松町","３６"],"3700314":[10,"太田市","新田市野井町"],"3700817":[10,"高崎市","堰代町"],"3700078":[10,"高崎市","上小鳥町"],"3701393":[10,"高崎市","新町","２７０－１"],"3700103":[10,"伊勢崎市","境下渕名"],"3702605":[10,"甘楽郡下仁田町","栗山"],"3700058":[10,"高崎市","九蔵町"],"3700013":[10,"高崎市","萩原町"],"3701100":[10,"佐波郡玉村町",""],"3701401":[10,"藤岡市","鬼石"],"3702107":[10,"多野郡吉井町","池"],"3708611":[10,"高崎市","東町","１３４－１２"],"3708622":[10,"高崎市","問屋町","３丁目１０－３"],"3700722":[10,"邑楽郡千代田町","萱野"],"3700874":[10,"高崎市","中豊岡町"],"3703515":[10,"高崎市","塚田町"],"3701127":[10,"佐波郡玉村町","上之手"],"3700412":[10,"太田市","太子町"],"3700425":[10,"太田市","徳川町"],"3700068":[10,"高崎市","昭和町"],"3700522":[10,"邑楽郡大泉町","富士"],"3708668":[10,"高崎市","飯塚町","１２００－１"],"3700834":[10,"高崎市","南町"],"3700819":[10,"高崎市","四ツ屋町"],"3703401":[10,"高崎市","倉渕町権田"],"3700492":[10,"太田市","岩松町","８００番地"],"3700026":[10,"高崎市","下滝町"],"3700052":[10,"高崎市","旭町"],"3703572":[10,"前橋市","上青梨子町"],"3702102":[10,"多野郡吉井町","小暮"],"3701511":[10,"多野郡神流町","相原"],"3700344":[10,"太田市","新田早川町"],"3700847":[10,"高崎市","和田町"],"3700342":[10,"太田市","新田上江田町"],"3702215":[10,"甘楽郡甘楽町","造石"],"3702312":[10,"富岡市","星田"],"3702324":[10,"富岡市","南後箇"],"3702115":[10,"多野郡吉井町","多比良"],"3700824":[10,"高崎市","田町"],"3701613":[10,"多野郡上野村","勝山"],"3700033":[10,"高崎市","中大類町"],"3700711":[10,"邑楽郡明和町","入ケ谷"],"3708511":[10,"高崎市","問屋町","２丁目７－８"],"3700423":[10,"太田市","大舘町"],"3700505":[10,"邑楽郡千代田町","新福寺"],"3702464":[10,"富岡市","南蛇井"],"3708588":[10,"高崎市","和田町","２－３"],"3703344":[10,"高崎市","中里見町"],"3703514":[10,"高崎市","東国分町"],"3702613":[10,"甘楽郡下仁田町","大桑原"],"3700833":[10,"高崎市","新田町"],"3701405":[10,"藤岡市","三波川"],"3700134":[10,"伊勢崎市","境島村"],"3700536":[10,"邑楽郡大泉町","古氷"],"3702611":[10,"甘楽郡下仁田町","青倉"],"3700803":[10,"高崎市","大橋町"],"3701121":[10,"佐波郡玉村町","上飯島"],"3702344":[10,"富岡市","黒川"],"3700704":[10,"邑楽郡明和町","斗合田"],"3700001":[10,"高崎市","中尾町"],"3700881":[10,"高崎市","町屋町"],"3702398":[10,"富岡市","藤木","９００"],"3702343":[10,"富岡市","七日市"],"3701502":[10,"多野郡神流町","麻生"],"3700018":[10,"高崎市","新保町"],"3700104":[10,"伊勢崎市","境木島"],"3701616":[10,"多野郡上野村","乙父"],"3701103":[10,"佐波郡玉村町","樋越"],"3702313":[10,"富岡市","君川"],"3701132":[10,"佐波郡玉村町","下新田"],"3700055":[10,"高崎市","羅漢町"],"3700842":[10,"高崎市","北双葉町"],"3703334":[10,"高崎市","本郷町"],"3700422":[10,"太田市","安養寺町"],"3700513":[10,"邑楽郡大泉町","東小泉"],"3702323":[10,"富岡市","野上"],"3701102":[10,"佐波郡玉村町","飯塚"],"3702614":[10,"甘楽郡下仁田町","風口"],"3700048":[10,"高崎市","日光町"],"3702392":[10,"富岡市","富岡","１４６０－１"],"3703103":[10,"高崎市","箕郷町下芝"],"3700042":[10,"高崎市","貝沢町"],"3700829":[10,"高崎市","高松町"],"3703594":[10,"北群馬郡榛東村","大字新井","１０１７－２"],"3701125":[10,"佐波郡玉村町","八幡原"],"3702303":[10,"富岡市","蕨"],"3700064":[10,"高崎市","芝塚町"],"3700054":[10,"高崎市","真町"],"3700405":[10,"太田市","押切町"],"3700356":[10,"太田市","新田萩町"],"3700867":[10,"高崎市","乗附町"],"3700596":[10,"邑楽郡大泉町","坂田","１丁目１－１"],"3701126":[10,"佐波郡玉村町","宇貫"],"3701402":[10,"藤岡市","譲原"],"3702334":[10,"富岡市","上高瀬"],"3702452":[10,"富岡市","一ノ宮"],"3701615":[10,"多野郡上野村","乙母"],"3700524":[10,"邑楽郡大泉町","古海"],"3700723":[10,"邑楽郡千代田町","昭和"],"3700700":[10,"邑楽郡明和町",""],"3700531":[10,"邑楽郡大泉町","いずみ"],"3700857":[10,"高崎市","上佐野町"],"3703524":[10,"高崎市","中泉町"],"3702801":[10,"甘楽郡南牧村","大塩沢"],"3702604":[10,"甘楽郡下仁田町","吉崎"],"3703606":[10,"北群馬郡吉岡町","上野田"],"3703343":[10,"高崎市","下里見町"],"3700534":[10,"邑楽郡大泉町","丘山"],"3700714":[10,"邑楽郡明和町","梅原"],"3702601":[10,"甘楽郡下仁田町","下仁田"],"3703115":[10,"高崎市","箕郷町富岡"],"3700406":[10,"太田市","前小屋町"],"3700413":[10,"太田市","すずかけ町"],"3700814":[10,"高崎市","嘉多町"],"3700069":[10,"高崎市","飯塚町"],"3700854":[10,"高崎市","下之城町"],"3702393":[10,"富岡市","富岡","２０７３－１"],"3702112":[10,"多野郡吉井町","黒熊"],"3701394":[10,"高崎市","新町","１０８０"],"3702101":[10,"多野郡吉井町","南陽台"],"3702307":[10,"富岡市","藤木"],"3700116":[10,"伊勢崎市","境百々東"],"3700113":[10,"伊勢崎市","境三ツ木"],"3700087":[10,"高崎市","楽間町"],"3703516":[10,"高崎市","稲荷台町"],"3700133":[10,"伊勢崎市","境中島"],"3702465":[10,"富岡市","中沢"],"3701211":[10,"高崎市","阿久津町"],"3708585":[10,"高崎市","双葉町","３－１"],"3700303":[10,"太田市","新田小金井町"],"3701117":[10,"佐波郡玉村町","川井"],"3708565":[10,"高崎市","旭町","４５"],"3700032":[10,"高崎市","宿大類町"],"3700075":[10,"高崎市","筑縄町"],"3700044":[10,"高崎市","岩押町"],"3700411":[10,"太田市","亀岡町"],"3700611":[10,"邑楽郡邑楽町","鶉新田"],"3702345":[10,"富岡市","上黒岩"],"3700516":[10,"邑楽郡大泉町","中央"],"3702214":[10,"甘楽郡甘楽町","庭谷"],"3700724":[10,"邑楽郡千代田町","下中森"],"3700716":[10,"邑楽郡明和町","川俣"],"3700063":[10,"高崎市","飯玉町"],"3702200":[10,"甘楽郡甘楽町",""],"3701195":[10,"佐波郡玉村町","大字川井","２２"],"3700500":[10,"邑楽郡千代田町",""],"3700861":[10,"高崎市","八千代町"],"3701133":[10,"佐波郡玉村町","上新田"],"3702314":[10,"富岡市","田篠"],"3700418":[10,"太田市","武蔵島町"],"3700088":[10,"高崎市","行力町"],"3702615":[10,"甘楽郡下仁田町","宮室"],"3700886":[10,"高崎市","下大島町"],"3700514":[10,"邑楽郡大泉町","朝日"],"3700047":[10,"高崎市","高砂町"],"3700843":[10,"高崎市","双葉町"],"3702342":[10,"富岡市","別保"],"3700114":[10,"伊勢崎市","境新栄"],"3700053":[10,"高崎市","通町"],"3700003":[10,"高崎市","新保田中町"],"3701503":[10,"多野郡神流町","生利"],"3700025":[10,"高崎市","下斉田町"],"3703525":[10,"高崎市","三ツ寺町"],"3700713":[10,"邑楽郡明和町","中谷"],"3700347":[10,"太田市","新田大根町"],"3701600":[10,"多野郡上野村",""],"3700006":[10,"高崎市","問屋町"],"3708555":[10,"高崎市","宮元町","１３－１"],"3700128":[10,"伊勢崎市","境保泉"],"3700707":[10,"邑楽郡明和町","田島"],"3700595":[10,"邑楽郡大泉町","日の出","５５－１"],"3703607":[10,"北群馬郡吉岡町","小倉"],"3701202":[10,"高崎市","宮原町"],"3702451":[10,"富岡市","宇田"],"3703517":[10,"高崎市","引間町"],"3703335":[10,"高崎市","上大島町"],"3700076":[10,"高崎市","下小塙町"],"3700815":[10,"高崎市","柳川町"],"3703342":[10,"高崎市","下室田町"],"3700875":[10,"高崎市","藤塚町"],"3703519":[10,"高崎市","冷水町"],"3701395":[10,"高崎市","新町","２３３０"],"3702104":[10,"多野郡吉井町","馬庭"],"3701292":[10,"高崎市","綿貫町","１２３３"],"3701203":[10,"高崎市","矢中町"],"3700041":[10,"高崎市","東貝沢町"],"3700725":[10,"邑楽郡千代田町","上中森"],"3702806":[10,"甘楽郡南牧村","大日向"],"3702467":[10,"富岡市","原"],"3700827":[10,"高崎市","鞘町"],"3702126":[10,"多野郡吉井町","東谷"],"3700702":[10,"邑楽郡明和町","上江黒"],"3700515":[10,"邑楽郡大泉町","下小泉"],"3702306":[10,"富岡市","相野田"],"3700011":[10,"高崎市","京目町"],"3702495":[10,"富岡市","神農原","１１１２"],"3703112":[10,"高崎市","箕郷町善地"],"3701124":[10,"佐波郡玉村町","角淵"],"3700836":[10,"高崎市","若松町"],"3700849":[10,"高崎市","八島町"],"3702454":[10,"富岡市","田島"],"3702816":[10,"甘楽郡南牧村","星尾"],"3702213":[10,"甘楽郡甘楽町","白倉"],"3702466":[10,"富岡市","蚊沼"],"3701101":[10,"佐波郡玉村町","藤川"],"3702602":[10,"甘楽郡下仁田町","白山"],"3700031":[10,"高崎市","上大類町"],"3702322":[10,"富岡市","岩染"],"3700600":[10,"邑楽郡邑楽町",""],"3700115":[10,"伊勢崎市","境美原"],"3700305":[10,"太田市","新田多村新田町"],"3700016":[10,"高崎市","矢島町"],"3700302":[10,"太田市","新田小金町"],"3701515":[10,"多野郡神流町","船子"],"3700517":[10,"邑楽郡大泉町","西小泉"],"3700417":[10,"太田市","二ツ小屋町"],"3703503":[10,"北群馬郡榛東村","新井"],"3700708":[10,"邑楽郡明和町","新里"],"3700074":[10,"高崎市","下小鳥町"],"3703604":[10,"北群馬郡吉岡町","南下"],"3702212":[10,"甘楽郡甘楽町","福島"],"3701293":[10,"高崎市","綿貫町","９９２番地１"],"3702315":[10,"富岡市","曾木"],"3700838":[10,"高崎市","鍛冶町"],"3701506":[10,"多野郡神流町","黒田"],"3701212":[10,"高崎市","木部町"],"3703403":[10,"高崎市","倉渕町水沼"],"3703522":[10,"高崎市","菅谷町"],"3702136":[10,"多野郡吉井町","小棚"],"3703531":[10,"高崎市","足門町"],"3700511":[10,"邑楽郡大泉町","北小泉"],"3700614":[10,"邑楽郡邑楽町","赤堀"],"3702139":[10,"多野郡吉井町","上奥平"],"3708531":[10,"高崎市","高松町","２６－２"],"3703511":[10,"高崎市","金古町"],"3700084":[10,"高崎市","菊地町"],"3700346":[10,"太田市","新田上田中町"],"3700718":[10,"邑楽郡明和町","大輪"],"3700533":[10,"邑楽郡大泉町","仙石"],"3700603":[10,"邑楽郡邑楽町","中野"],"3700504":[10,"邑楽郡千代田町","舞木"],"3700845":[10,"高崎市","新後閑町"],"3701403":[10,"藤岡市","保美濃山"],"3700853":[10,"高崎市","下中居町"],"3703336":[10,"高崎市","神戸町"],"3700866":[10,"高崎市","城山町"],"3703692":[10,"北群馬郡吉岡町","大字下野田","５６０番地"],"3700812":[10,"高崎市","成田町"],"3702814":[10,"甘楽郡南牧村","羽沢"],"3700844":[10,"高崎市","和田多中町"],"3700005":[10,"高崎市","浜尻町"],"3700872":[10,"高崎市","北久保町"],"3702127":[10,"多野郡吉井町","長根"],"3702103":[10,"多野郡吉井町","岩井"],"3700726":[10,"邑楽郡千代田町","上五箇"],"3700066":[10,"高崎市","山田町"],"3701301":[10,"高崎市","新町"],"3700404":[10,"太田市","備前島町"],"3702815":[10,"甘楽郡南牧村","熊倉"],"3701208":[10,"高崎市","岩鼻町"],"3700105":[10,"伊勢崎市","境伊与久"],"3702623":[10,"甘楽郡下仁田町","下小坂"],"3700837":[10,"高崎市","下横町"],"3700061":[10,"高崎市","天神町"],"3700424":[10,"太田市","出塚町"],"3702137":[10,"多野郡吉井町","坂口"],"3702305":[10,"富岡市","白岩"],"3703348":[10,"高崎市","榛名湖町"],"3703492":[10,"高崎市","倉渕町三ノ倉","３０３"],"3703404":[10,"高崎市","倉渕町岩氷"],"3702201":[10,"甘楽郡甘楽町","上野"],"3701104":[10,"佐波郡玉村町","上福島"],"3700126":[10,"伊勢崎市","境下武士"],"3701123":[10,"佐波郡玉村町","下茂木"],"3700605":[10,"邑楽郡邑楽町","藤川"],"3703107":[10,"高崎市","箕郷町矢原"],"3702125":[10,"多野郡吉井町","大沢"],"3702453":[10,"富岡市","宮崎"],"3703341":[10,"高崎市","榛名山町"],"3703113":[10,"高崎市","箕郷町松之沢"],"3701113":[10,"佐波郡玉村町","箱石"],"3700135":[10,"伊勢崎市","境小此木"],"3700604":[10,"邑楽郡邑楽町","石打"],"3702316":[10,"富岡市","富岡"],"3702211":[10,"甘楽郡甘楽町","小川"],"3702311":[10,"富岡市","下高尾"],"3700807":[10,"高崎市","歌川町"],"3700613":[10,"邑楽郡邑楽町","狸塚"],"3700717":[10,"邑楽郡明和町","須賀"],"3703532":[10,"高崎市","中里町"],"3700715":[10,"邑楽郡明和町","大佐貫"],"3700512":[10,"邑楽郡大泉町","上小泉"],"3703600":[10,"北群馬郡吉岡町",""],"3702135":[10,"多野郡吉井町","片山"],"3703311":[10,"吾妻郡東吾妻町","岡崎"],"3700401":[10,"太田市","尾島町"],"3703605":[10,"北群馬郡吉岡町","北下"],"3702395":[10,"富岡市","富岡","１１２３番地"],"3700304":[10,"太田市","新田市町"],"3702813":[10,"甘楽郡南牧村","砥沢"],"3700606":[10,"邑楽郡邑楽町","秋妻"],"3700804":[10,"高崎市","住吉町"],"3702217":[10,"甘楽郡甘楽町","天引"],"3701404":[10,"藤岡市","坂原"],"3702134":[10,"多野郡吉井町","塩川"],"3700856":[10,"高崎市","佐野窪町"],"3701295":[10,"高崎市","宮原町","３"],"3700868":[10,"高崎市","鼻高町"],"3700065":[10,"高崎市","末広町"],"3700008":[10,"高崎市","正観寺町"],"3700601":[10,"邑楽郡邑楽町","鶉"],"3702498":[10,"富岡市","上小林","１３９－１"],"3700727":[10,"邑楽郡千代田町","瀬戸井"],"3708522":[10,"高崎市","栄町","８－１"],"3700024":[10,"高崎市","八幡原町"],"3700027":[10,"高崎市","上滝町"],"3703337":[10,"高崎市","三ツ子沢町"],"3703106":[10,"高崎市","箕郷町東明屋"],"3702456":[10,"富岡市","上小林"],"3700828":[10,"高崎市","宮元町"],"3700353":[10,"太田市","新田上中町"],"3702622":[10,"甘楽郡下仁田町","中小坂"],"3700692":[10,"邑楽郡邑楽町","大字中野","３０４０"],"3708543":[10,"高崎市","栄町","６－２６"],"3702106":[10,"多野郡吉井町","矢田"],"3708550":[10,"高崎市","東町","１２６－７"],"3700806":[10,"高崎市","上和田町"],"3701501":[10,"多野郡神流町","柏木"],"3702304":[10,"富岡市","後賀"],"3702600":[10,"甘楽郡下仁田町",""],"3703102":[10,"高崎市","箕郷町生原"],"3701116":[10,"佐波郡玉村町","飯倉"],"3700839":[10,"高崎市","檜物町"],"3700007":[10,"高崎市","問屋町西"],"3702800":[10,"甘楽郡南牧村",""],"3700125":[10,"伊勢崎市","境萩原"],"3700416":[10,"太田市","前島町"],"3701122":[10,"佐波郡玉村町","上茂木"],"3700852":[10,"高崎市","中居町"],"3701617":[10,"多野郡上野村","楢原"],"3700017":[10,"高崎市","西島町"],"3703502":[10,"北群馬郡榛東村","山子田"],"3702202":[10,"甘楽郡甘楽町","小幡"],"3702113":[10,"多野郡吉井町","深沢"],"3700805":[10,"高崎市","台町"],"3702805":[10,"甘楽郡南牧村","檜沢"],"3703347":[10,"高崎市","中室田町"],"3701592":[10,"多野郡神流町","大字万場","９０－６"],"3702412":[10,"富岡市","妙義町下高田"],"3701512":[10,"多野郡神流町","青梨"],"3701112":[10,"佐波郡玉村町","下之宮"],"3700616":[10,"邑楽郡邑楽町","光善寺"],"3700862":[10,"高崎市","片岡町"],"3701603":[10,"多野郡神流町","平原"],"3703513":[10,"高崎市","北原町"],"3702812":[10,"甘楽郡南牧村","大仁田"],"3700823":[10,"高崎市","中紺屋町"],"3700426":[10,"太田市","世良田町"],"3702621":[10,"甘楽郡下仁田町","上小坂"],"3700341":[10,"太田市","新田金井町"],"3700121":[10,"伊勢崎市","境女塚"],"3700014":[10,"高崎市","元島名町"],"3702116":[10,"多野郡吉井町","多胡"],"3702627":[10,"甘楽郡下仁田町","西野牧"],"3700331":[10,"太田市","新田赤堀町"],"3702133":[10,"多野郡吉井町","吉井川"],"3703402":[10,"高崎市","倉渕町三ノ倉"],"3702203":[10,"甘楽郡甘楽町","轟"],"3700846":[10,"高崎市","下和田町"],"3702105":[10,"多野郡吉井町","中島"],"3700705":[10,"邑楽郡明和町","千津井"],"3700813":[10,"高崎市","本町"],"3701505":[10,"多野郡神流町","森戸"],"3700072":[10,"高崎市","大八木町"],"3702802":[10,"甘楽郡南牧村","小沢"],"3700123":[10,"伊勢崎市","境東"],"3700332":[10,"太田市","新田中江田町"],"3700873":[10,"高崎市","下豊岡町"],"3703405":[10,"高崎市","倉渕町川浦"],"3703501":[10,"北群馬郡榛東村","長岡"],"3700883":[10,"高崎市","剣崎町"],"3700333":[10,"太田市","新田下江田町"],"3703114":[10,"高崎市","箕郷町金敷平"],"3700535":[10,"邑楽郡大泉町","寄木戸"],"3708686":[13,"多摩市","落合","１丁目３４"],"3702300":[10,"富岡市",""],"3703338":[10,"高崎市","宮沢町"],"3700051":[10,"高崎市","弓町"],"3700059":[10,"高崎市","椿町"],"3700035":[10,"高崎市","柴崎町"],"3708666":[10,"高崎市","高松町","３"],"3700046":[10,"高崎市","江木町"],"3703593":[10,"北群馬郡榛東村","大字山子田","１２５８－１"],"3700521":[10,"邑楽郡大泉町","住吉"],"3703573":[10,"前橋市","青梨子町"],"3701131":[10,"佐波郡玉村町","斉田"],"3703602":[10,"北群馬郡吉岡町","大久保"],"3700000":[10,"高崎市",""],"3700415":[10,"太田市","南ケ丘町"],"3700851":[10,"高崎市","上中居町"],"3700312":[10,"太田市","新田村田町"],"3702462":[10,"富岡市","下丹生"],"3701114":[10,"佐波郡玉村町","小泉"],"3701192":[10,"佐波郡玉村町","大字下新田","２０１"],"3708567":[10,"高崎市","栄町","１０－１"],"3703105":[10,"高崎市","箕郷町西明屋"],"3700023":[10,"高崎市","中島町"],"3701612":[10,"多野郡上野村","野栗沢"],"3703505":[10,"北群馬郡榛東村","上野原"],"3700083":[10,"高崎市","南新波町"],"3703523":[10,"高崎市","福島町"],"3703608":[10,"北群馬郡吉岡町","下野田"],"3700402":[10,"太田市","阿久津町"],"3700832":[10,"高崎市","砂賀町"],"3701514":[10,"多野郡神流町","塩沢"],"3701406":[10,"藤岡市","浄法寺"],"3700112":[10,"伊勢崎市","境西今井"],"3700822":[10,"高崎市","寄合町"],"3700122":[10,"伊勢崎市","境栄"],"3702331":[10,"富岡市","内匠"],"3700795":[10,"邑楽郡明和町","新里","２５０－１"],"3703533":[10,"高崎市","保渡田町"],"3700421":[10,"太田市","粕川町"],"3703346":[10,"高崎市","上室田町"],"3700706":[10,"邑楽郡明和町","江口"],"3701513":[10,"多野郡神流町","小平"],"3700403":[10,"太田市","岩松町"],"3702122":[10,"多野郡吉井町","高"],"3702333":[10,"富岡市","中高瀬"],"3700802":[10,"高崎市","並榎町"],"3700073":[10,"高崎市","緑町"],"3700355":[10,"太田市","新田権右衛門町"],"3703500":[10,"北群馬郡榛東村",""],"3701213":[10,"高崎市","山名町"],"3700615":[10,"邑楽郡邑楽町","篠塚"],"3700882":[10,"高崎市","金井淵町"],"3708501":[10,"高崎市","高松町","３５"],"3701193":[10,"佐波郡玉村町","大字上之手","１３９５－１"],"3701604":[10,"多野郡神流町","尾附"],"3700863":[10,"高崎市","聖石町"],"3700801":[10,"高崎市","上並榎町"],"3703534":[10,"高崎市","井出町"],"3700306":[10,"太田市","新田市野倉町"],"3700022":[10,"高崎市","宿横手町"],"3702132":[10,"多野郡吉井町","吉井"],"3701134":[10,"佐波郡玉村町","与六分"],"3700518":[10,"邑楽郡大泉町","城之内"],"3702204":[10,"甘楽郡甘楽町","秋畑"],"3700067":[10,"高崎市","請地町"],"3703345":[10,"高崎市","上里見町"],"3701135":[10,"佐波郡玉村町","板井"],"3700132":[10,"伊勢崎市","境平塚"],"3703331":[10,"高崎市","十文字町"],"3702411":[10,"富岡市","妙義町上高田"],"3700871":[10,"高崎市","上豊岡町"],"3702114":[10,"多野郡吉井町","石神"],"3700495":[10,"太田市","粕川町","５２０"],"3701611":[10,"多野郡上野村","新羽"],"3703574":[10,"前橋市","清野町"],"3702317":[10,"富岡市","上高尾"],"3700414":[10,"太田市","堀口町"],"3702192":[10,"多野郡吉井町","大字吉井","３７１"],"3701207":[10,"高崎市","綿貫町"],"3700124":[10,"伊勢崎市","境"],"3702301":[10,"富岡市","桑原"],"3703117":[10,"高崎市","箕郷町白川"],"3702803":[10,"甘楽郡南牧村","千原"],"3703592":[10,"高崎市","足門町","１６５８"],"3703111":[10,"高崎市","箕郷町中野"],"3703392":[10,"高崎市","下室田町","９００－１"],"3703104":[10,"高崎市","箕郷町上芝"],"3700313":[10,"太田市","新田反町町"],"3700351":[10,"太田市","新田大町"],"3700503":[10,"邑楽郡千代田町","赤岩"],"3702616":[10,"甘楽郡下仁田町","下郷"],"3700036":[10,"高崎市","南大類町"],"3701115":[10,"佐波郡玉村町","五料"],"3701196":[10,"佐波郡玉村町","大字川井","１７９６－１"],"3700311":[10,"太田市","新田瑞木町"],"3700598":[10,"邑楽郡千代田町","大字赤岩","１８９５－１"],"3701206":[10,"高崎市","台新田町"],"3702128":[10,"多野郡吉井町","本郷"],"3700015":[10,"高崎市","島野町"],"3700111":[10,"伊勢崎市","境上矢島"],"3702100":[10,"多野郡吉井町",""],"3702111":[10,"多野郡吉井町","小串"],"3701105":[10,"佐波郡玉村町","福島"],"3700045":[10,"高崎市","東町"],"3700086":[10,"高崎市","沖町"],"3700831":[10,"高崎市","あら町"],"3703601":[10,"北群馬郡吉岡町","漆原"],"3703504":[10,"北群馬郡榛東村","広馬場"],"3700427":[10,"太田市","小角田町"],"3702626":[10,"甘楽郡下仁田町","南野牧"],"3701111":[10,"佐波郡玉村町","南玉"],"3703603":[10,"北群馬郡吉岡町","陣場"]}
