{"3510032":[11,"朝霞市","田島"],"3510004":[11,"朝霞市","根岸"],"3510035":[11,"朝霞市","朝志ケ丘"],"3510014":[11,"朝霞市","膝折町"],"3510114":[11,"和光市","本町"],"3510006":[11,"朝霞市","仲町"],"3510034":[11,"朝霞市","西原"],"3510024":[11,"朝霞市","泉水"],"3510033":[11,"朝霞市","浜崎"],"3510036":[11,"朝霞市","北原"],"3510025":[11,"朝霞市","三原"],"3510193":[11,"和光市","中央","１丁目４－１"],"3518501":[11,"朝霞市","本町","１丁目１－１"],"3518551":[11,"朝霞市","西弁財","１丁目８番１０号"],"3510012":[11,"朝霞市","栄町"],"3518510":[11,"朝霞市","岡","２丁目１１－１０"],"3510194":[11,"和光市","南","２丁目３－８"],"3510023":[11,"朝霞市","溝沼"],"3510111":[11,"和光市","下新倉"],"3510116":[11,"和光市","松ノ木島町"],"3518511":[11,"朝霞市","根岸台","３丁目１５－１"],"3510000":[11,"朝霞市",""],"3510100":[11,"和光市",""],"3510196":[11,"和光市","南","２丁目３番５号"],"3518508":[11,"朝霞市","北原","２丁目１４番１２号"],"3510104":[11,"和光市","南"],"3510016":[11,"朝霞市","青葉台"],"3510002":[11,"朝霞市","下内間木"],"3510013":[11,"朝霞市","膝折"],"3510188":[11,"和光市","本町","８－１"],"3510115":[11,"和光市","新倉"],"3518586":[11,"朝霞市","膝折町","２丁目１５－１１"],"3510005":[11,"朝霞市","根岸台"],"3510192":[11,"和光市","広沢","１－５"],"3518601":[11,"朝霞市","大字溝沼","１８９０－９"],"3510101":[11,"和光市","白子"],"3510003":[11,"朝霞市","台"],"3510103":[11,"和光市","諏訪原団地"],"3510198":[11,"和光市","広沢","２－１"],"3510011":[11,"朝霞市","本町"],"3510197":[11,"和光市","南","２丁目３－６"],"3518520":[11,"朝霞市","西原","１丁目３－３須田ビル３Ｆ"],"3518585":[11,"朝霞市","泉水","３丁目１１－４６"],"3510001":[11,"朝霞市","上内間木"],"3510106":[11,"和光市","広沢"],"3510112":[11,"和光市","丸山台"],"3510105":[11,"和光市","西大和団地"],"3510113":[11,"和光市","中央"],"3510015":[11,"朝霞市","幸町"],"3518560":[11,"朝霞市","大字浜崎","５１番地の１"],"3510031":[11,"朝霞市","宮戸"],"3510007":[11,"朝霞市","岡"],"3510021":[11,"朝霞市","西弁財"],"3510102":[11,"和光市","諏訪"],"3510022":[11,"朝霞市","東弁財"]}
