{"2280829":[14,"相模原市","北里"],"2280001":[14,"座間市","相模が丘"],"2288588":[14,"相模原市","相模大野","６丁目６－６"],"2280823":[14,"相模原市","相武台団地"],"2288540":[14,"座間市","入谷","３丁目１７０７－１６星野ハイツＣ１０２号"],"2288533":[14,"相模原市","文京","２丁目１－１"],"2280015":[14,"座間市","南栗原"],"2280812":[14,"相模原市","相南"],"2288567":[14,"座間市","東原","５丁目１－１１"],"2280826":[14,"相模原市","新戸"],"2280801":[14,"相模原市","鵜野森"],"2280806":[14,"相模原市","栄町"],"2288570":[14,"座間市","相武台","２丁目２１５"],"2288520":[14,"相模原市","麻溝台","２丁目１－１"],"2288566":[14,"座間市","緑ケ丘","１丁目１－１"],"2280012":[14,"座間市","広野台"],"2280004":[14,"座間市","東原"],"2280803":[14,"相模原市","相模大野"],"2280817":[14,"相模原市","御園"],"2288502":[14,"座間市","広野台","２丁目１０－１"],"2280002":[14,"座間市","小松原"],"2280014":[14,"座間市","栗原中央"],"2280811":[14,"相模原市","東林間"],"2280024":[14,"座間市","入谷"],"2280026":[14,"座間市","新田宿"],"2288551":[14,"相模原市","相模大野","４丁目４－３"],"2280813":[14,"相模原市","松が枝町"],"2280828":[14,"相模原市","麻溝台"],"2288510":[14,"座間市","相武台","２丁目２６８"],"2280821":[14,"相模原市","相模台"],"2280021":[14,"座間市","緑ケ丘"],"2280824":[14,"相模原市","相武台"],"2280005":[14,"座間市","さがみ野"],"2280016":[14,"座間市","西栗原"],"2280022":[14,"座間市","明王"],"2288515":[14,"相模原市","相南","３丁目３３－１"],"2288583":[14,"座間市","東原","５丁目１－８３"],"2280822":[14,"相模原市","相模台団地"],"2280802":[14,"相模原市","上鶴間"],"2288538":[14,"相模原市","麻溝台","１９００"],"2280807":[14,"相模原市","文京"],"2280814":[14,"相模原市","南台"],"2280025":[14,"座間市","四ツ谷"],"2280827":[14,"相模原市","磯部"],"2288577":[14,"座間市","小松原","１丁目３９－７"],"2280023":[14,"座間市","立野台"],"2280000":[14,"座間市",""],"2288558":[14,"座間市","ひばりが丘","４丁目２１－１"],"2288555":[14,"相模原市","北里","１丁目１５－１"],"2280815":[14,"相模原市","桜台"],"2280804":[14,"相模原市","旭町"],"2280011":[14,"座間市","相武台"],"2280818":[14,"相模原市","上鶴間本町"],"2288522":[14,"相模原市","桜台","１８－１"],"2280805":[14,"相模原市","豊町"],"2288550":[14,"相模原市","相模大野","３丁目９－１"],"2280003":[14,"座間市","ひばりが丘"],"2280013":[14,"座間市","栗原"],"2288701":[14,"相模原市","相模大野","６丁目３－１"],"2288539":[14,"座間市","座間","２丁目２８５９"],"2288585":[14,"相模原市","上鶴間","７丁目９－１"],"2280816":[14,"相模原市","双葉"],"2280027":[14,"座間市","座間"],"2280825":[14,"相模原市","新磯野"]}
