{"1068011":[13,"港区","六本木","３丁目１６－３５"],"1066111":[13,"港区","六本木六本木ヒルズ森タワー"],"1068571":[13,"港区","南麻布","２丁目７－１"],"1068587":[13,"港区","南麻布","１丁目６－３０"],"1068544":[13,"港区","六本木","７丁目１０－２０"],"1066008":[13,"港区","六本木泉ガーデンタワー"],"1068677":[13,"港区","六本木","７丁目２２－１"],"1068618":[13,"港区","西麻布","４丁目１７－３０"],"1068616":[13,"港区","西麻布","２丁目２４－１１麻布ウエストビル"],"1066017":[13,"港区","六本木泉ガーデンタワー"],"1066124":[13,"港区","六本木六本木ヒルズ森タワー"],"1068039":[13,"港区","麻布台","２丁目２－１"],"1068685":[13,"港区","西麻布","４丁目１２－２４"],"1068580":[13,"港区","南麻布","５丁目６－８"],"1066045":[13,"港区","六本木泉ガーデンタワー"],"1066012":[13,"港区","六本木泉ガーデンタワー"],"1066126":[13,"港区","六本木六本木ヒルズ森タワー"],"1066101":[13,"港区","六本木六本木ヒルズ森タワー"],"1066123":[13,"港区","六本木六本木ヒルズ森タワー"],"1066006":[13,"港区","六本木泉ガーデンタワー"],"1068401":[13,"港区","六本木","６丁目１１－１"],"1068552":[13,"港区","六本木","６丁目２－３１六本木ヒルズノースタワー１２階"],"1068566":[13,"港区","南麻布","１丁目６－１５"],"1066128":[13,"港区","六本木六本木ヒルズ森タワー"],"1068668":[13,"港区","西麻布","３丁目８－１"],"1066150":[13,"港区","六本木六本木ヒルズ森タワー"],"1066121":[13,"港区","六本木六本木ヒルズ森タワー"],"1066134":[13,"港区","六本木六本木ヒルズ森タワー"],"1068649":[13,"港区","麻布台","２丁目１－２"],"1068518":[13,"港区","六本木","７丁目２－７"],"1066036":[13,"港区","六本木泉ガーデンタワー"],"1066034":[13,"港区","六本木泉ガーデンタワー"],"1066108":[13,"港区","六本木六本木ヒルズ森タワー"],"1066131":[13,"港区","六本木六本木ヒルズ森タワー"],"1066066":[13,"港区","六本木","１丁目６－１泉ガーデンタワー１０Ｆ"],"1060043":[13,"港区","麻布永坂町"],"1068608":[13,"港区","西麻布","３丁目１９－１８"],"1068639":[13,"港区","麻布台","２丁目２－１"],"1066140":[13,"港区","六本木六本木ヒルズ森タワー"],"1066020":[13,"港区","六本木泉ガーデンタワー"],"1060046":[13,"港区","元麻布"],"1066014":[13,"港区","六本木泉ガーデンタワー"],"1066023":[13,"港区","六本木泉ガーデンタワー"],"1066037":[13,"港区","六本木泉ガーデンタワー"],"1066044":[13,"港区","六本木泉ガーデンタワー"],"1066119":[13,"港区","六本木六本木ヒルズ森タワー"],"1068640":[13,"港区","西麻布","１丁目２－７"],"1068561":[13,"港区","南麻布","３丁目５－３９"],"1066152":[13,"港区","六本木六本木ヒルズ森タワー"],"1068522":[13,"港区","六本木","５丁目５－１ロアビル８Ｆ"],"1068556":[13,"港区","六本木","７丁目１８－１２"],"1066143":[13,"港区","六本木六本木ヒルズ森タワー"],"1068641":[13,"港区","麻布台","２丁目４－７"],"1068655":[13,"港区","東麻布","２丁目３－４"],"1066002":[13,"港区","六本木泉ガーデンタワー"],"1060031":[13,"港区","西麻布"],"1066026":[13,"港区","六本木泉ガーデンタワー"],"1066149":[13,"港区","六本木六本木ヒルズ森タワー"],"1066010":[13,"港区","六本木泉ガーデンタワー"],"1066147":[13,"港区","六本木六本木ヒルズ森タワー"],"1066138":[13,"港区","六本木六本木ヒルズ森タワー"],"1066117":[13,"港区","六本木六本木ヒルズ森タワー"],"1066032":[13,"港区","六本木泉ガーデンタワー"],"1066115":[13,"港区","六本木六本木ヒルズ森タワー"],"1066144":[13,"港区","六本木六本木ヒルズ森タワー"],"1066016":[13,"港区","六本木泉ガーデンタワー"],"1068532":[13,"港区","六本木","５丁目５－１"],"1068645":[13,"港区","麻布台","１丁目１１－９ダヴィンチ神谷町６Ｆ"],"1068515":[13,"港区","六本木","５丁目１６－４５"],"1066029":[13,"港区","六本木泉ガーデンタワー"],"1066137":[13,"港区","六本木六本木ヒルズ森タワー"],"1066146":[13,"港区","六本木六本木ヒルズ森タワー"],"1066007":[13,"港区","六本木泉ガーデンタワー"],"1068576":[13,"港区","南麻布","２丁目７－２４"],"1068578":[13,"港区","南麻布","１丁目６－１８"],"1066028":[13,"港区","六本木泉ガーデンタワー"],"1066113":[13,"港区","六本木六本木ヒルズ森タワー"],"1068585":[13,"港区","南麻布","１丁目７－３２"],"1066107":[13,"港区","六本木六本木ヒルズ森タワー"],"1068626":[13,"港区","西麻布","１丁目１４－２疋田ビル３０２号"],"1066042":[13,"港区","六本木泉ガーデンタワー"],"1066005":[13,"港区","六本木泉ガーデンタワー"],"1066151":[13,"港区","六本木六本木ヒルズ森タワー"],"1068551":[13,"港区","六本木","５丁目１６－２０"],"1066154":[13,"港区","六本木六本木ヒルズ森タワー"],"1066120":[13,"港区","六本木六本木ヒルズ森タワー"],"1066105":[13,"港区","六本木六本木ヒルズ森タワー"],"1068569":[13,"港区","南麻布","４丁目６－７"],"1066011":[13,"港区","六本木泉ガーデンタワー"],"1068711":[13,"港区","六本木","３丁目２－１２"],"1066104":[13,"港区","六本木六本木ヒルズ森タワー"],"1066009":[13,"港区","六本木泉ガーデンタワー"],"1068553":[13,"港区","六本木","６丁目１－２４"],"1068535":[13,"港区","六本木","１丁目９－９六本木ファーストビル"],"1060045":[13,"港区","麻布十番"],"1066125":[13,"港区","六本木六本木ヒルズ森タワー"],"1068563":[13,"港区","南麻布","５丁目１０－２５"],"1068550":[13,"港区","六本木","６丁目２－３１"],"1066110":[13,"港区","六本木六本木ヒルズ森タワー"],"1068629":[13,"港区","西麻布","４丁目１６－１３"],"1068565":[13,"港区","六本木","１丁目４－３３六本木２１森ビル"],"1066109":[13,"港区","六本木六本木ヒルズ森タワー"],"1066030":[13,"港区","六本木泉ガーデンタワー"],"1068625":[13,"港区","西麻布","４丁目１６－１３"],"1068567":[13,"港区","南麻布","１丁目１８－４"],"1068665":[13,"港区","元麻布","２丁目１－２０２Ｆ"],"1068510":[13,"港区","六本木","１丁目４－３０"],"1068555":[13,"港区","六本木","７丁目２２－３４"],"1068588":[13,"港区","南麻布","２丁目１３－１９"],"1068661":[13,"港区","元麻布","３丁目８－４"],"1066033":[13,"港区","六本木泉ガーデンタワー"],"1066129":[13,"港区","六本木六本木ヒルズ森タワー"],"1066135":[13,"港区","六本木六本木ヒルズ森タワー"],"1066116":[13,"港区","六本木六本木ヒルズ森タワー"],"1068559":[13,"港区","六本木","３丁目１５－２０"],"1068630":[13,"港区","西麻布","３丁目３－５"],"1066106":[13,"港区","六本木六本木ヒルズ森タワー"],"1066122":[13,"港区","六本木六本木ヒルズ森タワー"],"1066153":[13,"港区","六本木六本木ヒルズ森タワー"],"1066118":[13,"港区","六本木六本木ヒルズ森タワー"],"1066139":[13,"港区","六本木六本木ヒルズ森タワー"],"1066040":[13,"港区","六本木泉ガーデンタワー"],"1066132":[13,"港区","六本木六本木ヒルズ森タワー"],"1066190":[13,"港区","六本木六本木ヒルズ森タワー"],"1066018":[13,"港区","六本木泉ガーデンタワー"],"1068514":[13,"港区","南麻布","４丁目１１－４４"],"1066130":[13,"港区","六本木六本木ヒルズ森タワー"],"1060042":[13,"港区","麻布狸穴町"],"1066038":[13,"港区","六本木泉ガーデンタワー"],"1066188":[13,"港区","六本木","６丁目１０－１六本木ヒルズ森タワー"],"1068620":[13,"港区","西麻布","２丁目２６－３０"],"1068636":[13,"港区","麻布台","２丁目４－９"],"1068541":[13,"港区","六本木","６丁目７－６"],"1066103":[13,"港区","六本木六本木ヒルズ森タワー"],"1066013":[13,"港区","六本木泉ガーデンタワー"],"1066060":[13,"港区","六本木","１丁目６－１泉ガーデンタワー１０Ｆ"],"1066041":[13,"港区","六本木泉ガーデンタワー"],"1066035":[13,"港区","六本木泉ガーデンタワー"],"1066141":[13,"港区","六本木六本木ヒルズ森タワー"],"1068558":[13,"港区","六本木","７丁目２２－２"],"1068642":[13,"港区","麻布台","１丁目１１－９"],"1060041":[13,"港区","麻布台"],"1068648":[13,"港区","麻布台","３丁目５－７"],"1060047":[13,"港区","南麻布"],"1066024":[13,"港区","六本木泉ガーデンタワー"],"1066004":[13,"港区","六本木泉ガーデンタワー"],"1068644":[13,"港区","麻布台","１丁目７－８"],"1068681":[13,"江戸川区","春江町","２丁目３１－１５"],"1066114":[13,"港区","六本木六本木ヒルズ森タワー"],"1066021":[13,"港区","六本木泉ガーデンタワー"],"1068652":[13,"港区","東麻布","１丁目１０－１０"],"1066027":[13,"港区","六本木泉ガーデンタワー"],"1066133":[13,"港区","六本木六本木ヒルズ森タワー"],"1066142":[13,"港区","六本木六本木ヒルズ森タワー"],"1066148":[13,"港区","六本木六本木ヒルズ森タワー"],"1066145":[13,"港区","六本木六本木ヒルズ森タワー"],"1066025":[13,"港区","六本木泉ガーデンタワー"],"1068611":[13,"港区","西麻布","２丁目２５－１８麻布パレスビル"],"1066127":[13,"港区","六本木六本木ヒルズ森タワー"],"1066161":[13,"港区","六本木","６丁目１０－１六本木ヒルズ森タワー２２Ｆ"],"1068797":[13,"港区","麻布台","１丁目６－１９"],"1068508":[13,"港区","六本木","１丁目４－３０"],"1068601":[13,"港区","西麻布","３丁目２－６"],"1066001":[13,"港区","六本木泉ガーデンタワー"],"1060044":[13,"港区","東麻布"],"1068577":[13,"港区","南麻布","１丁目２－５"],"1060032":[13,"港区","六本木"],"1068589":[13,"港区","南麻布","５丁目９－１２"],"1066031":[13,"港区","六本木泉ガーデンタワー"],"1068545":[13,"港区","六本木","７丁目１５－２６"],"1068543":[13,"港区","六本木","６丁目８－１４ＰＡＴＡＴＡ六本木２０２"],"1066090":[13,"港区","六本木泉ガーデンタワー"],"1066003":[13,"港区","六本木泉ガーデンタワー"],"1066022":[13,"港区","六本木泉ガーデンタワー"],"1068573":[13,"港区","南麻布","３丁目２０－１"],"1066019":[13,"港区","六本木泉ガーデンタワー"],"1068001":[13,"港区","六本木","１丁目１－１"],"1066039":[13,"港区","六本木泉ガーデンタワー"],"1068521":[13,"港区","六本木","５丁目２－１"],"1066102":[13,"港区","六本木六本木ヒルズ森タワー"],"1066112":[13,"港区","六本木六本木ヒルズ森タワー"],"1068581":[13,"港区","南麻布","２丁目１０－２１"],"1066043":[13,"港区","六本木泉ガーデンタワー"],"1066136":[13,"港区","六本木六本木ヒルズ森タワー"],"1066015":[13,"港区","六本木泉ガーデンタワー"]}
