{"2591214":[14,"平塚市","飯島"],"2590300":[14,"足柄下郡湯河原町",""],"2591311":[14,"秦野市","弥生町"],"2590317":[14,"足柄下郡湯河原町","福浦鍛冶屋"],"2591212":[14,"平塚市","岡崎"],"2590157":[14,"足柄上郡中井町","境"],"2591201":[14,"平塚市","南金目"],"2591219":[14,"平塚市","広川"],"2591325":[14,"秦野市","萩が丘"],"2591315":[14,"秦野市","柳町"],"2590101":[14,"中郡大磯町","寺坂"],"2591203":[14,"平塚市","下吉沢"],"2591146":[14,"伊勢原市","鈴川"],"2591396":[14,"秦野市","堀山下","１"],"2590311":[14,"足柄下郡湯河原町","福浦"],"2591204":[14,"平塚市","上吉沢"],"2591307":[14,"秦野市","横野"],"2590112":[14,"中郡大磯町","国府新宿"],"2590153":[14,"足柄上郡中井町","比奈窪"],"2591333":[14,"秦野市","八沢"],"2590122":[14,"中郡二宮町","富士見が丘"],"2590147":[14,"足柄上郡中井町","鴨沢"],"2590143":[14,"足柄上郡中井町","北田"],"2591392":[14,"秦野市","堀山下","１"],"2590201":[14,"足柄下郡真鶴町","真鶴"],"2591303":[14,"秦野市","三屋"],"2591292":[14,"平塚市","北金目","１１１７"],"2591101":[14,"伊勢原市","日向"],"2590146":[14,"足柄上郡中井町","古怒田"],"2590104":[14,"中郡大磯町","西久保"],"2590125":[14,"中郡二宮町","川匂"],"2591105":[14,"伊勢原市","大住台"],"2591137":[14,"伊勢原市","笠窪"],"2590313":[14,"足柄下郡湯河原町","鍛冶屋"],"2591301":[14,"秦野市","羽根"],"2591147":[14,"伊勢原市","白根"],"2591141":[14,"伊勢原市","上粕屋"],"2590192":[14,"足柄上郡中井町","久所","３００"],"2591128":[14,"伊勢原市","歌川"],"2591112":[14,"伊勢原市","東富岡"],"2591144":[14,"伊勢原市","池端"],"2591134":[14,"伊勢原市","八幡台"],"2590144":[14,"足柄上郡中井町","半分形"],"2591132":[14,"伊勢原市","桜台"],"2591334":[14,"秦野市","柳川"],"2590156":[14,"足柄上郡中井町","境別所"],"2591305":[14,"秦野市","堀川"],"2591143":[14,"伊勢原市","下糟屋"],"2590193":[14,"中郡大磯町","国府本郷","５４６"],"2590318":[14,"足柄下郡湯河原町","吉浜福浦"],"2590141":[14,"足柄上郡中井町","遠藤"],"2590303":[14,"足柄下郡湯河原町","土肥"],"2591322":[14,"秦野市","渋沢"],"2591192":[14,"伊勢原市","板戸","８０"],"2591313":[14,"秦野市","松原町"],"2591121":[14,"伊勢原市","下落合"],"2590148":[14,"足柄上郡中井町","雑色"],"2591102":[14,"伊勢原市","子易"],"2590132":[14,"中郡二宮町","緑が丘"],"2590114":[14,"中郡大磯町","月京"],"2591185":[14,"伊勢原市","見附島","４１１"],"2590100":[14,"中郡二宮町",""],"2591115":[14,"伊勢原市","高森台"],"2590123":[14,"中郡二宮町","二宮"],"2591326":[14,"秦野市","渋沢上"],"2590392":[14,"足柄下郡湯河原町","中央","２丁目２－１"],"2591196":[14,"伊勢原市","石田","２００"],"2591123":[14,"伊勢原市","下谷"],"2590102":[14,"中郡大磯町","生沢"],"2590314":[14,"足柄下郡湯河原町","宮上"],"2590134":[14,"中郡二宮町","一色"],"2590302":[14,"足柄下郡湯河原町","門川"],"2591324":[14,"秦野市","千村"],"2591332":[14,"秦野市","菖蒲"],"2590316":[14,"足柄下郡湯河原町","福浦吉浜"],"2591103":[14,"伊勢原市","三ノ宮"],"2591302":[14,"秦野市","菩提"],"2590200":[14,"足柄下郡真鶴町",""],"2591117":[14,"伊勢原市","東成瀬"],"2591100":[14,"伊勢原市",""],"2591207":[14,"平塚市","北金目"],"2591198":[14,"伊勢原市","鈴川","６"],"2591126":[14,"伊勢原市","沼目"],"2591145":[14,"伊勢原市","板戸"],"2591114":[14,"伊勢原市","高森"],"2590103":[14,"中郡大磯町","虫窪"],"2590196":[14,"中郡二宮町","二宮","９６１"],"2591211":[14,"平塚市","ふじみ野"],"2591213":[14,"平塚市","片岡"],"2591216":[14,"平塚市","入野"],"2591106":[14,"伊勢原市","善波"],"2591188":[14,"伊勢原市","田中","３４８"],"2591122":[14,"伊勢原市","小稲葉"],"2591316":[14,"秦野市","沼代新町"],"2591205":[14,"平塚市","土屋"],"2590133":[14,"中郡二宮町","百合が丘"],"2590154":[14,"足柄上郡中井町","岩倉"],"2591218":[14,"平塚市","入部"],"2590124":[14,"中郡二宮町","山西"],"2590396":[14,"足柄下郡湯河原町","宮上","４３８"],"2591113":[14,"伊勢原市","粟窪"],"2591104":[14,"伊勢原市","坪ノ内"],"2591215":[14,"平塚市","寺田縄"],"2590145":[14,"足柄上郡中井町","田中"],"2591131":[14,"伊勢原市","伊勢原"],"2591306":[14,"秦野市","戸川"],"2591127":[14,"伊勢原市","上谷"],"2591116":[14,"伊勢原市","石田"],"2591321":[14,"秦野市","曲松"],"2590312":[14,"足柄下郡湯河原町","吉浜"],"2591111":[14,"伊勢原市","西富岡"],"2591142":[14,"伊勢原市","田中"],"2590152":[14,"足柄上郡中井町","藤沢"],"2591197":[14,"伊勢原市","上粕屋","１５７３"],"2591138":[14,"伊勢原市","神戸"],"2591202":[14,"平塚市","千須谷"],"2590197":[14,"足柄上郡中井町","比奈窪","５６"],"2591133":[14,"伊勢原市","東大竹"],"2591107":[14,"伊勢原市","大山"],"2590393":[14,"足柄下郡湯河原町","土肥","１丁目１５－４"],"2591124":[14,"伊勢原市","上平間"],"2591193":[14,"伊勢原市","下糟屋","１４３"],"2590113":[14,"中郡大磯町","石神台"],"2590198":[14,"中郡大磯町","月京","２１－１"],"2590121":[14,"中郡二宮町","松根"],"2590202":[14,"足柄下郡真鶴町","岩"],"2590304":[14,"足柄下郡湯河原町","宮下"],"2590142":[14,"足柄上郡中井町","久所"],"2590151":[14,"足柄上郡中井町","井ノ口"],"2591314":[14,"秦野市","若松町"],"2590111":[14,"中郡大磯町","国府本郷"],"2591323":[14,"秦野市","栃窪"],"2591293":[14,"平塚市","土屋","２９４６"],"2591118":[14,"伊勢原市","見附島"],"2590305":[14,"足柄下郡湯河原町","城堀"],"2590395":[14,"足柄下郡湯河原町","吉浜","１８５５"],"2591331":[14,"秦野市","堀西"],"2591136":[14,"伊勢原市","串橋"],"2591195":[14,"伊勢原市","鈴川","５４"],"2590301":[14,"足柄下郡湯河原町","中央"],"2591304":[14,"秦野市","堀山下"],"2591135":[14,"伊勢原市","岡崎"],"2591312":[14,"秦野市","春日町"],"2591206":[14,"平塚市","真田"],"2591335":[14,"秦野市","三廻部"],"2591317":[14,"秦野市","並木町"],"2591217":[14,"平塚市","長持"],"2590131":[14,"中郡二宮町","中里"],"2591220":[14,"平塚市","めぐみが丘"],"2591125":[14,"伊勢原市","下平間"],"2590105":[14,"中郡大磯町","黒岩"],"2590194":[14,"足柄上郡中井町","藤沢","４５４番地"],"2590155":[14,"足柄上郡中井町","松本"]}
