{"2270052":[14,"横浜市青葉区","梅が丘"],"2270045":[14,"横浜市青葉区","若草台"],"2270000":[14,"横浜市青葉区",""],"2270063":[14,"横浜市青葉区","榎が丘"],"2278501":[14,"横浜市青葉区","藤が丘","１丁目３０"],"2270036":[14,"横浜市青葉区","奈良町"],"2270044":[14,"横浜市青葉区","もえぎ野"],"2270053":[14,"横浜市青葉区","さつきが丘"],"2270047":[14,"横浜市青葉区","みたけ台"],"2270032":[14,"横浜市青葉区","成合町"],"2270062":[14,"横浜市青葉区","青葉台"],"2270035":[14,"横浜市青葉区","すみよし台"],"2270064":[14,"横浜市青葉区","田奈町"],"2270038":[14,"横浜市青葉区","奈良"],"2270066":[14,"横浜市青葉区","あかね台"],"2270041":[14,"横浜市青葉区","上谷本町"],"2270048":[14,"横浜市青葉区","柿の木台"],"2270054":[14,"横浜市青葉区","しらとり台"],"2270065":[14,"横浜市青葉区","恩田町"],"2270033":[14,"横浜市青葉区","鴨志田町"],"2278518":[14,"横浜市青葉区","藤が丘","２丁目１－１"],"2278505":[14,"横浜市青葉区","藤が丘","２丁目９－１"],"2278512":[14,"横浜市青葉区","梅が丘","６－２"],"2278540":[14,"横浜市青葉区","恩田町","７０４"],"2270051":[14,"横浜市青葉区","千草台"],"2270037":[14,"横浜市青葉区","緑山"],"2270031":[14,"横浜市青葉区","寺家町"],"2278522":[14,"横浜市青葉区","さつきが丘","８－８０"],"2270042":[14,"横浜市青葉区","下谷本町"],"2270043":[14,"横浜市青葉区","藤が丘"],"2278508":[14,"横浜市青葉区","しらとり台","３４－１３"],"2270067":[14,"横浜市青葉区","松風台"],"2270055":[14,"横浜市青葉区","つつじが丘"],"2270046":[14,"横浜市青葉区","たちばな台"],"2270061":[14,"横浜市青葉区","桜台"],"2278502":[14,"横浜市青葉区","鴨志田町","１０００"],"2270034":[14,"横浜市青葉区","桂台"]}
