{"0030875":[1,"札幌市白石区","米里五条"],"0030803":[1,"札幌市白石区","菊水三条"],"0038705":[1,"札幌市白石区","本通","８丁目南１番３７号"],"0038505":[1,"札幌市白石区","菊水九条","１丁目"],"0038610":[1,"札幌市白石区","平和通","１５丁目北１番２１号"],"0030852":[1,"札幌市白石区","川北二条"],"0030011":[1,"札幌市白石区","中央一条"],"0030028":[1,"札幌市白石区","平和通"],"0030824":[1,"札幌市白石区","菊水元町四条"],"0030851":[1,"札幌市白石区","川北一条"],"0030000":[1,"札幌市白石区",""],"0030807":[1,"札幌市白石区","菊水七条"],"0030871":[1,"札幌市白石区","米里一条"],"0030869":[1,"札幌市白石区","川下"],"0030006":[1,"札幌市白石区","東札幌六条"],"0038630":[1,"札幌市白石区","本通","２１丁目南１番１０号"],"0030023":[1,"札幌市白石区","南郷通"],"0030822":[1,"札幌市白石区","菊水元町二条"],"0038555":[1,"札幌市白石区","米里一条","３丁目５－１０"],"0030863":[1,"札幌市白石区","川下三条"],"0030872":[1,"札幌市白石区","米里二条"],"0030806":[1,"札幌市白石区","菊水六条"],"0030865":[1,"札幌市白石区","川下五条"],"0030874":[1,"札幌市白石区","米里四条"],"0038702":[1,"札幌市白石区","東札幌三条","１丁目２番３３"],"0030835":[1,"札幌市白石区","北郷五条"],"0038503":[1,"札幌市白石区","菊水三条","５丁目１番２号"],"0038567":[1,"札幌市白石区","中央二条","３丁目１番２３号"],"0030029":[1,"札幌市白石区","平和通"],"0030027":[1,"札幌市白石区","本通"],"0030001":[1,"札幌市白石区","東札幌一条"],"0038501":[1,"札幌市白石区","中央二条","１丁目１番９３号"],"0030830":[1,"札幌市白石区","菊水元町十条"],"0030837":[1,"札幌市白石区","北郷七条"],"0030873":[1,"札幌市白石区","米里三条"],"0030805":[1,"札幌市白石区","菊水五条"],"0030802":[1,"札幌市白石区","菊水二条"],"0030005":[1,"札幌市白石区","東札幌五条"],"0030012":[1,"札幌市白石区","中央二条"],"0030861":[1,"札幌市白石区","川下一条"],"0030849":[1,"札幌市白石区","北郷"],"0030839":[1,"札幌市白石区","北郷九条"],"0030025":[1,"札幌市白石区","本郷通"],"0030825":[1,"札幌市白石区","菊水元町五条"],"0038668":[1,"札幌市白石区","本通","１６丁目４－２５"],"0030823":[1,"札幌市白石区","菊水元町三条"],"0030833":[1,"札幌市白石区","北郷三条"],"0038640":[1,"札幌市白石区","本通","１８丁目南２番１７号"],"0030838":[1,"札幌市白石区","北郷八条"],"0038585":[1,"札幌市白石区","東札幌三条","３丁目７番３５号"],"0030004":[1,"札幌市白石区","東札幌四条"],"0038502":[1,"札幌市白石区","流通センター","１丁目３番４５号"],"0038510":[1,"札幌市白石区","菊水四条","１丁目９番２２号"],"0030804":[1,"札幌市白石区","菊水四条"],"0038504":[1,"札幌市白石区","菊水三条","１丁目８番２０号"],"0030813":[1,"札幌市白石区","菊水上町三条"],"0030862":[1,"札幌市白石区","川下二条"],"0030811":[1,"札幌市白石区","菊水上町一条"],"0030021":[1,"札幌市白石区","栄通"],"0038558":[1,"札幌市白石区","東札幌二条","６丁目８番１号"],"0030854":[1,"札幌市白石区","川北四条"],"0030821":[1,"札幌市白石区","菊水元町一条"],"0030855":[1,"札幌市白石区","川北五条"],"0030013":[1,"札幌市白石区","中央三条"],"0030003":[1,"札幌市白石区","東札幌三条"],"0038701":[1,"札幌市白石区","平和通","１６丁目南１番１号"],"0038631":[1,"札幌市白石区","南郷通","１５丁目北６番"],"0030826":[1,"札幌市白石区","菊水元町六条"],"0030801":[1,"札幌市白石区","菊水一条"],"0030834":[1,"札幌市白石区","北郷四条"],"0030859":[1,"札幌市白石区","川北"],"0038601":[1,"札幌市白石区","流通センター","４丁目５番１号"],"0030831":[1,"札幌市白石区","北郷一条"],"0038530":[1,"札幌市白石区","菊水一条","３丁目１番１号"],"0030836":[1,"札幌市白石区","北郷六条"],"0030828":[1,"札幌市白石区","菊水元町八条"],"0030026":[1,"札幌市白石区","本通"],"0038570":[1,"札幌市白石区","平和通","１６丁目北２番３２号"],"0030876":[1,"札幌市白石区","東米里"],"0030814":[1,"札幌市白石区","菊水上町四条"],"0038577":[1,"札幌市白石区","東札幌三条","６丁目１－４札幌白石第一生命ビル２Ｆ"],"0038515":[1,"札幌市白石区","菊水六条","３丁目１番２６号"],"0030808":[1,"札幌市白石区","菊水八条"],"0038639":[1,"札幌市白石区","流通センター","１丁目８番１号"],"0038531":[1,"札幌市白石区","菊水二条","１丁目８－２１"],"0038612":[1,"札幌市白石区","本郷通","３丁目北"],"0030829":[1,"札幌市白石区","菊水元町九条"],"0030812":[1,"札幌市白石区","菊水上町二条"],"0030022":[1,"札幌市白石区","南郷通"],"0030832":[1,"札幌市白石区","北郷二条"],"0038519":[1,"札幌市白石区","東札幌一条","１丁目１番７号"],"0030002":[1,"札幌市白石区","東札幌二条"],"0030827":[1,"札幌市白石区","菊水元町七条"],"0030853":[1,"札幌市白石区","川北三条"],"0030840":[1,"札幌市白石区","北郷十条"],"0030030":[1,"札幌市白石区","流通センター"],"0038588":[1,"札幌市白石区","菊水三条","４丁目２５"],"0030024":[1,"札幌市白石区","本郷通"],"0030864":[1,"札幌市白石区","川下四条"],"0030809":[1,"札幌市白石区","菊水九条"],"0038511":[1,"札幌市白石区","中央二条","７丁目１番３６号"]}
