{"1818551":[13,"三鷹市","野崎","１丁目１１－２２"],"1810000":[13,"三鷹市",""],"1810013":[13,"三鷹市","下連雀"],"1810001":[13,"三鷹市","井の頭"],"1818517":[13,"三鷹市","下連雀","４丁目１５－１８"],"1818601":[13,"三鷹市","北野","３丁目６－１１"],"1810011":[13,"三鷹市","井口"],"1810012":[13,"三鷹市","上連雀"],"1810002":[13,"三鷹市","牟礼"],"1818511":[13,"三鷹市","下連雀","８丁目７－２"],"1818614":[13,"三鷹市","新川","６丁目１７－３"],"1818503":[13,"三鷹市","下連雀","８丁目３－６"],"1810016":[13,"三鷹市","深大寺"],"1818571":[13,"三鷹市","大沢","６丁目１１－２５"],"1818515":[13,"三鷹市","下連雀","９丁目７－１"],"1818522":[13,"三鷹市","下連雀","８丁目７－２ＭＣＣ三鷹ビル東館２階"],"1810005":[13,"三鷹市","中原"],"1810003":[13,"三鷹市","北野"],"1818541":[13,"三鷹市","井口","２丁目５－３"],"1818505":[13,"三鷹市","下連雀","９丁目１１－７"],"1818588":[13,"三鷹市","大沢","２丁目２１－１"],"1810015":[13,"三鷹市","大沢"],"1818001":[13,"三鷹市","下連雀","７丁目５－１４"],"1818518":[13,"三鷹市","下連雀","６丁目１－３３"],"1818587":[13,"三鷹市","大沢","４丁目１０－１０"],"1818611":[13,"三鷹市","新川","６丁目２０－２"],"1818586":[13,"三鷹市","大沢","２丁目２０－３６"],"1818648":[13,"三鷹市","井の頭","５丁目８－３０"],"1810004":[13,"三鷹市","新川"],"1818622":[13,"三鷹市","牟礼","６丁目２２－１"],"1818633":[13,"三鷹市","中原","３丁目１４－１"],"1810014":[13,"三鷹市","野崎"],"1818535":[13,"三鷹市","上連雀","１丁目１２－１７"],"1818533":[13,"三鷹市","上連雀","１丁目１２－１７"],"1818520":[13,"三鷹市","下連雀","６丁目３－３"],"1818510":[13,"三鷹市","下連雀","５丁目１－１"],"1818528":[13,"三鷹市","下連雀","８丁目１０－１６"],"1818555":[13,"三鷹市","野崎","１丁目１－１"],"1818577":[13,"三鷹市","大沢","３丁目９－６"],"1818585":[13,"三鷹市","大沢","３丁目１０－２"],"1818531":[13,"三鷹市","上連雀","４丁目１４－１"],"1818521":[13,"三鷹市","下連雀","６丁目１１－２３"]}
