{"3560033":[11,"ふじみ野市","新田"],"3560045":[11,"ふじみ野市","鶴ケ岡"],"3568585":[11,"ふじみ野市","上福岡","１丁目１４－７"],"3560052":[11,"ふじみ野市","苗間"],"3560059":[11,"ふじみ野市","桜ケ丘"],"3560030":[11,"ふじみ野市","新駒林"],"3560017":[11,"ふじみ野市","上野台"],"3560025":[11,"ふじみ野市","仲"],"3560005":[11,"ふじみ野市","西"],"3560057":[11,"ふじみ野市","市沢"],"3560023":[11,"ふじみ野市","中ノ島"],"3560024":[11,"ふじみ野市","谷田"],"3560050":[11,"ふじみ野市","ふじみ野"],"3560020":[11,"ふじみ野市","水宮"],"3560003":[11,"ふじみ野市","大原"],"3560011":[11,"ふじみ野市","福岡"],"3560016":[11,"ふじみ野市","中丸"],"3560044":[11,"ふじみ野市","西鶴ケ岡"],"3560007":[11,"ふじみ野市","北野"],"3560031":[11,"ふじみ野市","福岡中央"],"3560055":[11,"ふじみ野市","旭"],"3560014":[11,"ふじみ野市","福岡新田"],"3568550":[11,"ふじみ野市","亀久保","１１５０"],"3560001":[11,"ふじみ野市","川崎"],"3560051":[11,"ふじみ野市","亀久保"],"3568533":[11,"ふじみ野市","亀久保","１１９６"],"3560004":[11,"ふじみ野市","上福岡"],"3560036":[11,"ふじみ野市","南台"],"3568567":[11,"ふじみ野市","鶴ケ岡","５丁目２－２"],"3560028":[11,"ふじみ野市","西原"],"3560021":[11,"ふじみ野市","上ノ原"],"3560012":[11,"ふじみ野市","滝"],"3560006":[11,"ふじみ野市","霞ケ丘"],"3560053":[11,"ふじみ野市","大井"],"3560015":[11,"ふじみ野市","花ノ木"],"3560018":[11,"ふじみ野市","本新田"],"3560027":[11,"ふじみ野市","松山"],"3560034":[11,"ふじみ野市","駒林"],"3560042":[11,"ふじみ野市","東久保"],"3568511":[11,"ふじみ野市","鶴ケ岡","５丁目３－１"],"3560056":[11,"ふじみ野市","うれし野"],"3560008":[11,"ふじみ野市","元福岡"],"3560043":[11,"ふじみ野市","緑ケ丘"],"3560035":[11,"ふじみ野市","丸山"],"3568510":[11,"ふじみ野市","福岡","２丁目１－１"],"3568556":[11,"ふじみ野市","亀久保","１２３９"],"3560032":[11,"ふじみ野市","富士見台"],"3560022":[11,"ふじみ野市","長宮"],"3560058":[11,"ふじみ野市","大井中央"],"3568501":[11,"ふじみ野市","福岡","１丁目１－１"],"3560002":[11,"ふじみ野市","清見"],"3560019":[11,"ふじみ野市","池上"],"3560054":[11,"ふじみ野市","大井武蔵野"],"3568507":[11,"ふじみ野市","福岡","２丁目２－１"],"3560041":[11,"ふじみ野市","鶴ケ舞"],"3560000":[11,"ふじみ野市",""],"3568555":[11,"ふじみ野市","大井中央","１丁目１番１号"],"3560037":[11,"ふじみ野市","福岡武蔵野"],"3560026":[11,"ふじみ野市","築地"],"3560013":[11,"ふじみ野市","中福岡"],"3560029":[11,"ふじみ野市","駒西"]}
