{"0708032":[1,"旭川市","神居町共栄"],"0700814":[1,"旭川市","川端町四条"],"0708043":[1,"旭川市","忠和三条"],"0708049":[1,"旭川市","忠和九条"],"0708639":[1,"旭川市","春光町","１０番地"],"0700003":[1,"旭川市","新富三条"],"0700038":[1,"旭川市","八条通"],"0700843":[1,"旭川市","大町三条"],"0708722":[1,"旭川市","一条通","１５丁目"],"0708074":[1,"旭川市","台場四条"],"0700810":[1,"旭川市","本町"],"0708701":[1,"旭川市","二条通","８丁目"],"0708501":[1,"旭川市","一条通","１２丁目"],"0700973":[1,"旭川市","四区三条"],"0700865":[1,"旭川市","住吉五条"],"0708511":[1,"旭川市","五条通","８丁目左２号"],"0700902":[1,"旭川市","春光町"],"0700013":[1,"旭川市","パルプ町"],"0708520":[1,"旭川市","十条通","１０丁目ＮＴＴ１０条ビル"],"0700000":[1,"旭川市",""],"0708016":[1,"旭川市","神居六条"],"0700876":[1,"旭川市","春光六条"],"0708670":[1,"旭川市","三条通","１０丁目２１８９番地"],"0700025":[1,"旭川市","東五条"],"0708073":[1,"旭川市","台場三条"],"0708641":[1,"旭川市","花咲町","４丁目２２７２－１６"],"0700031":[1,"旭川市","一条通"],"0708680":[1,"旭川市","六条通","６丁目"],"0708540":[1,"旭川市","常盤通","１丁目"],"0700082":[1,"旭川市","亀吉二条"],"0700871":[1,"旭川市","春光一条"],"0708013":[1,"旭川市","神居三条"],"0700036":[1,"旭川市","六条通"],"0700823":[1,"旭川市","緑町"],"0700033":[1,"旭川市","三条通"],"0708710":[1,"旭川市","四条通","１０丁目"],"0700971":[1,"旭川市","四区一条"],"0708686":[1,"旭川市","六条通","９丁目４５－２"],"0700083":[1,"旭川市","亀吉三条"],"0700037":[1,"旭川市","七条通"],"0708027":[1,"旭川市","台場東"],"0708642":[1,"旭川市","花咲町","４丁目２２７２－１６"],"0700812":[1,"旭川市","川端町二条"],"0700873":[1,"旭川市","春光三条"],"0700022":[1,"旭川市","東二条"],"0708025":[1,"旭川市","神居町富岡"],"0708653":[1,"旭川市","宮下通","１４丁目"],"0708014":[1,"旭川市","神居四条"],"0708041":[1,"旭川市","忠和一条"],"0700872":[1,"旭川市","春光二条"],"0700059":[1,"旭川市","九条西"],"0708045":[1,"旭川市","忠和五条"],"0700055":[1,"旭川市","五条西"],"0700824":[1,"旭川市","錦町"],"0708640":[1,"旭川市","花咲町","４丁目２２７２－１６"],"0708012":[1,"旭川市","神居二条"],"0700825":[1,"旭川市","北門町"],"0708071":[1,"旭川市","台場一条"],"0700073":[1,"旭川市","曙北三条"],"0708007":[1,"旭川市","神楽七条"],"0708503":[1,"旭川市","三条通","１５丁目右１号"],"0700028":[1,"旭川市","東八条"],"0700035":[1,"旭川市","五条通"],"0700816":[1,"旭川市","川端町六条"],"0708001":[1,"旭川市","神楽一条"],"0708005":[1,"旭川市","神楽五条"],"0700023":[1,"旭川市","東三条"],"0700811":[1,"旭川市","川端町一条"],"0708011":[1,"旭川市","神居一条"],"0708003":[1,"旭川市","神楽三条"],"0708023":[1,"旭川市","神居町春志内"],"0700001":[1,"旭川市","新富一条"],"0708677":[1,"旭川市","宮下通","９丁目７６６番地キタノビル内"],"0700062":[1,"旭川市","曙二条"],"0708018":[1,"旭川市","神居八条"],"0700057":[1,"旭川市","七条西"],"0700053":[1,"旭川市","三条西"],"0708621":[1,"旭川市","北門町","９丁目"],"0708047":[1,"旭川市","忠和七条"],"0708053":[1,"旭川市","江丹別町共和"],"0700081":[1,"旭川市","亀吉一条"],"0708616":[1,"旭川市","東三条","５丁目１－４４"],"0700011":[1,"旭川市","パルプ町一条"],"0708072":[1,"旭川市","台場二条"],"0708033":[1,"旭川市","神居町雨紛"],"0708550":[1,"旭川市","神楽三条","５丁目３番１１号"],"0700039":[1,"旭川市","九条通"],"0700972":[1,"旭川市","四区二条"],"0708022":[1,"旭川市","神居町台場"],"0700002":[1,"旭川市","新富二条"],"0708678":[1,"旭川市","四条通","１２丁目"],"0708660":[1,"旭川市","四条通","８丁目"],"0708530":[1,"旭川市","曙一条","１丁目"],"0700864":[1,"旭川市","住吉四条"],"0708507":[1,"旭川市","一条通","８丁目右１号"],"0700014":[1,"旭川市","新星町"],"0700841":[1,"旭川市","大町一条"],"0708510":[1,"旭川市","五条通","８丁目ＮＴＴ５条ビル"],"0708002":[1,"旭川市","神楽二条"],"0700032":[1,"旭川市","二条通"],"0700821":[1,"旭川市","近文町"],"0700875":[1,"旭川市","春光五条"],"0708017":[1,"旭川市","神居七条"],"0708636":[1,"旭川市","花咲町","４丁目２２７２－１５"],"0708505":[1,"旭川市","宮下通","２丁目１９５４番地２号"],"0708666":[1,"旭川市","一条通","１３丁目"],"0700042":[1,"旭川市","中常盤町"],"0700063":[1,"旭川市","曙三条"],"0700058":[1,"旭川市","八条西"],"0708048":[1,"旭川市","忠和八条"],"0700044":[1,"旭川市","常磐公園"],"0708611":[1,"旭川市","パルプ町","５０５番地１"],"0708051":[1,"旭川市","江丹別町嵐山"],"0708651":[1,"旭川市","三条通","９丁目"],"0700815":[1,"旭川市","川端町五条"],"0700832":[1,"旭川市","旭町二条"],"0700866":[1,"旭川市","住吉六条"],"0700030":[1,"旭川市","宮下通"],"0700040":[1,"旭川市","十条通"],"0708042":[1,"旭川市","忠和二条"],"0708720":[1,"旭川市","四条通","１０丁目２１８９番地"],"0700901":[1,"旭川市","花咲町"],"0708655":[1,"旭川市","一条通","８丁目左１号１７５番地"],"0700842":[1,"旭川市","大町二条"],"0708567":[1,"旭川市","南が丘","３丁目１番１号"],"0700822":[1,"旭川市","旭岡"],"0700021":[1,"旭川市","東一条"],"0708028":[1,"旭川市","南が丘"],"0708046":[1,"旭川市","忠和六条"],"0708006":[1,"旭川市","神楽六条"],"0700043":[1,"旭川市","常盤通"],"0708612":[1,"旭川市","東七条","３丁目２番１１号"],"0708502":[1,"旭川市","宮下通","１０丁目"],"0700877":[1,"旭川市","春光七条"],"0700061":[1,"旭川市","曙一条"],"0700874":[1,"旭川市","春光四条"],"0708560":[1,"旭川市","神居八条","１丁目１番２７号"],"0700072":[1,"旭川市","曙北二条"],"0700027":[1,"旭川市","東七条"],"0700034":[1,"旭川市","四条通"],"0708061":[1,"旭川市","高砂台"],"0708541":[1,"旭川市","上常盤町","１丁目"],"0708015":[1,"旭川市","神居五条"],"0708026":[1,"旭川市","神居町神岡"],"0700026":[1,"旭川市","東六条"],"0700817":[1,"旭川市","川端町七条"],"0708515":[1,"旭川市","四条通","１６丁目左６"],"0708711":[1,"旭川市","四条通","２丁目"],"0708044":[1,"旭川市","忠和四条"],"0708601":[1,"旭川市","神居町忠和","２２４番地"],"0708650":[1,"旭川市","一条通","１０丁目左３号"],"0708004":[1,"旭川市","神楽四条"],"0708021":[1,"旭川市","神居町忠和"],"0700052":[1,"旭川市","二条西"],"0700056":[1,"旭川市","六条西"],"0700010":[1,"旭川市","大雪通"],"0708019":[1,"旭川市","神居九条"],"0700867":[1,"旭川市","住吉七条"],"0700813":[1,"旭川市","川端町三条"],"0708676":[1,"旭川市","神居四条","１丁目１番３７号"],"0700024":[1,"旭川市","東四条"],"0708052":[1,"旭川市","江丹別町春日"],"0708630":[1,"旭川市","春光町","国有無番地"],"0708644":[1,"旭川市","花咲町","７丁目４０４８番地"],"0700029":[1,"旭川市","金星町"],"0708525":[1,"旭川市","六条通","９丁目４６番地"],"0708024":[1,"旭川市","神居町富沢"],"0708688":[1,"旭川市","二条通","１５丁目左８号"],"0700831":[1,"旭川市","旭町一条"],"0700041":[1,"旭川市","上常盤町"],"0708610":[1,"旭川市","金星町","１丁目１番６５号"],"0708034":[1,"旭川市","神居町上雨紛"],"0700012":[1,"旭川市","パルプ町二条"],"0700054":[1,"旭川市","四条西"],"0708031":[1,"旭川市","神居町神華"]}
