{"0870022":[1,"根室市","昭和町"],"0870015":[1,"根室市","花咲町"],"0870010":[1,"根室市","栄町"],"0870033":[1,"根室市","西和田"],"0870001":[1,"根室市","北浜町"],"0878711":[1,"根室市","常盤町","２丁目２７番地"],"0870044":[1,"根室市","松本町"],"0870052":[1,"根室市","梅ケ枝町"],"0870008":[1,"根室市","有磯町"],"0870006":[1,"根室市","曙町"],"0870019":[1,"根室市","汐見町"],"0878588":[1,"根室市","常盤町","３丁目２８番地"],"0870002":[1,"根室市","牧の内"],"0870043":[1,"根室市","北斗町"],"0870005":[1,"根室市","宝町"],"0870055":[1,"根室市","琴平町"],"0870192":[1,"根室市","歯舞","４丁目１２０番地"],"0870161":[1,"根室市","友知"],"0870004":[1,"根室市","光洋町"],"0870167":[1,"根室市","豊里"],"0870036":[1,"根室市","幌茂尻"],"0870028":[1,"根室市","大正町"],"0870003":[1,"根室市","明治町"],"0870049":[1,"根室市","弥生町"],"0870047":[1,"根室市","定基町"],"0870017":[1,"根室市","鳴海町"],"0870011":[1,"根室市","弁天町"],"0870023":[1,"根室市","桂木"],"0870014":[1,"根室市","朝日町"],"0870018":[1,"根室市","千島町"],"0870162":[1,"根室市","双沖"],"0870042":[1,"根室市","清隆町"],"0870025":[1,"根室市","西浜町"],"0870045":[1,"根室市","花園町"],"0870026":[1,"根室市","敷島町"],"0870163":[1,"根室市","歯舞"],"0870051":[1,"根室市","緑町"],"0870012":[1,"根室市","駒場町"],"0870034":[1,"根室市","東和田"],"0870037":[1,"根室市","穂香"],"0870165":[1,"根室市","納沙布"],"0870166":[1,"根室市","温根元"],"0870000":[1,"根室市",""],"0878686":[1,"根室市","有磯町","１丁目２番地"],"0870027":[1,"根室市","光和町"],"0870024":[1,"根室市","宝林町"],"0870032":[1,"根室市","花咲港"],"0878555":[1,"根室市","光洋町","４丁目１５"],"0870054":[1,"根室市","海岸町"],"0870164":[1,"根室市","珸瑤瑁"],"0870016":[1,"根室市","松ケ枝町"],"0870041":[1,"根室市","常盤町"],"0870007":[1,"根室市","月見町"],"0870046":[1,"根室市","岬町"],"0878609":[1,"根室市","幸町","１丁目８番地"],"0870031":[1,"根室市","月岡町"],"0870035":[1,"根室市","温根沼"],"0870053":[1,"根室市","本町"],"0870021":[1,"根室市","幸町"],"0870048":[1,"根室市","平内町"],"0870009":[1,"根室市","弥栄町"]}
