{"4470087":[23,"碧南市","坂口町"],"4478605":[23,"碧南市","中町","５丁目７７"],"4470043":[23,"碧南市","幸町"],"4470875":[23,"碧南市","善明町"],"4470077":[23,"碧南市","屋敷町"],"4470011":[23,"碧南市","平山町"],"4478505":[23,"碧南市","中山町","７丁目２６"],"4470033":[23,"碧南市","天神町"],"4470002":[23,"碧南市","井口町"],"4470885":[23,"碧南市","志貴町"],"4470824":[23,"碧南市","港南町"],"4470023":[23,"碧南市","池下町"],"4470054":[23,"碧南市","踏分町"],"4470844":[23,"碧南市","港本町"],"4470031":[23,"碧南市","見合町"],"4470082":[23,"碧南市","湖西町"],"4470037":[23,"碧南市","城山町"],"4470888":[23,"碧南市","春日町"],"4470853":[23,"碧南市","浜町"],"4470079":[23,"碧南市","松原町"],"4470851":[23,"碧南市","羽根町"],"4470025":[23,"碧南市","大堤町"],"4470004":[23,"碧南市","用久町"],"4470882":[23,"碧南市","日進町"],"4470803":[23,"碧南市","三角町"],"4478510":[23,"碧南市","新川町","３丁目８８"],"4470801":[23,"碧南市","野銭町"],"4470821":[23,"碧南市","稲荷町"],"4470817":[23,"碧南市","川端町"],"4478503":[23,"碧南市","平山町","３丁目１－１"],"4478610":[23,"碧南市","浜町","１"],"4470873":[23,"碧南市","栗山町"],"4470067":[23,"碧南市","広見町"],"4478512":[23,"碧南市","白沢町","１丁目３８"],"4470065":[23,"碧南市","久沓町"],"4470835":[23,"碧南市","宮町"],"4470855":[23,"碧南市","天王町"],"4470808":[23,"碧南市","鷲塚町"],"4470826":[23,"碧南市","葭生町"],"4478501":[23,"碧南市","音羽町","１丁目１"],"4470846":[23,"碧南市","中町"],"4470007":[23,"碧南市","竹原町"],"4470016":[23,"碧南市","神田町"],"4470878":[23,"碧南市","松本町"],"4470858":[23,"碧南市","石橋町"],"4470841":[23,"碧南市","塩浜町"],"4470823":[23,"碧南市","川口町"],"4470006":[23,"碧南市","宝町"],"4470815":[23,"碧南市","棚尾本町"],"4470084":[23,"碧南市","平和町"],"4470814":[23,"碧南市","弥生町"],"4470068":[23,"碧南市","荒居町"],"4470813":[23,"碧南市","雨池町"],"4470872":[23,"碧南市","源氏神明町"],"4478603":[23,"碧南市","浜寺町","２丁目１１"],"4478506":[23,"碧南市","玉津浦町","３"],"4470831":[23,"碧南市","入船町"],"4470042":[23,"碧南市","中後町"],"4470837":[23,"碧南市","伊勢町"],"4470811":[23,"碧南市","舟江町"],"4470072":[23,"碧南市","清水町"],"4470045":[23,"碧南市","篭田町"],"4470828":[23,"碧南市","潮見町"],"4470014":[23,"碧南市","長田町"],"4470075":[23,"碧南市","立山町"],"4470062":[23,"碧南市","古川町"],"4470805":[23,"碧南市","矢縄町"],"4470052":[23,"碧南市","新道町"],"4470057":[23,"碧南市","鶴見町"],"4470866":[23,"碧南市","明石町"],"4470029":[23,"碧南市","二本木町"],"4470073":[23,"碧南市","鳥追町"],"4470876":[23,"碧南市","野田町"],"4470012":[23,"碧南市","大坪町"],"4470036":[23,"碧南市","尾城町"],"4470848":[23,"碧南市","錦町"],"4470022":[23,"碧南市","旭町"],"4470868":[23,"碧南市","松江町"],"4470041":[23,"碧南市","緑町"],"4470843":[23,"碧南市","西浜町"],"4470852":[23,"碧南市","本郷町"],"4470032":[23,"碧南市","北浦町"],"4478507":[23,"碧南市","浜町","３"],"4470066":[23,"碧南市","丸山町"],"4470038":[23,"碧南市","荒子町"],"4478502":[23,"碧南市","平和町","３丁目６"],"4470024":[23,"碧南市","亀穴町"],"4470078":[23,"碧南市","島池町"],"4470055":[23,"碧南市","浜尾町"],"4470804":[23,"碧南市","流作町"],"4470833":[23,"碧南市","権現町"],"4470063":[23,"碧南市","山下町"],"4470825":[23,"碧南市","江口町"],"4470081":[23,"碧南市","吹上町"],"4470856":[23,"碧南市","宮後町"],"4470064":[23,"碧南市","西山町"],"4470001":[23,"碧南市","北町"],"4470834":[23,"碧南市","玉津浦町"],"4470017":[23,"碧南市","奥沢町"],"4470816":[23,"碧南市","志貴崎町"],"4470048":[23,"碧南市","福清水町"],"4470845":[23,"碧南市","浜寺町"],"4478601":[23,"碧南市","松本町","２８"],"4470008":[23,"碧南市","大久手町"],"4470869":[23,"碧南市","山神町"],"4470886":[23,"碧南市","源氏町"],"4470827":[23,"碧南市","前浜町"],"4470028":[23,"碧南市","神有町"],"4470806":[23,"碧南市","三間町"],"4470861":[23,"碧南市","六軒町"],"4470879":[23,"碧南市","沢渡町"],"4470088":[23,"碧南市","札木町"],"4470802":[23,"碧南市","鷲林町"],"4470863":[23,"碧南市","新川町"],"4470044":[23,"碧南市","末広町"],"4470883":[23,"碧南市","下洲町"],"4470003":[23,"碧南市","雁道町"],"4470809":[23,"碧南市","小屋下町"],"4478511":[23,"碧南市","雁道町","４丁目１番地"],"4470027":[23,"碧南市","照光町"],"4470807":[23,"碧南市","伏見町"],"4470871":[23,"碧南市","向陽町"],"4470058":[23,"碧南市","住吉町"],"4470005":[23,"碧南市","若水町"],"4470074":[23,"碧南市","上町"],"4470051":[23,"碧南市","東山町"],"4470887":[23,"碧南市","汐田町"],"4470854":[23,"碧南市","須磨町"],"4470015":[23,"碧南市","半崎町"],"4470862":[23,"碧南市","相生町"],"4470874":[23,"碧南市","作塚町"],"4478608":[23,"碧南市","玉津浦町","１番地"],"4470822":[23,"碧南市","河方町"],"4470021":[23,"碧南市","縄手町"],"4470877":[23,"碧南市","栄町"],"4470083":[23,"碧南市","油渕町"],"4470881":[23,"碧南市","霞浦町"],"4478680":[23,"碧南市","棚尾本町","４丁目１０"],"4470847":[23,"碧南市","音羽町"],"4470047":[23,"碧南市","植出町"],"4470859":[23,"碧南市","中松町"],"4470812":[23,"碧南市","中江町"],"4470061":[23,"碧南市","三度山町"],"4470865":[23,"碧南市","浅間町"],"4470867":[23,"碧南市","田尻町"],"4470035":[23,"碧南市","中山町"],"4470864":[23,"碧南市","道場山町"],"4470836":[23,"碧南市","若松町"],"4470849":[23,"碧南市","築山町"],"4470884":[23,"碧南市","平七町"],"4470056":[23,"碧南市","千福町"],"4470085":[23,"碧南市","金山町"],"4470838":[23,"碧南市","権田町"],"4470842":[23,"碧南市","浜田町"],"4470026":[23,"碧南市","三宅町"],"4470829":[23,"碧南市","中田町"],"4470013":[23,"碧南市","白沢町"],"4470034":[23,"碧南市","鴻島町"],"4470076":[23,"碧南市","白砂町"],"4470046":[23,"碧南市","堀方町"],"4470889":[23,"碧南市","東浦町"],"4470000":[23,"碧南市",""],"4470053":[23,"碧南市","笹山町"],"4470071":[23,"碧南市","桃山町"],"4470818":[23,"碧南市","若宮町"],"4470086":[23,"碧南市","洲先町"],"4470832":[23,"碧南市","岬町"],"4470857":[23,"碧南市","大浜上町"]}
