{"4568550":[23,"名古屋市熱田区","六野","２丁目１０２番地１０"],"4560068":[23,"名古屋市熱田区","神野町"],"4560014":[23,"名古屋市熱田区","中田町"],"4560034":[23,"名古屋市熱田区","伝馬"],"4560005":[23,"名古屋市熱田区","池内町"],"4568530":[23,"名古屋市熱田区","金山町","１丁目１４－１８"],"4560035":[23,"名古屋市熱田区","白鳥"],"4568587":[23,"名古屋市熱田区","六野","２丁目４－１"],"4568686":[23,"名古屋市熱田区","幡野町","１８－８"],"4560061":[23,"名古屋市熱田区","西郊通"],"4560046":[23,"名古屋市熱田区","木之免町"],"4560041":[23,"名古屋市熱田区","中瀬町"],"4560024":[23,"名古屋市熱田区","森後町"],"4568501":[23,"名古屋市熱田区","旗屋","２丁目９－５"],"4560016":[23,"名古屋市熱田区","五本松町"],"4560054":[23,"名古屋市熱田区","千年"],"4560017":[23,"名古屋市熱田区","尾頭町"],"4568585":[23,"名古屋市熱田区","神宮","一丁目１－１"],"4560058":[23,"名古屋市熱田区","六番"],"4560022":[23,"名古屋市熱田区","横田"],"4560067":[23,"名古屋市熱田区","中出町"],"4568567":[23,"名古屋市熱田区","伝馬","２丁目３－１９"],"4560031":[23,"名古屋市熱田区","神宮"],"4568611":[23,"名古屋市熱田区","六番","３丁目１８－５"],"4560027":[23,"名古屋市熱田区","旗屋"],"4568668":[23,"名古屋市熱田区","大宝","１丁目１３番２０号"],"4568560":[23,"名古屋市熱田区","新尾頭","２丁目２－６１"],"4560037":[23,"名古屋市熱田区","熱田新田東組"],"4560011":[23,"名古屋市熱田区","花町"],"4560003":[23,"名古屋市熱田区","波寄町"],"4560026":[23,"名古屋市熱田区","旗屋町"],"4560057":[23,"名古屋市熱田区","五番町"],"4560023":[23,"名古屋市熱田区","六野"],"4560074":[23,"名古屋市熱田区","比々野町"],"4560015":[23,"名古屋市熱田区","高蔵町"],"4560053":[23,"名古屋市熱田区","一番"],"4560052":[23,"名古屋市熱田区","二番"],"4568763":[23,"名古屋市熱田区","六野","１丁目２－１１"],"4560069":[23,"名古屋市熱田区","中野新町"],"4560051":[23,"名古屋市熱田区","四番"],"4568620":[23,"名古屋市熱田区","熱田西町","１番２０号"],"4560064":[23,"名古屋市熱田区","古新町"],"4560036":[23,"名古屋市熱田区","熱田西町"],"4560002":[23,"名古屋市熱田区","金山町"],"4560045":[23,"名古屋市熱田区","大瀬子町"],"4560032":[23,"名古屋市熱田区","三本松町"],"4560059":[23,"名古屋市熱田区","八番"],"4560075":[23,"名古屋市熱田区","青池町"],"4568602":[23,"名古屋市熱田区","明野町","２－３"],"4568610":[23,"名古屋市熱田区","川並町","３－１４"],"4560073":[23,"名古屋市熱田区","千代田町"],"4560055":[23,"名古屋市熱田区","南一番町"],"4568516":[23,"名古屋市熱田区","五本松町","１１－２２"],"4560021":[23,"名古屋市熱田区","夜寒町"],"4568711":[23,"名古屋市熱田区","花表町","７－１７"],"4560056":[23,"名古屋市熱田区","三番町"],"4560013":[23,"名古屋市熱田区","外土居町"],"4560065":[23,"名古屋市熱田区","河田町"],"4560063":[23,"名古屋市熱田区","西野町"],"4568688":[23,"名古屋市熱田区","川並町","２番２２号"],"4560025":[23,"名古屋市熱田区","玉の井町"],"4568601":[23,"名古屋市熱田区","川並町","２－１２"],"4560012":[23,"名古屋市熱田区","沢上"],"4560078":[23,"名古屋市熱田区","南八熊町"],"4560006":[23,"名古屋市熱田区","沢下町"],"4560048":[23,"名古屋市熱田区","白鳥町"],"4568739":[23,"名古屋市熱田区","新尾頭","２丁目２－３３"],"4560043":[23,"名古屋市熱田区","神戸町"],"4560076":[23,"名古屋市熱田区","切戸町"],"4560066":[23,"名古屋市熱田区","野立町"],"4568580":[23,"名古屋市熱田区","神宮","３丁目６番３４号"],"4560071":[23,"名古屋市熱田区","明野町"],"4560042":[23,"名古屋市熱田区","須賀町"],"4568523":[23,"名古屋市熱田区","桜田町","２０－３４"],"4560000":[23,"名古屋市熱田区",""],"4560077":[23,"名古屋市熱田区","幡野町"],"4560001":[23,"名古屋市熱田区","金山"],"4568555":[23,"名古屋市熱田区","尾頭町","２－２２"],"4568666":[23,"名古屋市熱田区","神野町","２丁目１８番地"],"4560062":[23,"名古屋市熱田区","大宝"],"4568588":[23,"名古屋市熱田区","白鳥","２丁目１０－１０"],"4560044":[23,"名古屋市熱田区","内田町"],"4560018":[23,"名古屋市熱田区","新尾頭"],"4560047":[23,"名古屋市熱田区","田中町"],"4568511":[23,"名古屋市熱田区","桜田町","１９－１８"],"4560072":[23,"名古屋市熱田区","川並町"],"4560004":[23,"名古屋市熱田区","桜田町"],"4568612":[23,"名古屋市熱田区","熱田西町","１番２５号"],"4560033":[23,"名古屋市熱田区","花表町"]}
