{"1328715":[13,"江戸川区","江戸川","２丁目２－３"],"1328502":[13,"江戸川区","中央","３丁目４－２４"],"1328674":[13,"江戸川区","中央","４丁目２４－１４"],"1320024":[13,"江戸川区","一之江"],"1320013":[13,"江戸川区","江戸川"],"1320035":[13,"江戸川区","平井"],"1320002":[13,"江戸川区","谷河内"],"1328503":[13,"江戸川区","松江","５丁目２－１０"],"1328711":[13,"江戸川区","平井","６丁目２３－２３"],"1320001":[13,"江戸川区","新堀"],"1328666":[13,"江戸川区","中央","１丁目８－１"],"1328730":[13,"江戸川区","中央","４丁目１－７"],"1328562":[13,"江戸川区","松江","５丁目１０－９"],"1328601":[13,"江戸川区","松江","１丁目２２－１４"],"1328567":[13,"江戸川区","松江","５丁目４－１２"],"1320025":[13,"江戸川区","松江"],"1328501":[13,"江戸川区","中央","１丁目４－１"],"1328533":[13,"江戸川区","松江","５丁目２－９"],"1328686":[13,"江戸川区","松江","７丁目８－１０"],"1320021":[13,"江戸川区","中央"],"1320022":[13,"江戸川区","大杉"],"1320031":[13,"江戸川区","松島"],"1320014":[13,"江戸川区","東瑞江"],"1328739":[13,"江戸川区","松島","１丁目２４－１５"],"1320033":[13,"江戸川区","東小松川"],"1320011":[13,"江戸川区","瑞江"],"1320023":[13,"江戸川区","西一之江"],"1328507":[13,"江戸川区","中央","４丁目２４－１９"],"1328550":[13,"江戸川区","中央","１丁目５－３"],"1328668":[13,"江戸川区","平井","１丁目１６－１１"],"1320032":[13,"江戸川区","西小松川町"],"1328688":[13,"江戸川区","春江町","２丁目３１－１５"],"1320015":[13,"江戸川区","西瑞江"],"1328555":[13,"江戸川区","西瑞江","２丁目２０－８"],"1328585":[13,"江戸川区","中央","１丁目１６－２"],"1328732":[13,"江戸川区","中央","１丁目３－５"],"1320003":[13,"江戸川区","春江町"],"1320034":[13,"江戸川区","小松川"],"1320000":[13,"江戸川区",""],"1328551":[13,"江戸川区","中央","４丁目２４－１９"]}
