{"5211124":[25,"彦根市","野良田町"],"5210216":[25,"米原市","菅江"],"5211225":[25,"東近江市","山路町"],"5210091":[25,"米原市","岩脇"],"5211202":[25,"東近江市","阿弥陀堂町"],"5210016":[25,"米原市","下多良"],"5210061":[25,"米原市","長沢"],"5211192":[25,"彦根市","彦富町","１５４２"],"5211301":[25,"蒲生郡安土町","大中"],"5210232":[25,"米原市","坂口"],"5210084":[25,"米原市","日光寺"],"5210002":[25,"米原市","上多良"],"5211311":[25,"蒲生郡安土町","下豊浦"],"5210022":[25,"米原市","樋口"],"5210004":[25,"米原市","磯"],"5211142":[25,"彦根市","下西川町"],"5210312":[25,"米原市","上野"],"5210024":[25,"米原市","西坂"],"5210012":[25,"米原市","米原"],"5211245":[25,"東近江市","栗見出在家町"],"5211321":[25,"蒲生郡安土町","桑実寺"],"5211344":[25,"蒲生郡安土町","中屋"],"5211112":[25,"彦根市","金沢町"],"5211223":[25,"東近江市","猪子町"],"5211123":[25,"彦根市","肥田町"],"5211111":[25,"彦根市","稲里町"],"5211203":[25,"東近江市","川南町"],"5210000":[25,"米原市",""],"5211114":[25,"彦根市","彦富町"],"5210314":[25,"米原市","春照"],"5210321":[25,"米原市","高番"],"5211104":[25,"彦根市","出路町"],"5211235":[25,"東近江市","伊庭町"],"5211126":[25,"彦根市","服部町"],"5210073":[25,"米原市","箕浦"],"5211231":[25,"東近江市","能登川町"],"5210303":[25,"米原市","甲賀"],"5210021":[25,"米原市","河南"],"5210203":[25,"米原市","清滝"],"5211242":[25,"東近江市","福堂町"],"5210225":[25,"米原市","市場"],"5210218":[25,"米原市","志賀谷"],"5210214":[25,"米原市","大鹿"],"5211146":[25,"彦根市","柳川町"],"5210064":[25,"米原市","世継"],"5210221":[25,"米原市","池下"],"5210082":[25,"米原市","能登瀬"],"5211244":[25,"東近江市","大中町"],"5211121":[25,"彦根市","海瀬町"],"5210202":[25,"米原市","柏原"],"5211102":[25,"彦根市","下岡部町"],"5211333":[25,"蒲生郡安土町","内野"],"5211115":[25,"彦根市","金田町"],"5210226":[25,"米原市","朝日"],"5210081":[25,"米原市","多和田"],"5211215":[25,"東近江市","佐生町"],"5210244":[25,"米原市","大野木"],"5211136":[25,"彦根市","新海浜"],"5210034":[25,"米原市","下丹生"],"5210245":[25,"米原市","須川"],"5210211":[25,"米原市","梓河内"],"5210242":[25,"米原市","長岡"],"5211211":[25,"東近江市","今町"],"5210233":[25,"米原市","野一色"],"5211392":[25,"蒲生郡安土町","大字小中","１－８"],"5211145":[25,"彦根市","南三ツ谷町"],"5210306":[25,"米原市","下板並"],"5210292":[25,"米原市","長岡","１２０６"],"5210217":[25,"米原市","北方"],"5210236":[25,"米原市","間田"],"5211132":[25,"彦根市","下稲葉町"],"5210032":[25,"米原市","枝折"],"5210223":[25,"米原市","本市場"],"5210302":[25,"米原市","曲谷"],"5218601":[25,"米原市","顔戸","４８８－３"],"5210014":[25,"米原市","梅ケ原栄"],"5210025":[25,"米原市","番場"],"5211346":[25,"蒲生郡安土町","香庄"],"5210003":[25,"米原市","入江"],"5210074":[25,"米原市","高溝"],"5210324":[25,"米原市","大清水"],"5210212":[25,"米原市","本郷"],"5210307":[25,"米原市","大久保"],"5211134":[25,"彦根市","田附町"],"5211234":[25,"東近江市","きぬがさ町"],"5210304":[25,"米原市","吉槻"],"5210241":[25,"米原市","西山"],"5211143":[25,"彦根市","上西川町"],"5211295":[25,"東近江市","今町","９０６番地"],"5211241":[25,"東近江市","乙女浜町"],"5211205":[25,"東近江市","躰光寺町"],"5210301":[25,"米原市","甲津原"],"5210322":[25,"米原市","杉沢"],"5211322":[25,"蒲生郡安土町","宮津"],"5218501":[25,"米原市","下多良","３－３"],"5211125":[25,"彦根市","稲枝町"],"5210062":[25,"米原市","宇賀野"],"5211345":[25,"蒲生郡安土町","慈恩寺"],"5210023":[25,"米原市","三吉"],"5211224":[25,"東近江市","林町"],"5210222":[25,"米原市","天満"],"5211334":[25,"蒲生郡安土町","西老蘇"],"5210313":[25,"米原市","弥高"],"5211343":[25,"蒲生郡安土町","小中"],"5210215":[25,"米原市","山室"],"5211122":[25,"彦根市","三津町"],"5210092":[25,"米原市","西円寺"],"5210392":[25,"米原市","春照","４９０－１"],"5211351":[25,"蒲生郡安土町","常楽寺"],"5218511":[25,"米原市","梅ケ原","１６００－４"],"5211213":[25,"東近江市","神郷町"],"5210308":[25,"米原市","小泉"],"5210201":[25,"米原市","長久寺"],"5210235":[25,"米原市","小田"],"5210013":[25,"米原市","梅ケ原"],"5211232":[25,"東近江市","北須田町"],"5210063":[25,"米原市","飯"],"5211113":[25,"彦根市","稲部町"],"5211103":[25,"彦根市","上岡部町"],"5211135":[25,"彦根市","新海町"],"5210011":[25,"米原市","中多良"],"5210224":[25,"米原市","夫馬"],"5211222":[25,"東近江市","佐野町"],"5211300":[25,"蒲生郡安土町",""],"5211201":[25,"東近江市","新宮町"],"5210326":[25,"米原市","寺林"],"5211331":[25,"蒲生郡安土町","石寺"],"5211204":[25,"東近江市","小川町"],"5210072":[25,"米原市","顔戸"],"5211147":[25,"彦根市","薩摩町"],"5211233":[25,"東近江市","南須田町"],"5211101":[25,"彦根市","石寺町"],"5211341":[25,"蒲生郡安土町","上豊浦"],"5210327":[25,"米原市","上平寺"],"5210001":[25,"米原市","朝妻筑摩"],"5211398":[25,"蒲生郡安土町","大字上豊浦","１０３０"],"5210083":[25,"米原市","新庄"],"5210231":[25,"米原市","村居田"],"5210219":[25,"米原市","加勢野"],"5211212":[25,"東近江市","種町"],"5218521":[25,"米原市","梅ケ原","１６００－４"],"5210031":[25,"米原市","一色"],"5210035":[25,"米原市","醒井"],"5210033":[25,"米原市","上丹生"],"5211243":[25,"東近江市","栗見新田町"],"5211292":[25,"東近江市","","躰光寺２６２番地"],"5211105":[25,"彦根市","田原町"],"5211144":[25,"彦根市","普光寺町"],"5211133":[25,"彦根市","本庄町"],"5211342":[25,"蒲生郡安土町","上出"],"5210323":[25,"米原市","村木"],"5210213":[25,"米原市","堂谷"],"5210071":[25,"米原市","舟崎"],"5210015":[25,"米原市","米原西"],"5211332":[25,"蒲生郡安土町","東老蘇"],"5210311":[25,"米原市","伊吹"],"5210093":[25,"米原市","寺倉"],"5210325":[25,"米原市","藤川"],"5211131":[25,"彦根市","上稲葉町"],"5211221":[25,"東近江市","垣見町"],"5210243":[25,"米原市","万願寺"],"5210305":[25,"米原市","上板並"],"5210234":[25,"米原市","井之口"],"5211141":[25,"彦根市","甲崎町"],"5210227":[25,"米原市","烏脇"],"5211214":[25,"東近江市","長勝寺町"]}
