{"4240411":[22,"静岡市清水区","大平"],"4240906":[22,"静岡市清水区","駒越北町"],"4240857":[22,"静岡市清水区","川原町"],"4240047":[22,"静岡市清水区","鶴舞町"],"4240887":[22,"静岡市清水区","谷田"],"4240916":[22,"静岡市清水区","蛇塚"],"4240112":[22,"静岡市清水区","伊佐布"],"4240941":[22,"静岡市清水区","富士見町"],"4248767":[22,"静岡市清水区","渋川","１００"],"4240902":[22,"静岡市清水区","折戸"],"4248666":[22,"静岡市清水区","日の出町","４－１８"],"4240801":[22,"静岡市清水区","秋吉町"],"4240888":[22,"静岡市清水区","中之郷"],"4248624":[22,"静岡市清水区","中之郷","３丁目２－１"],"4248708":[22,"静岡市清水区","長崎","１１６２"],"4240204":[22,"静岡市清水区","興津中町"],"4240013":[22,"静岡市清水区","下野緑町"],"4248648":[22,"静岡市清水区","中之郷","３丁目６－１"],"4240943":[22,"静岡市清水区","港町"],"4248686":[22,"静岡市清水区","三保","４９１－１"],"4248677":[22,"静岡市清水区","草薙北","２－１"],"4240858":[22,"静岡市清水区","大沢町"],"4240852":[22,"静岡市清水区","神田町"],"4240043":[22,"静岡市清水区","永楽町"],"4240054":[22,"静岡市清水区","恵比寿町"],"4240048":[22,"静岡市清水区","高橋町"],"4240212":[22,"静岡市清水区","八木間町"],"4240815":[22,"静岡市清水区","江尻東"],"4240922":[22,"静岡市清水区","日の出町"],"4240946":[22,"静岡市清水区","八千代町"],"4240862":[22,"静岡市清水区","船越東町"],"4248727":[22,"静岡市清水区","入船町","１－１０"],"4240873":[22,"静岡市清水区","有東坂"],"4240017":[22,"静岡市清水区","天王東"],"4240036":[22,"静岡市清水区","横砂西町"],"4240911":[22,"静岡市清水区","宮加三"],"4240885":[22,"静岡市清水区","草薙杉道"],"4240008":[22,"静岡市清水区","押切"],"4240023":[22,"静岡市清水区","八坂北"],"4240026":[22,"静岡市清水区","八坂南町"],"4248701":[22,"静岡市清水区","旭町","６－８"],"4240904":[22,"静岡市清水区","駒越中"],"4240006":[22,"静岡市清水区","石川本町"],"4240067":[22,"静岡市清水区","鳥坂"],"4240032":[22,"静岡市清水区","横砂東町"],"4248566":[22,"静岡市清水区","七ツ新屋","５４９－１"],"4240015":[22,"静岡市清水区","天王町"],"4240806":[22,"静岡市清水区","辻"],"4240004":[22,"静岡市清水区","蜂ケ谷南町"],"4240024":[22,"静岡市清水区","八坂東"],"4240821":[22,"静岡市清水区","相生町"],"4240912":[22,"静岡市清水区","殿沢"],"4240874":[22,"静岡市清水区","今泉"],"4240846":[22,"静岡市清水区","木の下町"],"4240206":[22,"静岡市清水区","興津清見寺町"],"4240014":[22,"静岡市清水区","天王南"],"4240861":[22,"静岡市清水区","船越町"],"4248755":[22,"静岡市清水区","下野緑町","１５－１０"],"4240839":[22,"静岡市清水区","入江岡町"],"4240822":[22,"静岡市清水区","旭町"],"4240803":[22,"静岡市清水区","宮下町"],"4248650":[22,"静岡市清水区","松原町","２－１５"],"4240825":[22,"静岡市清水区","松原町"],"4248636":[22,"静岡市清水区","宮加三","１２３１"],"4240944":[22,"静岡市清水区","築地町"],"4240011":[22,"静岡市清水区","下野町"],"4248610":[22,"静岡市清水区","折戸","３丁目２０－１"],"4240041":[22,"静岡市清水区","高橋"],"4240401":[22,"静岡市清水区","中河内"],"4240929":[22,"静岡市清水区","日立町"],"4240001":[22,"静岡市清水区","梅ケ谷"],"4240935":[22,"静岡市清水区","沼田町"],"4240052":[22,"静岡市清水区","北脇"],"4240829":[22,"静岡市清水区","巴町"],"4240823":[22,"静岡市清水区","島崎町"],"4240413":[22,"静岡市清水区","西里"],"4240104":[22,"静岡市清水区","草ケ谷"],"4240303":[22,"静岡市清水区","但沼町"],"4240901":[22,"静岡市清水区","三保"],"4240841":[22,"静岡市清水区","追分"],"4240034":[22,"静岡市清水区","横砂中町"],"4248637":[22,"静岡市清水区","青葉町","５－１"],"4240007":[22,"静岡市清水区","石川新町"],"4240818":[22,"静岡市清水区","江尻町"],"4240302":[22,"静岡市清水区","小河内"],"4240025":[22,"静岡市清水区","八坂西町"],"4240928":[22,"静岡市清水区","緑が丘町"],"4240403":[22,"静岡市清水区","和田島"],"4240028":[22,"静岡市清水区","下野東"],"4240045":[22,"静岡市清水区","東大曲町"],"4240876":[22,"静岡市清水区","馬走北"],"4240101":[22,"静岡市清水区","茂畑"],"4248724":[22,"静岡市清水区","袖師町","１９００"],"4240851":[22,"静岡市清水区","堂林"],"4240804":[22,"静岡市清水区","田町"],"4248734":[22,"静岡市清水区","相生町","６番１７号"],"4240924":[22,"静岡市清水区","清開"],"4240938":[22,"静岡市清水区","梅が岡"],"4240415":[22,"静岡市清水区","布沢"],"4240933":[22,"静岡市清水区","三光町"],"4240105":[22,"静岡市清水区","山切"],"4240947":[22,"静岡市清水区","清水町"],"4240826":[22,"静岡市清水区","万世町"],"4240002":[22,"静岡市清水区","山原"],"4248550":[22,"静岡市清水区","秋吉町","５－１０"],"4240061":[22,"静岡市清水区","大内"],"4240202":[22,"静岡市清水区","興津井上町"],"4240923":[22,"静岡市清水区","幸町"],"4240816":[22,"静岡市清水区","真砂町"],"4240065":[22,"静岡市清水区","長崎"],"4240926":[22,"静岡市清水区","村松"],"4248688":[22,"静岡市清水区","草薙北","３－１８"],"4240305":[22,"静岡市清水区","小島町"],"4240056":[22,"静岡市清水区","半左衛門新田"],"4240022":[22,"静岡市清水区","八坂町"],"4248715":[22,"静岡市清水区","天神","１丁目８番２５号"],"4240833":[22,"静岡市清水区","新富町"],"4240038":[22,"静岡市清水区","西久保"],"4248601":[22,"静岡市清水区","桜が丘町","１３－２３"],"4240113":[22,"静岡市清水区","原"],"4240854":[22,"静岡市清水区","中矢部町"],"4248668":[22,"静岡市清水区","村松","４１"],"4240063":[22,"静岡市清水区","能島"],"4240292":[22,"静岡市清水区","興津中町","４８５番地の６"],"4248750":[22,"静岡市清水区","島崎町","１５１"],"4240948":[22,"静岡市清水区","梅田町"],"4240856":[22,"静岡市清水区","上力町"],"4240945":[22,"静岡市清水区","美濃輪町"],"4240936":[22,"静岡市清水区","向田町"],"4240843":[22,"静岡市清水区","青葉町"],"4240882":[22,"静岡市清水区","楠新田"],"4240808":[22,"静岡市清水区","大手"],"4240864":[22,"静岡市清水区","南矢部"],"4240012":[22,"静岡市清水区","下野西"],"4240037":[22,"静岡市清水区","袖師町"],"4240931":[22,"静岡市清水区","岡町"],"4240111":[22,"静岡市清水区","吉原"],"4240053":[22,"静岡市清水区","渋川"],"4240879":[22,"静岡市清水区","有度本町"],"4240046":[22,"静岡市清水区","西大曲町"],"4248760":[22,"静岡市清水区","入船町","１４－１２"],"4240201":[22,"静岡市清水区","承元寺町"],"4240055":[22,"静岡市清水区","吉川"],"4240886":[22,"静岡市清水区","草薙"],"4240863":[22,"静岡市清水区","船越南町"],"4240847":[22,"静岡市清水区","大坪"],"4240031":[22,"静岡市清水区","横砂"],"4248719":[22,"静岡市清水区","馬走","１５００－２"],"4240404":[22,"静岡市清水区","高山"],"4240836":[22,"静岡市清水区","桜が丘町"],"4240414":[22,"静岡市清水区","土"],"4240884":[22,"静岡市清水区","草薙一里山"],"4240068":[22,"静岡市清水区","長崎南町"],"4240921":[22,"静岡市清水区","松井町"],"4240824":[22,"静岡市清水区","新港町"],"4248721":[22,"静岡市清水区","万世町","２丁目３－７"],"4240057":[22,"静岡市清水区","堀込"],"4240042":[22,"静岡市清水区","高橋南町"],"4248603":[22,"静岡市清水区","三保","３８７－１"],"4240304":[22,"静岡市清水区","立花"],"4240205":[22,"静岡市清水区","興津本町"],"4240812":[22,"静岡市清水区","小芝町"],"4240211":[22,"静岡市清水区","谷津町"],"4248717":[22,"静岡市清水区","松原町","６－１６"],"4240942":[22,"静岡市清水区","入船町"],"4240033":[22,"静岡市清水区","横砂本町"],"4240842":[22,"静岡市清水区","春日"],"4240306":[22,"静岡市清水区","小島本町"],"4240051":[22,"静岡市清水区","北脇新田"],"4240866":[22,"静岡市清水区","船越"],"4240917":[22,"静岡市清水区","駒越"],"4240802":[22,"静岡市清水区","矢倉町"],"4240949":[22,"静岡市清水区","本町"],"4240828":[22,"静岡市清水区","千歳町"],"4240855":[22,"静岡市清水区","庄福町"],"4240831":[22,"静岡市清水区","入江"],"4240934":[22,"静岡市清水区","村松原"],"4240016":[22,"静岡市清水区","天王西"],"4240872":[22,"静岡市清水区","平川地"],"4240834":[22,"静岡市清水区","浜田町"],"4240827":[22,"静岡市清水区","上"],"4240412":[22,"静岡市清水区","河内"],"4240819":[22,"静岡市清水区","元城町"],"4240927":[22,"静岡市清水区","新緑町"],"4240805":[22,"静岡市清水区","愛染町"],"4240853":[22,"静岡市清水区","月見町"],"4240009":[22,"静岡市清水区","柏尾"],"4240027":[22,"静岡市清水区","飯田町"],"4240406":[22,"静岡市清水区","葛沢"],"4240845":[22,"静岡市清水区","船原"],"4248510":[22,"静岡市清水区","三保","３８７－７"],"4240877":[22,"静岡市清水区","馬走坂の上"],"4240903":[22,"静岡市清水区","駒越南町"],"4240838":[22,"静岡市清水区","淡島町"],"4248611":[22,"静岡市清水区","折戸","３丁目２０－１"],"4240807":[22,"静岡市清水区","宮代町"],"4240103":[22,"静岡市清水区","尾羽"],"4248622":[22,"静岡市清水区","折戸","３丁目２－１"],"4248511":[22,"静岡市清水区","島崎町","１６１番地の１３"],"4240814":[22,"静岡市清水区","本郷町"],"4240913":[22,"静岡市清水区","迎山町"],"4240878":[22,"静岡市清水区","御門台"],"4248502":[22,"静岡市清水区","北脇","２４２"],"4240915":[22,"静岡市清水区","増"],"4240106":[22,"静岡市清水区","杉山"],"4240832":[22,"静岡市清水区","入江南町"],"4240844":[22,"静岡市清水区","西高町"],"4240865":[22,"静岡市清水区","北矢部"],"4240021":[22,"静岡市清水区","下野北"],"4240871":[22,"静岡市清水区","上原"],"4248730":[22,"静岡市清水区","永楽町","３－５"],"4240064":[22,"静岡市清水区","長崎新田"],"4240114":[22,"静岡市清水区","庵原町"],"4248620":[22,"静岡市清水区","三保","２３８９"],"4240809":[22,"静岡市清水区","天神"],"4240003":[22,"静岡市清水区","蜂ケ谷"],"4240905":[22,"静岡市清水区","駒越西"],"4240066":[22,"静岡市清水区","七ツ新屋"],"4240018":[22,"静岡市清水区","弥生町"],"4240914":[22,"静岡市清水区","港南町"],"4240817":[22,"静岡市清水区","銀座"],"4240102":[22,"静岡市清水区","広瀬"],"4240062":[22,"静岡市清水区","大内新田"],"4240835":[22,"静岡市清水区","上清水町"],"4240203":[22,"静岡市清水区","興津東町"],"4240939":[22,"静岡市清水区","下清水町"],"4240405":[22,"静岡市清水区","茂野島"],"4240005":[22,"静岡市清水区","石川"],"4240402":[22,"静岡市清水区","清地"],"4240881":[22,"静岡市清水区","楠"],"4240811":[22,"静岡市清水区","二の丸町"],"4248602":[22,"静岡市清水区","草薙北","１－１０"],"4248752":[22,"静岡市清水区","桜が丘町","７－１５"],"4240907":[22,"静岡市清水区","駒越東町"],"4240813":[22,"静岡市清水区","宝町"],"4240301":[22,"静岡市清水区","宍原"],"4240029":[22,"静岡市清水区","下野中"],"4248633":[22,"静岡市清水区","折戸","５丁目７－１"],"4240192":[22,"静岡市清水区","庵原町","１"],"4248678":[22,"静岡市清水区","折戸","３丁目１８番１号"],"4248631":[22,"静岡市清水区","三保","３６００"],"4240932":[22,"静岡市清水区","南岡町"],"4240193":[22,"静岡市清水区","庵原町","５７８－１"],"4240837":[22,"静岡市清水区","桜橋町"],"4248720":[22,"静岡市清水区","駒越北町","１３－１"],"4248751":[22,"静岡市清水区","江尻東","１丁目５－１"],"4240937":[22,"静岡市清水区","北矢部町"],"4248558":[22,"静岡市清水区","吉川","８１３"],"4248503":[22,"静岡市清水区","長崎南町","１－３８"],"4248555":[22,"静岡市清水区","北脇","２３２"],"4240875":[22,"静岡市清水区","馬走"],"4240035":[22,"静岡市清水区","横砂南町"],"4240883":[22,"静岡市清水区","草薙北"],"4240925":[22,"静岡市清水区","清水村松地先新田"],"4240044":[22,"静岡市清水区","江尻台町"]}
