{"2930057":[12,"富津市","亀田"],"2930042":[12,"富津市","小久保"],"2938506":[12,"富津市","下飯野","２４４３"],"2930044":[12,"富津市","中"],"2930055":[12,"富津市","笹毛"],"2930033":[12,"富津市","一色"],"2930024":[12,"富津市","篠部"],"2930012":[12,"富津市","青木"],"2930011":[12,"富津市","新富"],"2930054":[12,"富津市","鶴岡"],"2930041":[12,"富津市","上"],"2930005":[12,"富津市","上飯野"],"2930051":[12,"富津市","亀沢"],"2930006":[12,"富津市","下飯野"],"2930003":[12,"富津市","本郷"],"2930021":[12,"富津市","富津"],"2930032":[12,"富津市","障子谷"],"2930034":[12,"富津市","絹"],"2930053":[12,"富津市","花香谷"],"2930000":[12,"富津市",""],"2930031":[12,"富津市","相野谷"],"2930023":[12,"富津市","川名"],"2930036":[12,"富津市","千種新田"],"2930043":[12,"富津市","岩瀬"],"2930058":[12,"富津市","佐貫"],"2930022":[12,"富津市","新井"],"2930002":[12,"富津市","二間塚"],"2930045":[12,"富津市","八田沼"],"2930052":[12,"富津市","宝竜寺"],"2930004":[12,"富津市","前久保"],"2930046":[12,"富津市","近藤"],"2930035":[12,"富津市","西大和田"],"2930013":[12,"富津市","西川"],"2930001":[12,"富津市","大堀"],"2930056":[12,"富津市","八幡"],"2938511":[12,"富津市","新富","２０－１"]}
