{"3058562":[8,"つくば市","東","１丁目１－１中央第４"],"3050024":[8,"つくば市","倉掛"],"3050843":[8,"つくば市","八幡台"],"3058585":[8,"つくば市","御幸が丘","２１"],"3050801":[8,"つくば市","大穂"],"3050013":[8,"つくば市","栄"],"3050882":[8,"つくば市","みどりの中央"],"3050077":[8,"つくば市","鷹野原"],"3050031":[8,"つくば市","吾妻"],"3050877":[8,"つくば市","片田"],"3050028":[8,"つくば市","妻木"],"3050824":[8,"つくば市","葛城根崎"],"3050901":[8,"つくば市","池の台"],"3058501":[8,"つくば市","御幸が丘","３４番地"],"3050004":[8,"つくば市","柴崎"],"3050903":[8,"つくば市","松の里"],"3058602":[8,"つくば市","観音台","２丁目１－２"],"3050836":[8,"つくば市","山中"],"3050856":[8,"つくば市","観音台"],"3050865":[8,"つくば市","根崎"],"3050047":[8,"つくば市","千現"],"3050042":[8,"つくば市","下広岡"],"3050021":[8,"つくば市","古来"],"3050076":[8,"つくば市","新牧田"],"3050017":[8,"つくば市","横町"],"3050871":[8,"つくば市","上萱丸"],"3050811":[8,"つくば市","北郷"],"3050026":[8,"つくば市","岡村新田"],"3058588":[8,"つくば市","春日","１丁目８番３号"],"3050861":[8,"つくば市","谷田部"],"3050072":[8,"つくば市","北中島"],"3050851":[8,"つくば市","大わし"],"3050821":[8,"つくば市","春日"],"3050802":[8,"つくば市","立原"],"3050064":[8,"つくば市","梶内"],"3050884":[8,"つくば市","みどりの南"],"3050027":[8,"つくば市","東岡"],"3050053":[8,"つくば市","小野川"],"3058569":[8,"つくば市","小野川","１６－１"],"3050067":[8,"つくば市","館野"],"3050033":[8,"つくば市","東新井"],"3050867":[8,"つくば市","境田"],"3058568":[8,"つくば市","梅園","１丁目１－１中央第２"],"3050823":[8,"つくば市","原"],"3050846":[8,"つくば市","平"],"3058515":[8,"つくば市","東新井","１２－２"],"3050002":[8,"つくば市","上野"],"3050876":[8,"つくば市","西栗山"],"3058521":[8,"つくば市","春日","４丁目１２－７"],"3050812":[8,"つくば市","東平塚"],"3050023":[8,"つくば市","上ノ室"],"3050032":[8,"つくば市","竹園"],"3050815":[8,"つくば市","西原"],"3050025":[8,"つくば市","花室"],"3050045":[8,"つくば市","梅園"],"3050056":[8,"つくば市","松野木"],"3050034":[8,"つくば市","小野崎"],"3050014":[8,"つくば市","松栄"],"3058566":[8,"つくば市","東","１丁目１－１中央第６"],"3050054":[8,"つくば市","西大沼"],"3050854":[8,"つくば市","上横場"],"3050001":[8,"つくば市","栗原"],"3050832":[8,"つくば市","西岡"],"3050873":[8,"つくば市","中野"],"3050881":[8,"つくば市","みどりの"],"3058564":[8,"つくば市","並木","１丁目２－１"],"3050062":[8,"つくば市","赤塚"],"3050051":[8,"つくば市","二の宮"],"3050044":[8,"つくば市","並木"],"3058686":[8,"つくば市","大わし","１－２"],"3050872":[8,"つくば市","下萱丸"],"3050864":[8,"つくば市","境松"],"3050844":[8,"つくば市","小白硲"],"3058555":[8,"つくば市","大字谷田部","４７４１"],"3050852":[8,"つくば市","藤本"],"3050015":[8,"つくば市","松塚"],"3050018":[8,"つくば市","金田"],"3050862":[8,"つくば市","東丸山"],"3050863":[8,"つくば市","緑が丘"],"3050046":[8,"つくば市","東"],"3058563":[8,"つくば市","東","１丁目１－１中央第３"],"3050063":[8,"つくば市","下原"],"3050036":[8,"つくば市","西郷"],"3050805":[8,"つくば市","花畑"],"3050833":[8,"つくば市","島"],"3050075":[8,"つくば市","下横場"],"3050012":[8,"つくば市","中根"],"3050835":[8,"つくば市","新井"],"3050061":[8,"つくば市","稲荷前"],"3050005":[8,"つくば市","天久保"],"3050006":[8,"つくば市","天王台"],"3058561":[8,"つくば市","東","１丁目１－１中央第１"],"3050071":[8,"つくば市","稲岡"],"3058601":[8,"つくば市","観音台","２丁目１－２"],"3050016":[8,"つくば市","大"],"3050803":[8,"つくば市","南原"],"3050902":[8,"つくば市","西の沢"],"3050857":[8,"つくば市","羽成"],"3058687":[8,"つくば市","松の里","１"],"3050842":[8,"つくば市","柳橋"],"3050041":[8,"つくば市","上広岡"],"3050845":[8,"つくば市","大白硲"],"3050073":[8,"つくば市","市之台"],"3050834":[8,"つくば市","手代木"],"3050866":[8,"つくば市","古館"],"3050855":[8,"つくば市","今泉"],"3050074":[8,"つくば市","高野台"],"3050035":[8,"つくば市","松代"],"3058506":[8,"つくば市","小野川","１６－２"],"3050818":[8,"つくば市","学園南"],"3050804":[8,"つくば市","旭"],"3058520":[8,"つくば市","天久保","４丁目３－１５"],"3050875":[8,"つくば市","花島新田"],"3050003":[8,"つくば市","桜"],"3050813":[8,"つくば市","下平塚"],"3050831":[8,"つくば市","西大橋"],"3058565":[8,"つくば市","東","１丁目１－１中央第５"],"3058567":[8,"つくば市","東","１丁目１－１中央第７"],"3050055":[8,"つくば市","上原"],"3050066":[8,"つくば市","北中妻"],"3058642":[8,"つくば市","観音台","２丁目１－２"],"3050817":[8,"つくば市","研究学園"],"3050841":[8,"つくば市","御幸が丘"],"3050043":[8,"つくば市","大角豆"],"3050853":[8,"つくば市","榎戸"],"3050816":[8,"つくば市","学園の森"],"3050822":[8,"つくば市","苅間"],"3050068":[8,"つくば市","中内"],"3050065":[8,"つくば市","南中妻"],"3050022":[8,"つくば市","吉瀬"],"3050814":[8,"つくば市","西平塚"],"3058516":[8,"つくば市","南原","１－６"],"3050000":[8,"つくば市",""],"3050883":[8,"つくば市","みどりの東"],"3050011":[8,"つくば市","上境"],"3050052":[8,"つくば市","長峰"],"3050847":[8,"つくば市","陣場"],"3050874":[8,"つくば市","飯田"]}
