{"2790024":[12,"浦安市","港"],"2790021":[12,"浦安市","富岡"],"2798502":[12,"浦安市","明海","２２"],"2790001":[12,"浦安市","当代島"],"2798558":[12,"浦安市","","東野８－１１－１"],"2798550":[12,"浦安市","明海","８"],"2790026":[12,"浦安市","弁天"],"2798555":[12,"浦安市","美浜","１丁目８－１"],"2790042":[12,"浦安市","東野"],"2798585":[12,"浦安市","美浜","８"],"2798530":[12,"浦安市","日の出","１"],"2798526":[12,"浦安市","舞浜","３５－１"],"2798522":[12,"浦安市","舞浜","２丁目１１"],"2790022":[12,"浦安市","今川"],"2798509":[12,"浦安市","舞浜","１－４"],"2798511":[12,"浦安市","舞浜","１－１"],"2790025":[12,"浦安市","鉄鋼通り"],"2790002":[12,"浦安市","北栄"],"2798505":[12,"浦安市","舞浜","２９－１"],"2790032":[12,"浦安市","千鳥"],"2798517":[12,"浦安市","舞浜","３５番地１"],"2798527":[12,"浦安市","舞浜","３５－１"],"2798503":[12,"浦安市","日の出","２９"],"2790004":[12,"浦安市","猫実"],"2798686":[12,"浦安市","入船","５－２－５Ｆ"],"2798518":[12,"浦安市","舞浜","２番地５０"],"2798525":[12,"浦安市","舞浜","３５－１"],"2798541":[12,"浦安市","千鳥","１２－１５"],"2790003":[12,"浦安市","海楽"],"2790041":[12,"浦安市","堀江"],"2790031":[12,"浦安市","舞浜"],"2790013":[12,"浦安市","日の出"],"2790012":[12,"浦安市","入船"],"2790014":[12,"浦安市","明海"],"2790000":[12,"浦安市",""],"2798567":[12,"浦安市","明海","２３"],"2798521":[12,"浦安市","舞浜","３５－１"],"2790043":[12,"浦安市","富士見"],"2798699":[12,"浦安市","入船","５－２－１５Ｆ"],"2798516":[12,"浦安市","舞浜","１番地１"],"2790011":[12,"浦安市","美浜"],"2798501":[12,"浦安市","猫実","１丁目１－１"],"2790023":[12,"浦安市","高洲"]}
