{"0630023":[1,"札幌市西区","平和三条"],"0630044":[1,"札幌市西区","西野十四条"],"0630867":[1,"札幌市西区","八軒七条東"],"0630868":[1,"札幌市西区","八軒八条東"],"0630861":[1,"札幌市西区","八軒一条東"],"0630825":[1,"札幌市西区","発寒五条"],"0630037":[1,"札幌市西区","西野七条"],"0630841":[1,"札幌市西区","八軒一条西"],"0630866":[1,"札幌市西区","八軒六条東"],"0630003":[1,"札幌市西区","山の手三条"],"0630059":[1,"札幌市西区","宮の沢"],"0630869":[1,"札幌市西区","八軒九条東"],"0630036":[1,"札幌市西区","西野六条"],"0630022":[1,"札幌市西区","平和二条"],"0630005":[1,"札幌市西区","山の手五条"],"0630842":[1,"札幌市西区","八軒二条西"],"0638606":[1,"札幌市西区","発寒九条","１４丁目５１６－２５７"],"0630827":[1,"札幌市西区","発寒七条"],"0638607":[1,"札幌市西区","発寒十条","１３丁目１番１号"],"0630844":[1,"札幌市西区","八軒四条西"],"0638608":[1,"札幌市西区","発寒十条","１４丁目１０６９番１号"],"0630049":[1,"札幌市西区","西野"],"0630041":[1,"札幌市西区","西野十一条"],"0630040":[1,"札幌市西区","西野十条"],"0630847":[1,"札幌市西区","八軒七条西"],"0630850":[1,"札幌市西区","八軒十条西"],"0638580":[1,"札幌市西区","西町南","１８丁目１番３４号"],"0630035":[1,"札幌市西区","西野五条"],"0638558":[1,"札幌市西区","二十四軒二条","４丁目６番２３号"],"0638603":[1,"札幌市西区","二十四軒二条","６丁目１番８号"],"0630845":[1,"札幌市西区","八軒五条西"],"0630009":[1,"札幌市西区","山の手"],"0630843":[1,"札幌市西区","八軒三条西"],"0630814":[1,"札幌市西区","琴似四条"],"0630837":[1,"札幌市西区","発寒十七条"],"0630802":[1,"札幌市西区","二十四軒二条"],"0630000":[1,"札幌市西区",""],"0630034":[1,"札幌市西区","西野四条"],"0630803":[1,"札幌市西区","二十四軒三条"],"0630042":[1,"札幌市西区","西野十二条"],"0630052":[1,"札幌市西区","宮の沢二条"],"0638612":[1,"札幌市西区","琴似二条","７丁目１番１号"],"0630001":[1,"札幌市西区","山の手一条"],"0630006":[1,"札幌市西区","山の手六条"],"0630849":[1,"札幌市西区","八軒九条西"],"0630053":[1,"札幌市西区","宮の沢三条"],"0630832":[1,"札幌市西区","発寒十二条"],"0630062":[1,"札幌市西区","西町南"],"0630870":[1,"札幌市西区","八軒十条東"],"0630821":[1,"札幌市西区","発寒一条"],"0630038":[1,"札幌市西区","西野八条"],"0630054":[1,"札幌市西区","宮の沢四条"],"0630033":[1,"札幌市西区","西野三条"],"0630836":[1,"札幌市西区","発寒十六条"],"0630051":[1,"札幌市西区","宮の沢一条"],"0630811":[1,"札幌市西区","琴似一条"],"0630862":[1,"札幌市西区","八軒二条東"],"0630032":[1,"札幌市西区","西野二条"],"0630002":[1,"札幌市西区","山の手二条"],"0638501":[1,"札幌市西区","発寒十一条","５丁目１０番１号"],"0638602":[1,"札幌市西区","二十四軒四条","５丁目５番２１号"],"0630864":[1,"札幌市西区","八軒四条東"],"0638601":[1,"札幌市西区","二十四軒二条","２丁目３番３０号"],"0630039":[1,"札幌市西区","西野九条"],"0630831":[1,"札幌市西区","発寒十一条"],"0630822":[1,"札幌市西区","発寒二条"],"0638585":[1,"札幌市西区","発寒八条","１２丁目１－１"],"0630833":[1,"札幌市西区","発寒十三条"],"0630830":[1,"札幌市西区","発寒十条"],"0630011":[1,"札幌市西区","小別沢"],"0630029":[1,"札幌市西区","平和"],"0630835":[1,"札幌市西区","発寒十五条"],"0630813":[1,"札幌市西区","琴似三条"],"0630061":[1,"札幌市西区","西町北"],"0630021":[1,"札幌市西区","平和一条"],"0630829":[1,"札幌市西区","発寒九条"],"0630863":[1,"札幌市西区","八軒三条東"],"0638510":[1,"札幌市西区","西町北","１８丁目１番１号"],"0630848":[1,"札幌市西区","八軒八条西"],"0630012":[1,"札幌市西区","福井"],"0630031":[1,"札幌市西区","西野一条"],"0630043":[1,"札幌市西区","西野十三条"],"0630812":[1,"札幌市西区","琴似二条"],"0630804":[1,"札幌市西区","二十四軒四条"],"0638515":[1,"札幌市西区","西町南","６丁目１番１号"],"0630834":[1,"札幌市西区","発寒十四条"],"0630824":[1,"札幌市西区","発寒四条"],"0630828":[1,"札幌市西区","発寒八条"],"0630865":[1,"札幌市西区","八軒五条東"],"0630801":[1,"札幌市西区","二十四軒一条"],"0630004":[1,"札幌市西区","山の手四条"],"0630826":[1,"札幌市西区","発寒六条"],"0630846":[1,"札幌市西区","八軒六条西"],"0630823":[1,"札幌市西区","発寒三条"],"0630007":[1,"札幌市西区","山の手七条"]}
