{"5240000":[25,"守山市",""],"5240016":[25,"守山市","荒見町"],"5240054":[25,"守山市","大林町"],"5240032":[25,"守山市","岡町"],"5240215":[25,"守山市","幸津川町"],"5240103":[25,"守山市","洲本町"],"5240003":[25,"守山市","中町"],"5240022":[25,"守山市","守山"],"5240055":[25,"守山市","十二里町"],"5240001":[25,"守山市","川田町"],"5240046":[25,"守山市","今宿"],"5240061":[25,"守山市","赤野井町"],"5240292":[25,"野洲市","吉川","４１８７番地"],"5240051":[25,"守山市","三宅町"],"5240037":[25,"守山市","梅田町"],"5240104":[25,"守山市","木浜町"],"5240062":[25,"守山市","杉江町"],"5240044":[25,"守山市","古高町"],"5240213":[25,"守山市","新庄町"],"5248501":[25,"守山市","森川原町","１６３番地"],"5240212":[25,"守山市","服部町"],"5240013":[25,"守山市","下之郷町"],"5240064":[25,"守山市","森川原町"],"5248524":[25,"守山市","守山","５丁目４番３０号"],"5240101":[25,"守山市","今浜町"],"5240033":[25,"守山市","浮気町"],"5240015":[25,"守山市","矢島町"],"5240002":[25,"守山市","小島町"],"5240043":[25,"守山市","二町町"],"5240203":[25,"野洲市","喜合"],"5240063":[25,"守山市","欲賀町"],"5240211":[25,"守山市","小浜町"],"5240045":[25,"守山市","金森町"],"5248585":[25,"守山市","吉身","２丁目５番２２号"],"5240031":[25,"守山市","立入町"],"5240034":[25,"守山市","千代町"],"5240036":[25,"守山市","伊勢町"],"5240052":[25,"守山市","大門町"],"5240014":[25,"守山市","石田町"],"5240214":[25,"守山市","立田町"],"5240011":[25,"守山市","今市町"],"5240202":[25,"野洲市","菖蒲"],"5248577":[25,"守山市","三宅町","２５０"],"5240041":[25,"守山市","勝部"],"5240102":[25,"守山市","水保町"],"5240201":[25,"野洲市","吉川"],"5240042":[25,"守山市","焔魔堂町"],"5240035":[25,"守山市","阿村町"],"5240012":[25,"守山市","播磨田町"],"5240065":[25,"守山市","山賀町"],"5240021":[25,"守山市","吉身"],"5240004":[25,"守山市","笠原町"],"5240053":[25,"守山市","横江町"]}
