{"0460112":[1,"古平郡古平町","新地町"],"0460323":[1,"積丹郡積丹町","来岸町"],"0468546":[1,"余市郡余市町","朝日町","２６番地"],"0460202":[1,"積丹郡積丹町","婦美町"],"0460013":[1,"余市郡余市町","豊丘町"],"0460100":[1,"古平郡古平町",""],"0460292":[1,"積丹郡積丹町","大字美国町","字船澗４８番地"],"0460004":[1,"余市郡余市町","大川町"],"0460321":[1,"積丹郡積丹町","神岬町"],"0460521":[1,"余市郡赤井川村","池田"],"0460561":[1,"余市郡赤井川村","落合"],"0460023":[1,"余市郡余市町","梅川町"],"0460032":[1,"余市郡余市町","豊浜町"],"0460132":[1,"古平郡古平町","歌棄町"],"0460102":[1,"古平郡古平町","丸山町"],"0460012":[1,"余市郡余市町","山田町"],"0460542":[1,"余市郡赤井川村","曲川"],"0460104":[1,"古平郡古平町","入船町"],"0460015":[1,"余市郡余市町","朝日町"],"0460002":[1,"余市郡余市町","登町"],"0460512":[1,"余市郡赤井川村","山梨"],"0460594":[1,"余市郡赤井川村","字日ノ出","１４３－２"],"0460133":[1,"古平郡古平町","沖町"],"0468686":[1,"余市郡余市町","黒川町","４丁目５番地"],"0460511":[1,"余市郡赤井川村","日ノ出"],"0460192":[1,"古平郡古平町","大字浜町","４０番地４"],"0460322":[1,"積丹郡積丹町","余別町"],"0460031":[1,"余市郡余市町","白岩町"],"0460551":[1,"余市郡赤井川村","轟"],"0460571":[1,"余市郡赤井川村","常盤"],"0460541":[1,"余市郡赤井川村","都"],"0460194":[1,"古平郡古平町","大字歌棄町","２０４番地"],"0460131":[1,"古平郡古平町","沢江町"],"0460325":[1,"積丹郡積丹町","野塚町"],"0460024":[1,"余市郡余市町","港町"],"0460501":[1,"余市郡赤井川村","赤井川"],"0460552":[1,"余市郡赤井川村","明治"],"0460101":[1,"古平郡古平町","御崎町"],"0460327":[1,"積丹郡積丹町","入舸町"],"0460324":[1,"積丹郡積丹町","西河町"],"0460500":[1,"余市郡赤井川村",""],"0460022":[1,"余市郡余市町","沢町"],"0468555":[1,"余市郡余市町","浜中町","２３８番地"],"0460328":[1,"積丹郡積丹町","幌武意町"],"0460592":[1,"余市郡赤井川村","字赤井川","７４番地の２"],"0460532":[1,"余市郡赤井川村","富田"],"0460014":[1,"余市郡余市町","美園町"],"0460111":[1,"古平郡古平町","群来町"],"0460025":[1,"余市郡余市町","富沢町"],"0460011":[1,"余市郡余市町","入舟町"],"0460326":[1,"積丹郡積丹町","日司町"],"0460001":[1,"余市郡余市町","栄町"],"0460593":[1,"余市郡赤井川村","字常盤","１２８番地１"],"0460201":[1,"積丹郡積丹町","美国町"],"0460200":[1,"積丹郡積丹町",""],"0460531":[1,"余市郡赤井川村","旭丘"],"0460113":[1,"古平郡古平町","港町"],"0460121":[1,"古平郡古平町","浜町"],"0460021":[1,"余市郡余市町","浜中町"],"0460033":[1,"余市郡余市町","潮見町"],"0460003":[1,"余市郡余市町","黒川町"],"0460103":[1,"古平郡古平町","本町"],"0460000":[1,"余市郡余市町",""]}
