{"1750081":[13,"板橋区","新河岸"],"1750084":[13,"板橋区","四葉"],"1750085":[13,"板橋区","大門"],"1758571":[13,"板橋区","高島平","１丁目９－１"],"1758577":[13,"板橋区","成増","２丁目１５－１８ＣＳ成増ビル"],"1758588":[13,"板橋区","徳丸","１丁目２４－１８"],"1750093":[13,"板橋区","赤塚新町"],"1750092":[13,"板橋区","赤塚"],"1750045":[13,"板橋区","西台"],"1750094":[13,"板橋区","成増"],"1750091":[13,"板橋区","三園"],"1750083":[13,"板橋区","徳丸"],"1750082":[13,"板橋区","高島平"]}
