{"1308545":[13,"墨田区","両国","４丁目３５－９"],"1308567":[13,"墨田区","緑","１丁目２－１０"],"1308640":[13,"墨田区","吾妻橋","１丁目２３－２０"],"1308506":[13,"墨田区","緑","１丁目２４－４"],"1308516":[13,"墨田区","江東橋","１丁目３－６"],"1308530":[13,"墨田区","緑","４丁目５－１２"],"1308507":[13,"墨田区","錦糸","１丁目５－１５"],"1308588":[13,"墨田区","千歳","２丁目３－９"],"1300022":[13,"墨田区","江東橋"],"1308520":[13,"墨田区","亀沢","１丁目４－７"],"1300013":[13,"墨田区","錦糸"],"1308504":[13,"墨田区","緑","３丁目９－２"],"1308531":[13,"墨田区","錦糸","３丁目２－１アルカイースト"],"1308706":[13,"墨田区","太平","４丁目１９－８"],"1300004":[13,"墨田区","本所"],"1308636":[13,"墨田区","錦糸","４丁目１６－７"],"1308503":[13,"墨田区","錦糸","３丁目９－８"],"1300005":[13,"墨田区","東駒形"],"1308603":[13,"墨田区","横川","１丁目１７－７"],"1300015":[13,"墨田区","横網"],"1308512":[13,"墨田区","錦糸","１丁目７－７"],"1308556":[13,"墨田区","両国","２丁目１０－１４"],"1308501":[13,"墨田区","錦糸","３丁目７－１"],"1308555":[13,"墨田区","菊川","３丁目１－１１"],"1308533":[13,"墨田区","錦糸","２丁目１１－１"],"1308528":[13,"墨田区","緑","４丁目１９－１７"],"1308508":[13,"墨田区","亀沢","１丁目３－７"],"1300003":[13,"墨田区","横川"],"1308577":[13,"墨田区","両国","２丁目１－３"],"1300011":[13,"墨田区","石原"],"1308571":[13,"墨田区","両国","１丁目１０－６"],"1308611":[13,"墨田区","東駒形","４丁目２２－４"],"1308554":[13,"墨田区","両国","４丁目３０－７金属プレス会館８階"],"1308586":[13,"墨田区","立川","３丁目８－１２"],"1308642":[13,"墨田区","石原","１丁目２－１２"],"1300001":[13,"墨田区","吾妻橋"],"1308720":[13,"墨田区","亀沢","２丁目１６－８"],"1308557":[13,"墨田区","錦糸","３丁目２－１アルカイースト"],"1300021":[13,"墨田区","緑"],"1308601":[13,"墨田区","業平","５丁目１－１２"],"1308585":[13,"墨田区","錦糸","４丁目１０－１１"],"1300014":[13,"墨田区","亀沢"],"1308509":[13,"墨田区","両国","４丁目３１－１６"],"1308701":[13,"墨田区","横網","２丁目５－１４"],"1308550":[13,"墨田区","両国","２丁目１０－１４"],"1308608":[13,"墨田区","業平","１丁目７－４"],"1300012":[13,"墨田区","太平"],"1308517":[13,"墨田区","千歳","３丁目１８－９"],"1308655":[13,"墨田区","本所","３丁目６－６"],"1308602":[13,"墨田区","吾妻橋","１丁目２３－１"],"1300026":[13,"墨田区","両国"],"1308543":[13,"墨田区","太平","４丁目３－８"],"1308539":[13,"墨田区","江東橋","３丁目９－３"],"1300002":[13,"墨田区","業平"],"1308525":[13,"墨田区","菊川","２丁目２３－１２"],"1308522":[13,"墨田区","緑","４丁目２１－２"],"1308625":[13,"墨田区","太平","４丁目１－３オリナスタワー"],"1308535":[13,"墨田区","江東橋","４丁目２７－１４"],"1300000":[13,"墨田区",""],"1308677":[13,"墨田区","吾妻橋","１丁目２３－１"],"1308515":[13,"墨田区","千歳","３丁目１７－７"],"1308511":[13,"墨田区","緑","１丁目２５－５"],"1308637":[13,"墨田区","錦糸","４丁目１６－７"],"1308518":[13,"墨田区","江東橋","３丁目９－１０"],"1308558":[13,"墨田区","両国","２丁目１０－１４両国シティコアビル９Ｆ"],"1308604":[13,"墨田区","本所","１丁目２５－７"],"1308609":[13,"墨田区","江東橋","２丁目１９－１２"],"1300025":[13,"墨田区","千歳"],"1308666":[13,"墨田区","吾妻橋","３丁目１１－１"],"1308671":[13,"墨田区","石原","４丁目２５－１２"],"1308510":[13,"墨田区","菊川","３丁目２０－７"],"1308534":[13,"墨田区","錦糸","１丁目５－１４"],"1300023":[13,"墨田区","立川"],"1308605":[13,"墨田区","本所","３丁目２０－４"],"1308686":[13,"墨田区","業平","１丁目７－２"],"1308580":[13,"墨田区","江東橋","３丁目１４－５"],"1308710":[13,"墨田区","両国","３丁目４－１１"],"1308538":[13,"墨田区","両国","３丁目１９－３"],"1308570":[13,"墨田区","緑","４丁目１５－３"],"1308660":[13,"墨田区","太平","４丁目１－３オリナスタワー"],"1300024":[13,"墨田区","菊川"],"1308668":[13,"墨田区","本所","１丁目２７－８"],"1308513":[13,"墨田区","立川","４丁目１５－３"],"1308566":[13,"墨田区","亀沢","４丁目１７－２"],"1308565":[13,"墨田区","錦糸","１丁目２－１"],"1308505":[13,"墨田区","横網","１丁目１０－５"],"1308583":[13,"墨田区","菊川","３丁目１７－２"],"1308575":[13,"墨田区","江東橋","４丁目２３－１５"],"1308514":[13,"墨田区","亀沢","４丁目１４－１０"],"1308615":[13,"墨田区","横網","２丁目２－２５"]}
