{"4880818":[23,"尾張旭市","向町"],"4880842":[23,"尾張旭市","印場元町北島"],"4880007":[23,"尾張旭市","柏井町公園通"],"4880072":[23,"尾張旭市","新居町諏訪南"],"4880004":[23,"尾張旭市","大久手町一の曾"],"4880073":[23,"尾張旭市","新居町上の田"],"4880021":[23,"尾張旭市","狩宿町"],"4888686":[23,"尾張旭市","狩宿新町","１丁目１番地１"],"4880045":[23,"尾張旭市","南栄町"],"4880023":[23,"尾張旭市","瀬戸川町"],"4880853":[23,"尾張旭市","旭前町広久手"],"4880864":[23,"尾張旭市","城前町八瀬の木西"],"4880882":[23,"尾張旭市","城山町向ケ丘"],"4880852":[23,"尾張旭市","旭前町新田洞"],"4880064":[23,"尾張旭市","北原山町鳴湫"],"4880053":[23,"尾張旭市","下井町刎内"],"4880844":[23,"尾張旭市","東名西町"],"4880046":[23,"尾張旭市","南栄町旭ケ丘"],"4880086":[23,"尾張旭市","旭ケ丘町長洞"],"4880033":[23,"尾張旭市","東本地ケ原町"],"4888555":[23,"尾張旭市","大字新居","５１８２－１"],"4880813":[23,"尾張旭市","西大道町五輪塚"],"4880824":[23,"尾張旭市","西山町"],"4880012":[23,"尾張旭市","三郷町角田"],"4880835":[23,"尾張旭市","庄中町南島"],"4888666":[23,"尾張旭市","東大道町原田","２６００－１"],"4880061":[23,"尾張旭市","北原山町六田池"],"4880057":[23,"尾張旭市","北山町北新田"],"4880068":[23,"尾張旭市","南原山町南原山"],"4880801":[23,"尾張旭市","東大道町原田"],"4880081":[23,"尾張旭市","新居"],"4880085":[23,"尾張旭市","旭ケ丘町濁池"],"4880056":[23,"尾張旭市","北山町北山"],"4880863":[23,"尾張旭市","城前町上大道"],"4880854":[23,"尾張旭市","旭前町西新田"],"4880006":[23,"尾張旭市","大久手町中松原"],"4880821":[23,"尾張旭市","長坂町南山"],"4880832":[23,"尾張旭市","東印場町一里山"],"4880055":[23,"尾張旭市","北山町六反田"],"4880802":[23,"尾張旭市","東大道町曽我廻間"],"4880063":[23,"尾張旭市","北原山町陀摩屋敷"],"4880827":[23,"尾張旭市","吉岡町"],"4880011":[23,"尾張旭市","東栄町"],"4880830":[23,"尾張旭市","東印場町"],"4880804":[23,"尾張旭市","西の野町"],"4880044":[23,"尾張旭市","南本地ケ原町"],"4880825":[23,"尾張旭市","東山町"],"4880022":[23,"尾張旭市","狩宿新町"],"4880816":[23,"尾張旭市","西大道町下大道"],"4880017":[23,"尾張旭市","東三郷町"],"4880839":[23,"尾張旭市","渋川町"],"4880817":[23,"尾張旭市","西大道町八瀬の木前"],"4880876":[23,"尾張旭市","平子ケ丘町"],"4880034":[23,"尾張旭市","上の山町山畑"],"4880032":[23,"尾張旭市","晴丘町池上"],"4880077":[23,"尾張旭市","新居町西浦"],"4880008":[23,"尾張旭市","柏井町弥栄"],"4880865":[23,"尾張旭市","城前町砂川"],"4880015":[23,"尾張旭市","三郷町栄"],"4880051":[23,"尾張旭市","下井町前の上"],"4880861":[23,"尾張旭市","城前町城前"],"4880014":[23,"尾張旭市","三郷町中井田"],"4880866":[23,"尾張旭市","城前町茅池"],"4880074":[23,"尾張旭市","新居町明才切"],"4880805":[23,"尾張旭市","西の野町豆塚"],"4880002":[23,"尾張旭市","根の鼻町"],"4880843":[23,"尾張旭市","印場元町細田"],"4880826":[23,"尾張旭市","大塚町"],"4880079":[23,"尾張旭市","新居町今池下"],"4880845":[23,"尾張旭市","霞ケ丘町南"],"4880016":[23,"尾張旭市","三郷町陶栄"],"4880078":[23,"尾張旭市","新居町寺田"],"4880851":[23,"尾張旭市","旭前町北"],"4880872":[23,"尾張旭市","平子町長池上"],"4888688":[23,"尾張旭市","","旭前町５０５０"],"4880884":[23,"尾張旭市","城山町城山"],"4880052":[23,"尾張旭市","下井町下井"],"4880071":[23,"尾張旭市","新居町下切戸"],"4880857":[23,"尾張旭市","桜ケ丘町西"],"4880000":[23,"尾張旭市",""],"4880043":[23,"尾張旭市","北本地ケ原町"],"4880066":[23,"尾張旭市","南原山町赤土"],"4888578":[23,"尾張旭市","下井町刎内","２３４５－１"],"4880042":[23,"尾張旭市","南新町白山"],"4880054":[23,"尾張旭市","稲葉町"],"4880083":[23,"尾張旭市","旭ケ丘町旭ケ丘"],"4888655":[23,"尾張旭市","旭前町新田洞","５０５０番地の１"],"4880814":[23,"尾張旭市","西大道町前田"],"4880838":[23,"尾張旭市","庄中町"],"4880041":[23,"尾張旭市","南新町中畑"],"4880001":[23,"尾張旭市","旭台"],"4880035":[23,"尾張旭市","上の山町間口"],"4880084":[23,"尾張旭市","旭ケ丘町山の手"],"4880873":[23,"尾張旭市","平子町中通"],"4880803":[23,"尾張旭市","東大道町山の内"],"4880836":[23,"尾張旭市","庄中町渋川"],"4880815":[23,"尾張旭市","西大道町六兵衛前"],"4880062":[23,"尾張旭市","北原山町平池浦"],"4880858":[23,"尾張旭市","白鳳町"],"4880833":[23,"尾張旭市","東印場町二反田"],"4888505":[23,"尾張旭市","晴丘町東","８２"],"4880847":[23,"尾張旭市","霞ケ丘町北"],"4880082":[23,"尾張旭市","旭ケ丘町森"],"4880874":[23,"尾張旭市","平子町西"],"4880024":[23,"尾張旭市","井田町"],"4880823":[23,"尾張旭市","庄南町"],"4880846":[23,"尾張旭市","霞ケ丘町中"],"4880883":[23,"尾張旭市","城山町長池下"],"4880076":[23,"尾張旭市","新居町山の田"],"4888585":[23,"尾張旭市","平子町北","６１番地"],"4880841":[23,"尾張旭市","印場元町北山"],"4880875":[23,"尾張旭市","平子町北"],"4880070":[23,"尾張旭市","新居町五反田"],"4880822":[23,"尾張旭市","緑町緑ケ丘"],"4888501":[23,"尾張旭市","晴丘町池上","１番地"],"4880075":[23,"尾張旭市","新居町木の本"],"4880840":[23,"尾張旭市","印場元町"],"4880003":[23,"尾張旭市","東大久手町"],"4880031":[23,"尾張旭市","晴丘町東"],"4880067":[23,"尾張旭市","南原山町石原"],"4880871":[23,"尾張旭市","平子町東"],"4880013":[23,"尾張旭市","三郷町富丘"],"4880881":[23,"尾張旭市","城山町三ツ池"],"4880859":[23,"尾張旭市","桜ケ丘町"],"4880065":[23,"尾張旭市","北原山町大久保見"],"4880005":[23,"尾張旭市","大久手町上切戸"],"4880047":[23,"尾張旭市","南栄町黒石"]}
