{"1006521":[13,"千代田区","丸の内新丸の内ビルディング"],"1008185":[13,"千代田区","大手町","１丁目６－１大手町ビル"],"1008267":[13,"千代田区","丸の内","１丁目６－５"],"1008677":[12,"千葉市花見川区","宇那谷町","１５０１－２"],"1006111":[13,"千代田区","永田町山王パークタワー"],"1006612":[13,"千代田区","丸の内グラントウキョウサウスタワー"],"1008214":[13,"千代田区","丸の内","１丁目４－３"],"1006012":[13,"千代田区","霞が関霞が関ビル"],"1006639":[13,"千代田区","丸の内グラントウキョウサウスタワー"],"1008166":[13,"千代田区","大手町","１丁目６－１"],"1006390":[13,"千代田区","丸の内丸の内ビルディング"],"1006527":[13,"千代田区","丸の内新丸の内ビルディング"],"1006324":[13,"千代田区","丸の内丸の内ビルディング"],"1006632":[13,"千代田区","丸の内グラントウキョウサウスタワー"],"1006537":[13,"千代田区","丸の内新丸の内ビルディング"],"1000104":[13,"大島町","野増"],"1006714":[13,"千代田区","丸の内グラントウキョウノースタワー"],"1006404":[13,"千代田区","丸の内東京ビルディング"],"1008663":[13,"中央区","日本橋室町","１丁目５－３"],"1002101":[13,"小笠原村","父島"],"1006333":[13,"千代田区","丸の内丸の内ビルディング"],"1006137":[13,"千代田区","永田町山王パークタワー"],"1006603":[13,"千代田区","丸の内グラントウキョウサウスタワー"],"1006290":[13,"千代田区","丸の内パシフィックセンチュリープレイス丸の内"],"1008922":[13,"千代田区","霞が関","３丁目２－１合同庁舎７号館"],"1008088":[13,"千代田区","大手町","１丁目４－２"],"1008126":[13,"千代田区","大手町","１丁目６－１大手町ビル７Ｆ"],"1006211":[13,"千代田区","丸の内パシフィックセンチュリープレイス丸の内"],"1008130":[13,"千代田区","大手町","２丁目２－２"],"1006624":[13,"千代田区","丸の内グラントウキョウサウスタワー"],"1006015":[13,"千代田区","霞が関霞が関ビル"],"1000014":[13,"千代田区","永田町"],"1008050":[13,"千代田区","丸の内","１丁目２－１"],"1008366":[13,"千代田区","丸の内","３丁目４－１"],"1008203":[13,"千代田区","丸の内","１丁目６－４"],"1008289":[13,"千代田区","丸の内","１丁目８－１丸の内トラストタワーＮ館"],"1008978":[13,"千代田区","霞が関","３丁目１－１"],"1006141":[13,"千代田区","永田町山王パークタワー"],"1008141":[13,"千代田区","大手町","２丁目３－６"],"1006728":[13,"千代田区","丸の内グラントウキョウノースタワー"],"1006009":[13,"千代田区","霞が関霞が関ビル"],"1006301":[13,"千代田区","丸の内丸の内ビルディング"],"1006432":[13,"千代田区","丸の内東京ビルディング"],"1008119":[13,"千代田区","大手町","１丁目３－５"],"1008668":[13,"港区","新橋","４丁目２５－６"],"1006308":[13,"千代田区","丸の内丸の内ビルディング"],"1006129":[13,"千代田区","永田町山王パークタワー"],"1008246":[13,"千代田区","丸の内","１丁目６－２新丸の内センタービルディング１４階"],"1001103":[13,"三宅島三宅村","伊ケ谷"],"1006752":[13,"千代田区","丸の内","１丁目９－１"],"1006317":[13,"千代田区","丸の内丸の内ビルディング"],"1008307":[13,"千代田区","丸の内","２丁目１－１"],"1006625":[13,"千代田区","丸の内グラントウキョウサウスタワー"],"1002100":[13,"小笠原村",""],"1006619":[13,"千代田区","丸の内グラントウキョウサウスタワー"],"1006139":[13,"千代田区","永田町山王パークタワー"],"1002211":[13,"小笠原村","母島"],"1000301":[13,"利島村",""],"1008210":[13,"千代田区","丸の内","１丁目３－３"],"1006502":[13,"千代田区","丸の内新丸の内ビルディング"],"1006631":[13,"千代田区","丸の内グラントウキョウサウスタワー"],"1008585":[13,"千代田区","霞が関","３丁目２－１"],"1008107":[13,"千代田区","大手町","１丁目１－２"],"1006741":[13,"千代田区","丸の内グラントウキョウノースタワー"],"1006704":[13,"千代田区","丸の内グラントウキョウノースタワー"],"1001622":[13,"八丈島八丈町","末吉"],"1006406":[13,"千代田区","丸の内東京ビルディング"],"1006729":[13,"千代田区","丸の内グラントウキョウノースタワー"],"1006411":[13,"千代田区","丸の内東京ビルディング"],"1006277":[13,"千代田区","丸の内","１丁目１１－１パシフィックセンチュリープレイス丸の内２階"],"1006002":[13,"千代田区","霞が関霞が関ビル"],"1008160":[13,"千代田区","大手町","１丁目７－２"],"1006419":[13,"千代田区","丸の内東京ビルディング"],"1006731":[13,"千代田区","丸の内グラントウキョウノースタワー"],"1008608":[13,"千代田区","大手町","１丁目１－２"],"1003131":[13,"千代田区","大手町","２丁目３－３東京国際郵便局内"],"1008904":[13,"千代田区","霞が関","１丁目１－１"],"1008617":[13,"中央区","銀座","６丁目３－１２"],"1008920":[13,"千代田区","霞が関","１丁目１－４"],"1008940":[13,"千代田区","霞が関","３丁目１－１"],"1006136":[13,"千代田区","永田町山王パークタワー"],"1006201":[13,"千代田区","丸の内パシフィックセンチュリープレイス丸の内"],"1008505":[13,"千代田区","内幸町","２丁目１－４"],"1008543":[13,"千代田区","内幸町","２丁目２－１"],"1006126":[13,"千代田区","永田町山王パークタワー"],"1006636":[13,"千代田区","丸の内グラントウキョウサウスタワー"],"1008560":[13,"千代田区","内幸町","１丁目１－３"],"1006590":[13,"千代田区","丸の内新丸の内ビルディング"],"1006426":[13,"千代田区","丸の内東京ビルディング"],"1008910":[13,"千代田区","永田町","１丁目１１－２３"],"1000103":[13,"大島町","泉津"],"1006517":[13,"千代田区","丸の内新丸の内ビルディング"],"1008424":[13,"千代田区","有楽町","２丁目７－１有楽町駅前ビル"],"1008506":[13,"千代田区","内幸町","２丁目１－１"],"1008602":[13,"港区","台場","２丁目３－２"],"1008921":[13,"千代田区","霞が関","１丁目３－１"],"1006001":[13,"千代田区","霞が関霞が関ビル"],"1006115":[13,"千代田区","永田町山王パークタワー"],"1006330":[13,"千代田区","丸の内丸の内ビルディング"],"1008986":[13,"千代田区","霞が関","１丁目３－１"],"1008621":[13,"中央区","築地","１丁目５－４"],"1006530":[13,"千代田区","丸の内新丸の内ビルディング"],"1006036":[13,"千代田区","霞が関霞が関ビル"],"1006325":[13,"千代田区","丸の内丸の内ビルディング"],"1008370":[13,"千代田区","丸の内","２丁目２－３"],"1008640":[13,"千代田区","神田小川町","１丁目１１"],"1006130":[13,"千代田区","永田町山王パークタワー"],"1006332":[13,"千代田区","丸の内丸の内ビルディング"],"1008380":[13,"千代田区","丸の内","３丁目２－２"],"1006025":[13,"千代田区","霞が関霞が関ビル"],"1008140":[13,"千代田区","大手町","１丁目７－２"],"1006407":[13,"千代田区","丸の内東京ビルディング"],"1006262":[13,"千代田区","丸の内","１丁目１１－１パシフィックセンチュリープレイス丸の内地下１階"],"1006703":[13,"千代田区","丸の内グラントウキョウノースタワー"],"1006516":[13,"千代田区","丸の内新丸の内ビルディング"],"1006511":[13,"千代田区","丸の内新丸の内ビルディング"],"1006501":[13,"千代田区","丸の内新丸の内ビルディング"],"1006742":[13,"千代田区","丸の内グラントウキョウノースタワー"],"1001211":[13,"三宅島三宅村","坪田"],"1008131":[13,"千代田区","大手町","１丁目２－３三井生命本社ビル７Ｆ"],"1006613":[13,"千代田区","丸の内グラントウキョウサウスタワー"],"1006316":[13,"千代田区","丸の内丸の内ビルディング"],"1006003":[13,"千代田区","霞が関霞が関ビル"],"1008971":[13,"千代田区","霞が関","１丁目１－２"],"1008149":[13,"千代田区","大手町","１丁目６－１"],"1006430":[13,"千代田区","丸の内東京ビルディング"],"1008919":[13,"千代田区","霞が関","２丁目２－１"],"1000012":[13,"千代田区","日比谷公園"],"1006722":[13,"千代田区","丸の内グラントウキョウノースタワー"],"1008310":[13,"千代田区","丸の内","２丁目２－３"],"1008967":[13,"千代田区","霞が関","３丁目２－１合同庁舎７号館"],"1006305":[13,"千代田区","丸の内丸の内ビルディング"],"1008430":[13,"千代田区","有楽町","２丁目２－１ラクチョウビル"],"1006008":[13,"千代田区","霞が関霞が関ビル"],"1006425":[13,"千代田区","丸の内東京ビルディング"],"1000006":[13,"千代田区","有楽町"],"1008103":[13,"千代田区","大手町","２丁目６－１"],"1000013":[13,"千代田区","霞が関"],"1006416":[13,"千代田区","丸の内東京ビルディング"],"1006138":[13,"千代田区","永田町山王パークタワー"],"1006108":[13,"千代田区","永田町山王パークタワー"],"1006751":[13,"千代田区","丸の内","１丁目９－１"],"1006170":[13,"千代田区","永田町","２丁目１１－１山王パークタワー"],"1008150":[13,"千代田区","大手町","２丁目６－１"],"1008177":[13,"千代田区","大手町","１丁目５－４大手町フィナンシャルセンター"],"1006690":[13,"千代田区","丸の内グラントウキョウサウスタワー"],"1006427":[13,"千代田区","丸の内東京ビルディング"],"1008086":[13,"千代田区","丸の内","２丁目３－１"],"1008201":[13,"千代田区","丸の内","１丁目３－２"],"1006532":[13,"千代田区","丸の内新丸の内ビルディング"],"1008115":[13,"千代田区","大手町","１丁目１－３"],"1008488":[13,"千代田区","有楽町","２丁目５－１"],"1006736":[13,"千代田区","丸の内グラントウキョウノースタワー"],"1006034":[13,"千代田区","霞が関霞が関ビル"],"1006507":[13,"千代田区","丸の内新丸の内ビルディング"],"1006534":[13,"千代田区","丸の内新丸の内ビルディング"],"1006433":[13,"千代田区","丸の内東京ビルディング"],"1008051":[13,"千代田区","一ツ橋","１丁目１－１"],"1006629":[13,"千代田区","丸の内グラントウキョウサウスタワー"],"1008302":[13,"千代田区","丸の内","２丁目５－２"],"1000004":[13,"千代田区","大手町"],"1008338":[13,"千代田区","丸の内","３丁目３－１"],"1006637":[13,"千代田区","丸の内グラントウキョウサウスタワー"],"1006203":[13,"千代田区","丸の内パシフィックセンチュリープレイス丸の内"],"1008606":[13,"中央区","京橋","３丁目５－７"],"1001400":[13,"八丈島八丈町",""],"1000102":[13,"大島町","岡田"],"1006753":[13,"千代田区","丸の内","１丁目９－１"],"1008078":[13,"千代田区","大手町","１丁目７－２"],"1008507":[13,"千代田区","内幸町","２丁目１－４"],"1001101":[13,"三宅島三宅村","神着"],"1008550":[13,"千代田区","内幸町","１丁目１－１"],"1006331":[13,"千代田区","丸の内丸の内ビルディング"],"1006225":[13,"千代田区","丸の内パシフィックセンチュリープレイス丸の内"],"1006134":[13,"千代田区","永田町山王パークタワー"],"1000402":[13,"新島村","本村"],"1006205":[13,"千代田区","丸の内パシフィックセンチュリープレイス丸の内"],"1006514":[13,"千代田区","丸の内新丸の内ビルディング"],"1008567":[13,"千代田区","丸の内","１丁目６－６"],"1006622":[13,"千代田区","丸の内グラントウキョウサウスタワー"],"1006515":[13,"千代田区","丸の内新丸の内ビルディング"],"1006405":[13,"千代田区","丸の内東京ビルディング"],"1006066":[13,"千代田区","霞が関","３丁目２－５霞ヶ関ビル６階"],"1008666":[13,"江東区","越中島","２丁目１－３０"],"1000601":[13,"神津島村",""],"1008171":[13,"千代田区","大手町","２丁目６－１朝日生命大手町ビル１６階"],"1008216":[13,"千代田区","丸の内","１丁目３－１"],"1008105":[13,"千代田区","大手町","２丁目２－１"],"1006030":[13,"千代田区","霞が関霞が関ビル"],"1006726":[13,"千代田区","丸の内グラントウキョウノースタワー"],"1006311":[13,"千代田区","丸の内丸の内ビルディング"],"1006614":[13,"千代田区","丸の内グラントウキョウサウスタワー"],"1008123":[13,"千代田区","大手町","１丁目２－３"],"1006706":[13,"千代田区","丸の内グラントウキョウノースタワー"],"1001621":[13,"八丈島八丈町","樫立"],"1006721":[13,"千代田区","丸の内グラントウキョウノースタワー"],"1006627":[13,"千代田区","丸の内グラントウキョウサウスタワー"],"1008070":[13,"千代田区","大手町","２丁目７－１川鉄商事ビルヂング"],"1006217":[13,"千代田区","丸の内パシフィックセンチュリープレイス丸の内"],"1008972":[13,"千代田区","永田町","２丁目１３－５"],"1006720":[13,"千代田区","丸の内グラントウキョウノースタワー"],"1008128":[13,"千代田区","一ツ橋","１丁目２－２竹橋ビル"],"1008577":[13,"千代田区","内幸町","２丁目１－８新生銀行ビル１１階"],"1006024":[13,"千代田区","霞が関霞が関ビル"],"1006740":[13,"千代田区","丸の内グラントウキョウノースタワー"],"1006733":[13,"千代田区","丸の内グラントウキョウノースタワー"],"1008791":[13,"千代田区","丸の内","２丁目７－２"],"1000211":[13,"大島町","差木地"],"1008232":[13,"千代田区","丸の内","１丁目６－１"],"1006210":[13,"千代田区","丸の内パシフィックセンチュリープレイス丸の内"],"1008410":[13,"千代田区","有楽町","２丁目１０－１東京交通会館１階"],"1008155":[13,"千代田区","大手町","２丁目６－４本店営業部"],"1006601":[13,"千代田区","丸の内グラントウキョウサウスタワー"],"1006117":[13,"千代田区","永田町山王パークタワー"],"1008228":[13,"千代田区","一ツ橋","１丁目１－１パレスサイドビル"],"1008311":[13,"千代田区","丸の内","３丁目３－１"],"1008415":[13,"千代田区","有楽町","１丁目２－２東宝日比谷ビル"],"1006326":[13,"千代田区","丸の内丸の内ビルディング"],"1006421":[13,"千代田区","丸の内東京ビルディング"],"1001401":[13,"八丈島八丈町","大賀郷"],"1006705":[13,"千代田区","丸の内グラントウキョウノースタワー"],"1008112":[13,"千代田区","大手町","１丁目１－２"],"1006190":[13,"千代田区","永田町山王パークタワー"],"1000005":[13,"千代田区","丸の内"],"1008615":[13,"新宿区","東五軒町","６－２４"],"1008186":[13,"千代田区","大手町","１丁目８－１"],"1006218":[13,"千代田区","丸の内パシフィックセンチュリープレイス丸の内"],"1008966":[13,"千代田区","永田町","２丁目４－３"],"1006202":[13,"千代田区","丸の内パシフィックセンチュリープレイス丸の内"],"1008268":[13,"千代田区","丸の内","１丁目６－５"],"1006124":[13,"千代田区","永田町山王パークタワー"],"1006428":[13,"千代田区","丸の内東京ビルディング"],"1006431":[13,"千代田区","丸の内東京ビルディング"],"1006140":[13,"千代田区","永田町山王パークタワー"],"1006135":[13,"千代田区","永田町山王パークタワー"],"1006107":[13,"千代田区","永田町山王パークタワー"],"1006175":[13,"千代田区","永田町","２丁目１１－１山王パークタワー"],"1008484":[13,"千代田区","有楽町","１丁目４－１"],"1006319":[13,"千代田区","丸の内丸の内ビルディング"],"1006011":[13,"千代田区","霞が関霞が関ビル"],"1006260":[13,"千代田区","丸の内","１丁目１１－１"],"1006510":[13,"千代田区","丸の内新丸の内ビルディング"],"1008019":[13,"千代田区","内幸町","１丁目１－６ＮＴＴ日比谷ビル"],"1008444":[13,"千代田区","有楽町","１丁目１－１"],"1008555":[13,"千代田区","内幸町","１丁目５－２"],"1006641":[13,"千代田区","丸の内グラントウキョウサウスタワー"],"1006219":[13,"千代田区","丸の内パシフィックセンチュリープレイス丸の内"],"1006018":[13,"千代田区","霞が関霞が関ビル"],"1006528":[13,"千代田区","丸の内新丸の内ビルディング"],"1006605":[13,"千代田区","丸の内グラントウキョウサウスタワー"],"1008122":[13,"千代田区","大手町","１丁目３－４"],"1008907":[13,"千代田区","霞が関","１丁目２－１"],"1008234":[13,"千代田区","丸の内","１丁目１－３"],"1006709":[13,"千代田区","丸の内グラントウキョウノースタワー"],"1006531":[13,"千代田区","丸の内新丸の内ビルディング"],"1008077":[13,"千代田区","大手町","１丁目７－２"],"1006224":[13,"千代田区","丸の内パシフィックセンチュリープレイス丸の内"],"1008144":[13,"千代田区","大手町","１丁目４－１"],"1008912":[13,"千代田区","霞が関","１丁目３－１"],"1000401":[13,"新島村","若郷"],"1006106":[13,"千代田区","永田町山王パークタワー"],"1008106":[13,"千代田区","大手町","１丁目１－２"],"1006727":[13,"千代田区","丸の内グラントウキョウノースタワー"],"1008439":[13,"千代田区","有楽町","１丁目９－３"],"1006005":[13,"千代田区","霞が関霞が関ビル"],"1006538":[13,"千代田区","丸の内新丸の内ビルディング"],"1008350":[13,"千代田区","丸の内","２丁目２－１"],"1008308":[13,"千代田区","丸の内","２丁目５－２"],"1008211":[13,"千代田区","丸の内","１丁目６－５"],"1008520":[13,"千代田区","内幸町","２丁目２－２"],"1006023":[13,"千代田区","霞が関霞が関ビル"],"1006128":[13,"千代田区","永田町山王パークタワー"],"1008644":[13,"千代田区","大手町","１丁目７－２"],"1006307":[13,"千代田区","丸の内丸の内ビルディング"],"1006302":[13,"千代田区","丸の内丸の内ビルディング"],"1006114":[13,"千代田区","永田町山王パークタワー"],"1006604":[13,"千代田区","丸の内グラントウキョウサウスタワー"],"1006413":[13,"千代田区","丸の内東京ビルディング"],"1006734":[13,"千代田区","丸の内グラントウキョウノースタワー"],"1008215":[13,"千代田区","丸の内","１丁目６－５"],"1006310":[13,"千代田区","丸の内丸の内ビルディング"],"1008929":[13,"千代田区","霞が関","２丁目１－１"],"1006525":[13,"千代田区","丸の内新丸の内ビルディング"],"1008324":[13,"千代田区","丸の内","２丁目５－２"],"1008985":[13,"千代田区","霞が関","１丁目４－１"],"1008066":[13,"千代田区","大手町","１丁目９－５"],"1008955":[13,"千代田区","霞が関","３丁目３－１"],"1001623":[13,"八丈島八丈町","中之郷"],"1001498":[13,"八丈島八丈町","大賀郷","２３４５－１"],"1008071":[13,"千代田区","大手町","２丁目６－３"],"1006080":[13,"千代田区","霞が関","３丁目２－５霞ヶ関ビル１６・"],"1006618":[13,"千代田区","丸の内グラントウキョウサウスタワー"],"1000101":[13,"大島町","元町"],"1008402":[13,"千代田区","有楽町","１丁目７－１"],"1008924":[13,"千代田区","永田町","１丁目１０－１"],"1008975":[13,"千代田区","霞が関","１丁目２－２"],"1006418":[13,"千代田区","丸の内東京ビルディング"],"1006634":[13,"千代田区","丸の内グラントウキョウサウスタワー"],"1008172":[13,"千代田区","大手町","１丁目７－２"],"1006150":[13,"千代田区","永田町","２丁目１１－１"],"1008941":[13,"千代田区","霞が関","３丁目２－２"],"1006035":[13,"千代田区","霞が関霞が関ビル"],"1000212":[13,"大島町","波浮港"],"1006420":[13,"千代田区","丸の内東京ビルディング"],"1006207":[13,"千代田区","丸の内パシフィックセンチュリープレイス丸の内"],"1006144":[13,"千代田区","永田町山王パークタワー"],"1006304":[13,"千代田区","丸の内丸の内ビルディング"],"1006327":[13,"千代田区","丸の内丸の内ビルディング"],"1008110":[13,"千代田区","大手町","１丁目７－２"],"1006519":[13,"千代田区","丸の内新丸の内ビルディング"],"1006711":[13,"千代田区","丸の内グラントウキョウノースタワー"],"1006725":[13,"千代田区","丸の内グラントウキョウノースタワー"],"1006230":[13,"千代田区","丸の内パシフィックセンチュリープレイス丸の内"],"1006010":[13,"千代田区","霞が関霞が関ビル"],"1006029":[13,"千代田区","霞が関霞が関ビル"],"1006320":[13,"千代田区","丸の内丸の内ビルディング"],"1000001":[13,"千代田区","千代田"],"1006309":[13,"千代田区","丸の内丸の内ビルディング"],"1008953":[13,"千代田区","永田町","２丁目１３－１０"],"1006216":[13,"千代田区","丸の内パシフィックセンチュリープレイス丸の内"],"1008113":[13,"千代田区","大手町","２丁目２－１"],"1008977":[13,"千代田区","霞が関","１丁目１－１"],"1006103":[13,"千代田区","永田町山王パークタワー"],"1006505":[13,"千代田区","丸の内新丸の内ビルディング"],"1006171":[13,"千代田区","永田町","２丁目１１－１山王パークタワー"],"1006730":[13,"千代田区","丸の内グラントウキョウノースタワー"],"1008260":[13,"千代田区","丸の内","１丁目６－５丸の内北口ビル"],"1006004":[13,"千代田区","霞が関霞が関ビル"],"1008996":[13,"千代田区","丸の内","２丁目３－２郵船ビル"],"1006119":[13,"千代田区","永田町山王パークタワー"],"1006313":[13,"千代田区","丸の内丸の内ビルディング"],"1008917":[13,"千代田区","霞が関","３丁目３－２新霞が関ビル５階"],"1006523":[13,"千代田区","丸の内新丸の内ビルディング"],"1008969":[13,"千代田区","霞が関","１丁目２－２"],"1006318":[13,"千代田区","丸の内丸の内ビルディング"],"1001701":[13,"青ヶ島村",""],"1008503":[13,"千代田区","内幸町","２丁目２－２"],"1006615":[13,"千代田区","丸の内グラントウキョウサウスタワー"],"1006508":[13,"千代田区","丸の内新丸の内ビルディング"],"1008989":[13,"千代田区","永田町","１丁目６－１"],"1008981":[13,"千代田区","永田町","２丁目２－１"],"1006032":[13,"千代田区","霞が関霞が関ビル"],"1006526":[13,"千代田区","丸の内新丸の内ビルディング"],"1006716":[13,"千代田区","丸の内グラントウキョウノースタワー"],"1000400":[13,"新島村",""],"1008120":[13,"千代田区","大手町","１丁目８－３"],"1006536":[13,"千代田区","丸の内新丸の内ビルディング"],"1006204":[13,"千代田区","丸の内パシフィックセンチュリープレイス丸の内"],"1008351":[13,"千代田区","丸の内","３丁目３－１"],"1006220":[13,"千代田区","丸の内パシフィックセンチュリープレイス丸の内"],"1006151":[13,"千代田区","永田町","２丁目１１－１山王パークタワー"],"1008630":[13,"中央区","日本橋本石町","２丁目１－１"],"1008188":[13,"千代田区","大手町","１丁目９－４"],"1006321":[13,"千代田区","丸の内丸の内ビルディング"],"1001100":[13,"三宅島三宅村",""],"1006415":[13,"千代田区","丸の内東京ビルディング"],"1006490":[13,"千代田区","丸の内東京ビルディング"],"1006708":[13,"千代田区","丸の内グラントウキョウノースタワー"],"1000003":[13,"千代田区","一ツ橋"],"1006506":[13,"千代田区","丸の内新丸の内ビルディング"],"1006710":[13,"千代田区","丸の内グラントウキョウノースタワー"],"1008959":[13,"千代田区","霞が関","３丁目２－２"],"1008931":[13,"千代田区","霞が関","１丁目３－１"],"1008125":[13,"千代田区","大手町","１丁目７－２"],"1008927":[13,"千代田区","霞が関","２丁目１－２"],"1006227":[13,"千代田区","丸の内パシフィックセンチュリープレイス丸の内"],"1006635":[13,"千代田区","丸の内グラントウキョウサウスタワー"],"1008383":[13,"千代田区","丸の内","３丁目２－３"],"1006120":[13,"千代田区","永田町山王パークタワー"],"1006336":[13,"千代田区","丸の内丸の内ビルディング"],"1006640":[13,"千代田区","丸の内グラントウキョウサウスタワー"],"1006403":[13,"千代田区","丸の内東京ビルディング"],"1008974":[13,"千代田区","霞が関","２丁目１－２"],"1008139":[13,"千代田区","大手町","２丁目３－１"],"1006735":[13,"千代田区","丸の内グラントウキョウノースタワー"],"1008575":[13,"千代田区","内幸町","１丁目１－１"],"1006623":[13,"千代田区","丸の内グラントウキョウサウスタワー"],"1006607":[13,"千代田区","丸の内グラントウキョウサウスタワー"],"1006016":[13,"千代田区","霞が関霞が関ビル"],"1006133":[13,"千代田区","永田町山王パークタワー"],"1006743":[13,"千代田区","丸の内グラントウキョウノースタワー"],"1008341":[13,"千代田区","丸の内","３丁目４－１"],"1006702":[13,"千代田区","丸の内グラントウキョウノースタワー"],"1006206":[13,"千代田区","丸の内パシフィックセンチュリープレイス丸の内"],"1008930":[13,"千代田区","霞が関","１丁目４－１"],"1006712":[13,"千代田区","丸の内グラントウキョウノースタワー"],"1008961":[13,"千代田区","永田町","１丁目７－１"],"1006328":[13,"千代田区","丸の内丸の内ビルディング"],"1006007":[13,"千代田区","霞が関霞が関ビル"],"1008945":[13,"千代田区","霞が関","１丁目２－２"],"1008322":[13,"千代田区","丸の内","２丁目２－３"],"1008448":[13,"千代田区","有楽町","２丁目１０－１"],"1006118":[13,"千代田区","永田町山王パークタワー"],"1008665":[13,"千代田区","大手町","１丁目７－２"],"1006754":[13,"千代田区","丸の内","１丁目９－１"],"1008655":[13,"中央区","京橋","２丁目１５－１"],"1008632":[13,"千代田区","神田錦町","３丁目１８－３"],"1008952":[13,"千代田区","霞が関","１丁目２－１"],"1006707":[13,"千代田区","丸の内グラントウキョウノースタワー"],"1006231":[13,"千代田区","丸の内パシフィックセンチュリープレイス丸の内"],"1006022":[13,"千代田区","霞が関霞が関ビル"],"1008055":[13,"千代田区","大手町","１丁目７－１"],"1006533":[13,"千代田区","丸の内新丸の内ビルディング"],"1006122":[13,"千代田区","永田町山王パークタワー"],"1008676":[13,"江戸川区","春江町","２丁目３１－１５"],"1006172":[13,"千代田区","永田町","２丁目１１－１山王パークタワー"],"1006626":[13,"千代田区","丸の内グラントウキョウサウスタワー"],"1001102":[13,"三宅島三宅村","伊豆"],"1006228":[13,"千代田区","丸の内パシフィックセンチュリープレイス丸の内"],"1008233":[13,"千代田区","丸の内","１丁目４－４"],"1008968":[13,"千代田区","永田町","１丁目６－１"],"1008501":[13,"千代田区","内幸町","２丁目１－８"],"1008522":[13,"千代田区","内幸町","１丁目３－１"],"1006715":[13,"千代田区","丸の内グラントウキョウノースタワー"],"1008918":[13,"千代田区","霞が関","２丁目１－３"],"1006021":[13,"千代田区","霞が関霞が関ビル"],"1008901":[13,"千代田区","霞が関","１丁目３－１"],"1006312":[13,"千代田区","丸の内丸の内ビルディング"],"1008980":[13,"千代田区","霞が関","３丁目３－２"],"1006408":[13,"千代田区","丸の内東京ビルディング"],"1006616":[13,"千代田区","丸の内グラントウキョウサウスタワー"],"1006755":[13,"千代田区","丸の内","１丁目９－１"],"1008288":[13,"千代田区","丸の内","１丁目６－６"],"1008345":[13,"千代田区","丸の内","２丁目３－２郵船ビル"],"1006628":[13,"千代田区","丸の内グラントウキョウサウスタワー"],"1006520":[13,"千代田区","丸の内新丸の内ビルディング"],"1008333":[13,"千代田区","丸の内","２丁目５－１"],"1006152":[13,"千代田区","永田町","２丁目１１－１山王パークタワー"],"1006031":[13,"千代田区","霞が関霞が関ビル"],"1006221":[13,"千代田区","丸の内パシフィックセンチュリープレイス丸の内"],"1006401":[13,"千代田区","丸の内東京ビルディング"],"1006422":[13,"千代田区","丸の内東京ビルディング"],"1006033":[13,"千代田区","霞が関霞が関ビル"],"1006020":[13,"千代田区","霞が関霞が関ビル"],"1006102":[13,"千代田区","永田町山王パークタワー"],"1006112":[13,"千代田区","永田町山王パークタワー"],"1000511":[13,"新島村","式根島"],"1006019":[13,"千代田区","霞が関霞が関ビル"],"1006513":[13,"千代田区","丸の内新丸の内ビルディング"],"1008456":[13,"千代田区","有楽町","１丁目１－２"],"1008111":[13,"千代田区","千代田","１－１"],"1000002":[13,"千代田区","皇居外苑"],"1006429":[13,"千代田区","丸の内東京ビルディング"],"1006739":[13,"千代田区","丸の内グラントウキョウノースタワー"],"1006116":[13,"千代田区","永田町山王パークタワー"],"1001212":[13,"三宅島三宅村","阿古"],"1008282":[13,"千代田区","丸の内","１丁目８－２"],"1008420":[13,"千代田区","有楽町","１丁目１３－２"],"1006402":[13,"千代田区","丸の内東京ビルディング"],"1008905":[13,"千代田区","霞が関","３丁目２－１合同庁舎７号館"],"1008079":[13,"千代田区","大手町","１丁目７－２"],"1006125":[13,"千代田区","永田町山王パークタワー"],"1008187":[13,"千代田区","大手町","１丁目９－４"],"1008121":[13,"千代田区","一ツ橋","１丁目１－１"],"1006028":[13,"千代田区","霞が関霞が関ビル"],"1008914":[13,"千代田区","永田町","１丁目６－１"],"1008388":[13,"千代田区","丸の内","２丁目７－１"],"1006101":[13,"千代田区","永田町山王パークタワー"],"1006226":[13,"千代田区","丸の内パシフィックセンチュリープレイス丸の内"],"1008962":[13,"千代田区","永田町","２丁目１－１"],"1001511":[13,"八丈島八丈町","三根"],"1006027":[13,"千代田区","霞が関霞が関ビル"],"1008588":[13,"千代田区","内幸町","１丁目３－２"],"1008270":[13,"千代田区","丸の内","１丁目８－１"],"1006522":[13,"千代田区","丸の内新丸の内ビルディング"],"1006518":[13,"千代田区","丸の内新丸の内ビルディング"],"1006617":[13,"千代田区","丸の内グラントウキョウサウスタワー"],"1006409":[13,"千代田区","丸の内東京ビルディング"],"1006610":[13,"千代田区","丸の内グラントウキョウサウスタワー"],"1006142":[13,"千代田区","永田町山王パークタワー"],"1006209":[13,"千代田区","丸の内パシフィックセンチュリープレイス丸の内"],"1008909":[13,"千代田区","永田町","１丁目８－１"],"1006606":[13,"千代田区","丸の内グラントウキョウサウスタワー"],"1006017":[13,"千代田区","霞が関霞が関ビル"],"1006620":[13,"千代田区","丸の内グラントウキョウサウスタワー"],"1008798":[13,"千代田区","霞が関","１丁目３－２"],"1006315":[13,"千代田区","丸の内丸の内ビルディング"],"1008219":[13,"千代田区","丸の内","１丁目６－６"],"1008331":[13,"千代田区","丸の内","３丁目２－３"],"1006174":[13,"千代田区","永田町","２丁目１１－１山王パークタワー"],"1006535":[13,"千代田区","丸の内新丸の内ビルディング"],"1000011":[13,"千代田区","内幸町"],"1006322":[13,"千代田区","丸の内丸の内ビルディング"],"1008411":[13,"千代田区","有楽町","１丁目１３－１"],"1006609":[13,"千代田区","丸の内グラントウキョウサウスタワー"],"1006790":[13,"千代田区","丸の内グラントウキョウノースタワー"],"1006113":[13,"千代田区","永田町山王パークタワー"],"1008138":[13,"千代田区","大手町","１丁目１－３大手センタービル２階"],"1006213":[13,"千代田区","丸の内パシフィックセンチュリープレイス丸の内"],"1000100":[13,"大島町",""],"1008181":[13,"千代田区","大手町","２丁目６－１朝日東海ビル"],"1008987":[13,"千代田区","霞が関","１丁目１－１中央合同庁舎第６号館Ｂ棟"],"1008960":[13,"千代田区","永田町","１丁目７－１"],"1006423":[13,"千代田区","丸の内東京ビルディング"],"1006006":[13,"千代田区","霞が関霞が関ビル"],"1006329":[13,"千代田区","丸の内丸の内ビルディング"],"1008321":[13,"千代田区","丸の内","３丁目１－１"],"1006732":[13,"千代田区","丸の内グラントウキョウノースタワー"],"1006718":[13,"千代田区","丸の内グラントウキョウノースタワー"],"1006642":[13,"千代田区","丸の内グラントウキョウサウスタワー"],"1008902":[13,"千代田区","霞が関","１丁目３－１"],"1008649":[13,"千代田区","大手町","１丁目７－２"],"1006701":[13,"千代田区","丸の内グラントウキョウノースタワー"],"1006105":[13,"千代田区","永田町山王パークタワー"],"1006335":[13,"千代田区","丸の内丸の内ビルディング"],"1008915":[13,"千代田区","霞が関","３丁目４－３"],"1008165":[13,"千代田区","大手町","２丁目２－１"],"1008925":[13,"千代田区","霞が関","３丁目３－１尚友会館"],"1008102":[13,"千代田区","大手町","１丁目３－２"],"1006424":[13,"千代田区","丸の内東京ビルディング"],"1006737":[13,"千代田区","丸の内グラントウキョウノースタワー"],"1006222":[13,"千代田区","丸の内パシフィックセンチュリープレイス丸の内"],"1006306":[13,"千代田区","丸の内丸の内ビルディング"],"1006110":[13,"千代田区","永田町山王パークタワー"],"1008265":[13,"千代田区","丸の内","１丁目６－５"],"1008117":[13,"千代田区","大手町","１丁目５－１"],"1008913":[13,"千代田区","霞が関","１丁目２－３"],"1008262":[13,"千代田区","丸の内","１丁目６－５"],"1008994":[13,"千代田区","丸の内","２丁目７－２"],"1006621":[13,"千代田区","丸の内グラントウキョウサウスタワー"],"1006512":[13,"千代田区","丸の内新丸の内ビルディング"],"1006412":[13,"千代田区","丸の内東京ビルディング"],"1008405":[13,"千代田区","有楽町","１丁目１２－１"],"1006719":[13,"千代田区","丸の内グラントウキョウノースタワー"],"1006504":[13,"千代田区","丸の内新丸の内ビルディング"],"1008970":[13,"千代田区","霞が関","３丁目１－１"],"1006143":[13,"千代田区","永田町山王パークタワー"],"1008631":[13,"千代田区","大手町","１丁目２－１"],"1008951":[13,"千代田区","霞が関","３丁目２－２"],"1008303":[13,"千代田区","丸の内","３丁目４－１"],"1008982":[13,"千代田区","永田町","２丁目１－２"],"1008950":[13,"千代田区","霞が関","１丁目２－１"],"1006323":[13,"千代田区","丸の内丸の内ビルディング"],"1006638":[13,"千代田区","丸の内グラントウキョウサウスタワー"],"1006303":[13,"千代田区","丸の内丸の内ビルディング"],"1001213":[13,"三宅島三宅村","雄山"],"1008151":[13,"千代田区","大手町","２丁目１－１"],"1006013":[13,"千代田区","霞が関霞が関ビル"],"1006509":[13,"千代田区","丸の内新丸の内ビルディング"],"1008610":[13,"千代田区","神田小川町","１丁目１１"],"1000000":[13,"千代田区",""],"1008325":[13,"千代田区","丸の内","３丁目３－１"],"1006127":[13,"千代田区","永田町山王パークタワー"],"1006255":[13,"千代田区","丸の内","１丁目１１－１パシフィックセンチュリープレイス丸の内２４階"],"1006602":[13,"千代田区","丸の内グラントウキョウサウスタワー"],"1008320":[13,"千代田区","丸の内","３丁目８－１豊田通商丸の内ビル"],"1008180":[13,"千代田区","大手町","１丁目１－３"],"1006723":[13,"千代田区","丸の内グラントウキョウノースタワー"],"1006215":[13,"千代田区","丸の内パシフィックセンチュリープレイス丸の内"],"1006173":[13,"千代田区","永田町","２丁目１１－１山王パークタワー"],"1008348":[13,"千代田区","丸の内","２丁目６番１号"],"1006611":[13,"千代田区","丸の内グラントウキョウサウスタワー"],"1006417":[13,"千代田区","丸の内東京ビルディング"],"1006608":[13,"千代田区","丸の内グラントウキョウサウスタワー"],"1006633":[13,"千代田区","丸の内グラントウキョウサウスタワー"],"1006223":[13,"千代田区","丸の内パシフィックセンチュリープレイス丸の内"],"1006131":[13,"千代田区","永田町山王パークタワー"],"1006713":[13,"千代田区","丸の内グラントウキョウノースタワー"],"1006104":[13,"千代田区","永田町山王パークタワー"],"1008355":[13,"千代田区","丸の内","３丁目３－１"],"1008182":[13,"千代田区","大手町","２丁目２－１"],"1006208":[13,"千代田区","丸の内パシフィックセンチュリープレイス丸の内"],"1006212":[13,"千代田区","丸の内パシフィックセンチュリープレイス丸の内"],"1008795":[13,"千代田区","丸の内","１丁目６－１"],"1008926":[13,"千代田区","霞が関","２丁目１－２"],"1006214":[13,"千代田区","丸の内パシフィックセンチュリープレイス丸の内"],"1008118":[13,"千代田区","大手町","１丁目９－４経団連会館ビル内"],"1006337":[13,"千代田区","丸の内丸の内ビルディング"],"1001492":[13,"八丈島八丈町","大賀郷","２４６６－２"],"1008558":[13,"千代田区","内幸町","１丁目１－１"],"1006410":[13,"千代田区","丸の内東京ビルディング"],"1008979":[13,"千代田区","霞が関","３丁目３－２"],"1006121":[13,"千代田区","永田町山王パークタワー"],"1008670":[13,"千代田区","大手町","２丁目２－１"],"1006717":[13,"千代田区","丸の内グラントウキョウノースタワー"],"1006334":[13,"千代田区","丸の内丸の内ビルディング"],"1006026":[13,"千代田区","霞が関霞が関ビル"],"1008511":[13,"千代田区","内幸町","２丁目２－２"],"1006524":[13,"千代田区","丸の内新丸の内ビルディング"],"1006738":[13,"千代田区","丸の内グラントウキョウノースタワー"],"1006229":[13,"千代田区","丸の内パシフィックセンチュリープレイス丸の内"],"1006314":[13,"千代田区","丸の内丸の内ビルディング"],"1008101":[13,"千代田区","大手町","２丁目６－４"],"1006503":[13,"千代田区","丸の内新丸の内ビルディング"],"1006414":[13,"千代田区","丸の内東京ビルディング"],"1008965":[13,"千代田区","霞が関","３丁目７番３号"],"1008903":[13,"千代田区","霞が関","１丁目１－１"],"1006132":[13,"千代田区","永田町山王パークタワー"],"1008440":[13,"千代田区","有楽町","１丁目１－２"],"1008916":[13,"千代田区","霞が関","１丁目２－２"],"1001301":[13,"御蔵島村",""],"1006109":[13,"千代田区","永田町山王パークタワー"],"1006090":[13,"千代田区","霞が関霞が関ビル"],"1008933":[13,"千代田区","霞が関","１丁目１－４"],"1006630":[13,"千代田区","丸の内グラントウキョウサウスタワー"],"1006529":[13,"千代田区","丸の内新丸の内ビルディング"],"1008639":[11,"川越市","大字今福","８２５－３メールハウス今福センター"],"1006123":[13,"千代田区","永田町山王パークタワー"],"1006014":[13,"千代田区","霞が関霞が関ビル"],"1006724":[13,"千代田区","丸の内グラントウキョウノースタワー"]}
