{"3998251":[20,"松本市","島内"],"3994588":[20,"上伊那郡南箕輪村","","３８８４－１"],"3992607":[20,"飯田市","下久堅南原"],"3997502":[20,"東筑摩郡筑北村","東条"],"3990742":[20,"塩尻市","大門泉町"],"3994103":[20,"駒ヶ根市","梨の木"],"3994301":[20,"上伊那郡宮田村",""],"3998102":[20,"安曇野市","三郷温"],"3997200":[20,"東筑摩郡生坂村",""],"3998200":[20,"安曇野市",""],"3992612":[20,"飯田市","上久堅戊"],"3994571":[20,"上伊那郡南箕輪村","","９７９２－６"],"3990785":[20,"塩尻市","大字広丘原新田","８０"],"3999300":[20,"北安曇郡白馬村",""],"3992223":[20,"飯田市","千栄"],"3998283":[20,"安曇野市","豊科","４２７０－６"],"3998288":[20,"安曇野市","豊科","３１００"],"3998205":[20,"安曇野市","豊科"],"3994583":[20,"上伊那郡南箕輪村","","２３８０－４８０"],"3991503":[20,"下伊那郡阿南町","南條"],"3998750":[20,"松本市","大字笹賀","３０４６"],"3990013":[20,"松本市","芳川平田"],"3997416":[20,"松本市","七嵐"],"3998305":[20,"安曇野市","穂高牧"],"3998730":[20,"松本市","大字笹賀","５５６２番地"],"3993304":[20,"下伊那郡松川町","大島"],"3990425":[20,"上伊那郡辰野町","樋口"],"3997411":[20,"松本市","中川"],"3993300":[20,"下伊那郡松川町",""],"3998301":[20,"安曇野市","穂高有明"],"3990726":[20,"塩尻市","下西条"],"3999192":[20,"大町市","美麻","１１３９９"],"3994116":[20,"駒ヶ根市","上穂北"],"3990034":[20,"松本市","野溝東"],"3993192":[20,"下伊那郡高森町","下市田","３１２３"],"3998192":[20,"安曇野市","三郷明盛","４８１０－１"],"3995301":[20,"木曽郡南木曽町","読書"],"3993804":[20,"上伊那郡中川村","四徳"],"3992565":[20,"飯田市","桐林"],"3996201":[20,"木曽郡木祖村","薮原"],"3998292":[20,"安曇野市","豊科","５６８５"],"3997402":[20,"松本市","会田"],"3993107":[20,"下伊那郡高森町","出原"],"3998306":[20,"安曇野市","中房温泉"],"3996101":[20,"木曽郡木曽町","日義"],"3994586":[20,"上伊那郡南箕輪村","","３８８４－１"],"3999400":[20,"北安曇郡小谷村",""],"3990713":[20,"塩尻市","大小屋"],"3991612":[20,"下伊那郡阿南町","新野"],"3994565":[20,"伊那市","大字西箕輪","６５６９－１"],"3998696":[20,"北安曇郡池田町","大字池田","３２０３－６"],"3997700":[20,"東筑摩郡麻績村",""],"3999494":[20,"北安曇郡小谷村","大字中小谷丙","１３１"],"3992222":[20,"飯田市","千代"],"3991201":[20,"下伊那郡天龍村","平岡"],"3990782":[20,"塩尻市","大字広丘野村","９５９"],"3993103":[20,"下伊那郡高森町","下市田"],"3996301":[20,"塩尻市","贄川"],"3990796":[20,"塩尻市","大字塩尻町","３９０"],"3992566":[20,"飯田市","嶋"],"3993311":[20,"下伊那郡豊丘村","河野"],"3991801":[20,"下伊那郡泰阜村",""],"3998712":[20,"松本市","大字芳川村井町","２２３"],"3997301":[20,"大町市","八坂"],"3992431":[20,"飯田市","川路"],"3990025":[20,"松本市","寿台"],"3991601":[20,"下伊那郡売木村",""],"3990493":[20,"上伊那郡辰野町","中央","１"],"3998282":[20,"安曇野市","豊科","５４３２"],"3995500":[20,"木曽郡大桑村",""],"3994692":[20,"上伊那郡箕輪町","大字中箕輪","１２２３８"],"3991401":[20,"飯田市","南信濃木沢"],"3999511":[20,"北安曇郡小谷村","中土"],"3994395":[20,"上伊那郡宮田村","","５３１１－１"],"3994601":[20,"上伊那郡箕輪町","中箕輪"],"3990032":[20,"松本市","芳川村井町"],"3990102":[20,"諏訪郡富士見町","落合"],"3998211":[20,"安曇野市","堀金烏川"],"3990001":[20,"松本市","宮田"],"3990728":[20,"塩尻市","峰原"],"3998101":[20,"安曇野市","三郷明盛"],"3993800":[20,"上伊那郡中川村",""],"3995605":[20,"木曽郡上松町","栄町"],"3999601":[20,"北安曇郡小谷村","北小谷"],"3994100":[20,"駒ヶ根市",""],"3992100":[20,"下伊那郡下條村",""],"3997102":[20,"安曇野市","明科中川手"],"3990293":[20,"諏訪郡富士見町","富士見","２８１"],"3990006":[20,"松本市","野溝西"],"3998702":[20,"松本市","大字寿小赤","２０７０"],"3990734":[20,"塩尻市","大門四番町"],"3990426":[20,"上伊那郡辰野町","宮木"],"3990702":[20,"塩尻市","広丘野村"],"3993702":[20,"上伊那郡飯島町","飯島"],"3992434":[20,"飯田市","伊豆木"],"3990012":[20,"松本市","寿白瀬渕"],"3994113":[20,"駒ヶ根市","赤須町"],"3997413":[20,"松本市","金山町"],"3998304":[20,"安曇野市","穂高柏原"],"3998725":[20,"松本市","大字笹賀","７６００－８"],"3994394":[20,"上伊那郡宮田村","","２０６１"],"3997701":[20,"東筑摩郡麻績村","麻"],"3994592":[20,"上伊那郡南箕輪村","","４８２５－１"],"3990512":[20,"上伊那郡辰野町","上島"],"3990731":[20,"塩尻市","大門六番町"],"3994697":[20,"上伊那郡箕輪町","大字中箕輪","１４０１６"],"3994572":[20,"上伊那郡南箕輪村","","９７５８－３"],"3996302":[20,"塩尻市","木曽平沢"],"3990422":[20,"上伊那郡辰野町","平出"],"3992602":[20,"飯田市","下久堅下虎岩"],"3999422":[20,"北安曇郡小谷村","千国乙"],"3990015":[20,"松本市","平田西"],"3994231":[20,"駒ヶ根市","中沢"],"3990295":[20,"諏訪郡富士見町","富士見","１０１０"],"3994693":[20,"上伊那郡箕輪町","大字中箕輪","８７９３"],"3994587":[20,"上伊那郡南箕輪村","","４０８８"],"3991504":[20,"下伊那郡阿南町","西條"],"3998602":[20,"北安曇郡池田町","会染"],"3994605":[20,"上伊那郡箕輪町","中曽根"],"3990745":[20,"塩尻市","大門桔梗町"],"3997501":[20,"東筑摩郡筑北村","西条"],"3990427":[20,"上伊那郡辰野町","中央"],"3993803":[20,"上伊那郡中川村","葛島"],"3990700":[20,"塩尻市",""],"3998604":[20,"北安曇郡池田町","広津"],"3990733":[20,"塩尻市","大門三番町"],"3993892":[20,"上伊那郡中川村","大草","４０４５－１"],"3994115":[20,"駒ヶ根市","上穂栄町"],"3994432":[20,"伊那市","東春近"],"3992564":[20,"飯田市","上川路"],"3998601":[20,"北安曇郡池田町","池田"],"3994393":[20,"上伊那郡宮田村","","１９７２"],"3997417":[20,"松本市","刈谷原町"],"3993193":[20,"下伊那郡高森町","下市田","２１８３－１"],"3997101":[20,"安曇野市","明科東川手"],"3997192":[20,"安曇野市","明科中川手","６８２４－１"],"3990428":[20,"上伊那郡辰野町","伊那富"],"3993501":[20,"下伊那郡大鹿村","鹿塩"],"3994600":[20,"上伊那郡箕輪町",""],"3994597":[20,"上伊那郡南箕輪村","","３６８５－２"],"3997202":[20,"東筑摩郡生坂村","北陸郷"],"3990200":[20,"諏訪郡富士見町",""],"3994192":[20,"駒ヶ根市","赤須町","２０－１"],"3990737":[20,"塩尻市","大門八番町"],"3999211":[20,"北安曇郡白馬村","神城"],"3994564":[20,"伊那市","大字西箕輪","３９００－１３８"],"3992604":[20,"飯田市","下久堅柿野沢"],"3995600":[20,"木曽郡上松町",""],"3994104":[20,"駒ヶ根市","経塚"],"3998721":[20,"松本市","大字笹賀","３０３９"],"3990027":[20,"松本市","寿南"],"3993102":[20,"下伊那郡高森町","吉田"],"3995302":[20,"木曽郡南木曽町","吾妻"],"3994117":[20,"駒ヶ根市","赤穂"],"3997311":[20,"東筑摩郡生坂村","東広津"],"3998295":[20,"安曇野市","堀金烏川","３３－４"],"3994321":[20,"駒ヶ根市","東伊那"],"3990292":[20,"諏訪郡富士見町","落合","１０７７７"],"3993303":[20,"下伊那郡松川町","元大島"],"3996203":[20,"木曽郡木祖村","小木曽"],"3998751":[20,"松本市","大字笹賀","７６００－２２"],"3997405":[20,"松本市","板場"],"3990722":[20,"塩尻市","柿沢"],"3990795":[20,"塩尻市","大門六番町","３番５６号"],"3993106":[20,"下伊那郡高森町","大島山"],"3997401":[20,"松本市","五常"],"3997414":[20,"松本市","殿野入"],"3997500":[20,"東筑摩郡筑北村",""],"3998703":[20,"松本市","大字芳川村井町","１０５９番地"],"3990400":[20,"上伊那郡辰野町",""],"3998281":[20,"安曇野市","豊科","４３４０"],"3997711":[20,"東筑摩郡筑北村","坂井"],"3998212":[20,"安曇野市","堀金三田"],"3997702":[20,"東筑摩郡麻績村","日"],"3995608":[20,"木曽郡上松町","荻原"],"3990703":[20,"塩尻市","広丘高出"],"3994604":[20,"上伊那郡箕輪町","福与"],"3990033":[20,"松本市","笹賀"],"3998501":[20,"北安曇郡松川村",""],"3998605":[20,"北安曇郡池田町","陸郷"],"3994511":[20,"上伊那郡南箕輪村",""],"3991611":[20,"下伊那郡阿南町","和合"],"3991895":[20,"下伊那郡泰阜村","","３２３６番地１"],"3995604":[20,"木曽郡上松町","正島町"],"3993202":[20,"下伊那郡豊丘村","神稲"],"3992433":[20,"飯田市","立石"],"3997201":[20,"東筑摩郡生坂村",""],"3990024":[20,"松本市","寿小赤"],"3990212":[20,"諏訪郡富士見町","立沢"],"3992101":[20,"下伊那郡下條村","睦沢"],"3990005":[20,"松本市","野溝木工"],"3993705":[20,"上伊那郡飯島町","七久保"],"3998701":[20,"松本市","","村井１２０９"],"3997105":[20,"安曇野市","明科南陸郷"],"3990712":[20,"塩尻市","塩尻町"],"3991200":[20,"下伊那郡天龍村",""],"3998720":[20,"松本市","大字芳川村井町","８２３－２"],"3998386":[20,"安曇野市","穂高北穂高","２０２７－９"],"3998744":[20,"松本市","大字笹賀","５６５２－１０６"],"3994112":[20,"駒ヶ根市","中央"],"3990011":[20,"松本市","寿北"],"3993101":[20,"下伊那郡高森町","山吹"],"3997418":[20,"松本市","反町"],"3990101":[20,"諏訪郡富士見町","境"],"3990706":[20,"塩尻市","広丘原新田"],"3990741":[20,"塩尻市","大門幸町"],"3995501":[20,"木曽郡大桑村","殿"],"3993700":[20,"上伊那郡飯島町",""],"3990497":[20,"上伊那郡辰野町","大字平出","１８４２－７"],"3994575":[20,"伊那市","大字西箕輪","８０８６－１"],"3990002":[20,"松本市","芳野"],"3992611":[20,"飯田市","上久堅"],"3992603":[20,"飯田市","下久堅知久平"],"3996303":[20,"塩尻市","奈良井"],"3991311":[20,"飯田市","南信濃和田"],"3997302":[20,"大町市","八坂菖蒲"],"3993295":[20,"下伊那郡豊丘村","大字神稲","３１２０"],"3990601":[20,"上伊那郡辰野町","小野"],"3990026":[20,"松本市","寿中"],"3994105":[20,"駒ヶ根市","赤須東"],"3995502":[20,"木曽郡大桑村","須原"],"3993105":[20,"下伊那郡高森町","牛牧"],"3998755":[20,"松本市","市場","５－２６"],"3991221":[20,"飯田市","南信濃南和田"],"3998285":[20,"安曇野市","豊科田沢","６９２５"],"3998203":[20,"安曇野市","豊科田沢"],"3994593":[20,"伊那市","大字西箕輪","１９３８－１"],"3995607":[20,"木曽郡上松町","小川"],"3998600":[20,"北安曇郡池田町",""],"3999421":[20,"北安曇郡小谷村","中小谷丙"],"3997504":[20,"東筑摩郡筑北村","乱橋"],"3990736":[20,"塩尻市","大門一番町"],"3993201":[20,"下伊那郡豊丘村","河野"],"3994573":[20,"伊那市","大字西箕輪","２６４０－６"],"3990211":[20,"諏訪郡富士見町","富士見"],"3991501":[20,"下伊那郡阿南町","北條"],"3990716":[20,"塩尻市","桟敷"],"3990421":[20,"上伊那郡辰野町","辰野"],"3993704":[20,"上伊那郡飯島町","本郷"],"3997104":[20,"安曇野市","明科七貴"],"3990014":[20,"松本市","平田東"],"3991202":[20,"下伊那郡天龍村","神原"],"3997404":[20,"松本市","取出"],"3990746":[20,"塩尻市","大門並木町"],"3995300":[20,"木曽郡南木曽町",""],"3999101":[20,"大町市","美麻"],"3991511":[20,"下伊那郡阿南町","東條","５８－１"],"3990724":[20,"塩尻市","上西条"],"3998303":[20,"安曇野市","穂高"],"3994696":[20,"上伊那郡箕輪町","大字中箕輪","８５４８"],"3994106":[20,"駒ヶ根市","東町"],"3992102":[20,"下伊那郡下條村","陽皐"],"3994101":[20,"駒ヶ根市","下平"],"3993500":[20,"下伊那郡大鹿村",""],"3990721":[20,"塩尻市","金井"],"3992432":[20,"飯田市","下瀬"],"3994567":[20,"上伊那郡南箕輪村","","４８０４－１"],"3990495":[20,"上伊那郡辰野町","大字伊那富","６６６６"],"3990704":[20,"塩尻市","広丘郷原"],"3993302":[20,"下伊那郡松川町","生田"],"3997415":[20,"松本市","赤怒田"],"3990424":[20,"上伊那郡辰野町","赤羽"],"3990031":[20,"松本市","芳川小屋"],"3990727":[20,"塩尻市","みどり湖"],"3990725":[20,"塩尻市","中西条"],"3994501":[20,"伊那市","西箕輪"],"3991505":[20,"下伊那郡阿南町","富草"],"3991403":[20,"飯田市","上村"],"3992563":[20,"飯田市","時又"],"3990743":[20,"塩尻市","大門田川町"],"3990705":[20,"塩尻市","広丘堅石"],"3994111":[20,"駒ヶ根市","北町"],"3994431":[20,"伊那市","西春近"],"3996202":[20,"木曽郡木祖村","菅"],"3990023":[20,"松本市","内田"],"3990003":[20,"松本市","芳川野溝"],"3994232":[20,"駒ヶ根市","下平"],"3993797":[20,"上伊那郡飯島町","飯島","２３３８"],"3990711":[20,"塩尻市","片丘"],"3993802":[20,"上伊那郡中川村","片桐"],"3990214":[20,"諏訪郡富士見町","落合"],"3990498":[20,"上伊那郡辰野町","中山","７２番地"],"3995601":[20,"木曽郡上松町","上松"],"3990496":[20,"上伊那郡辰野町","大字伊那富","３３５１"],"3994589":[20,"上伊那郡南箕輪村","","３９３０"],"3995504":[20,"木曽郡大桑村","野尻"],"3997412":[20,"松本市","保福寺町"],"3998707":[20,"松本市","大字芳川村井町","１０５９"],"3994594":[20,"上伊那郡南箕輪村","","９１１０"],"3990004":[20,"松本市","市場"],"3998293":[20,"安曇野市","豊科","５００"],"3997601":[20,"東筑摩郡筑北村","坂北"],"3994584":[20,"上伊那郡南箕輪村","","６２０１"],"3994392":[20,"上伊那郡宮田村","","９８"],"3993200":[20,"下伊那郡豊丘村",""],"3993301":[20,"下伊那郡松川町","上片桐"],"3994576":[20,"上伊那郡南箕輪村","","８２９６－１"],"3998739":[20,"松本市","大字笹賀","５６５２－５２"],"3990511":[20,"上伊那郡辰野町","横川"],"3998201":[20,"安曇野市","豊科南穂高"],"3996461":[20,"塩尻市","宗賀"],"3997403":[20,"松本市","穴沢"],"3990735":[20,"塩尻市","大門二番町"],"3993100":[20,"下伊那郡高森町",""],"3995303":[20,"木曽郡南木曽町","田立"],"3998103":[20,"安曇野市","三郷小倉"],"3993703":[20,"上伊那郡飯島町","日曽利"],"3998733":[20,"松本市","大字笹賀","７６００－２"],"3992606":[20,"飯田市","下久堅稲葉"],"3994570":[20,"上伊那郡南箕輪村","","６２７４"],"3995606":[20,"木曽郡上松町","緑町"],"3994568":[20,"上伊那郡南箕輪村","","３１２５－１"],"3998695":[20,"北安曇郡池田町","大字池田","３２０７－１"],"3996200":[20,"木曽郡木祖村",""],"3998204":[20,"安曇野市","豊科高家"],"3995603":[20,"木曽郡上松町","駅前通り"],"3992562":[20,"飯田市","長野原"],"3990021":[20,"松本市","寿豊丘"],"3994695":[20,"上伊那郡箕輪町","大字中箕輪","１０２９８"],"3993701":[20,"上伊那郡飯島町","田切"],"3991500":[20,"下伊那郡阿南町",""],"3994102":[20,"駒ヶ根市","飯坂"],"3998297":[20,"安曇野市","豊科","４９３２－４６"],"3990738":[20,"塩尻市","大門七番町"],"3997503":[20,"東筑摩郡筑北村","大沢新田"],"3990786":[20,"塩尻市","大字大門","７番町３番３号"],"3992601":[20,"飯田市","虎岩"],"3998286":[20,"安曇野市","豊科","１０００"],"3991502":[20,"下伊那郡阿南町","東條"],"3990714":[20,"塩尻市","堀ノ内"],"3994581":[20,"伊那市","大字西箕輪","２６４０－１０"],"3990781":[20,"塩尻市","大字広丘郷原","１７８０"],"3991689":[20,"下伊那郡売木村","","９６８－１"],"3994498":[20,"伊那市","西春近","５０７４"],"3998302":[20,"安曇野市","穂高北穂高"],"3994578":[20,"上伊那郡南箕輪村","","９８１７－１"],"3995609":[20,"木曽郡上松町","旭町"],"3993502":[20,"下伊那郡大鹿村","大河原"],"3992561":[20,"飯田市","駄科"],"3990022":[20,"松本市","松原"],"3993104":[20,"下伊那郡高森町","上市田"],"3994603":[20,"上伊那郡箕輪町","三日町"],"3998710":[20,"松本市","芳野","１９－４８"],"3990723":[20,"塩尻市","旧塩尻"],"3994566":[20,"上伊那郡南箕輪村","","８３０６－９８６"],"3998392":[20,"安曇野市","穂高","６６５８"],"3994598":[20,"上伊那郡南箕輪村","","８３０４"],"3991392":[20,"飯田市","南信濃和田","１３７９"],"3995503":[20,"木曽郡大桑村","長野"],"3997103":[20,"安曇野市","明科光"],"3998722":[20,"松本市","大字笹賀","５６５２－１８"],"3991312":[20,"飯田市","南信濃八重河内"],"3991203":[20,"下伊那郡天龍村","長島"],"3993801":[20,"上伊那郡中川村","大草"],"3998728":[20,"松本市","大字笹賀","６５３１－２６"],"3992605":[20,"飯田市","下久堅小林"],"3990423":[20,"上伊那郡辰野町","沢底"],"3994585":[20,"上伊那郡南箕輪村","","５１９６－１"],"3998738":[20,"松本市","大字笹賀","７６００－１９"],"3990651":[20,"塩尻市","北小野"],"3990701":[20,"塩尻市","広丘吉田"],"3991313":[20,"飯田市","南信濃南和田"],"3994595":[20,"上伊那郡南箕輪村","","４１２４－１"],"3990213":[20,"諏訪郡富士見町","乙事"],"3990007":[20,"松本市","石芝"],"3990732":[20,"塩尻市","大門五番町"],"3998603":[20,"北安曇郡池田町","中鵜"],"3990000":[20,"松本市",""],"3990492":[20,"上伊那郡辰野町","大字伊那富","３９３４"],"3992221":[20,"飯田市","龍江"],"3994195":[20,"駒ヶ根市","北町","２２－１"],"3990071":[20,"塩尻市","片丘"],"3998202":[20,"安曇野市","豊科光"],"3990715":[20,"塩尻市","長畝"],"3995602":[20,"木曽郡上松町","本町通り"],"3998711":[20,"松本市","宮田","２－１０"],"3996462":[20,"塩尻市","洗馬"],"3998754":[20,"松本市","大字芳川村井町","３６－１"],"3994114":[20,"駒ヶ根市","上穂南"],"3999301":[20,"北安曇郡白馬村","北城"],"3999393":[20,"北安曇郡白馬村","大字北城","７０２５"],"3990744":[20,"塩尻市","大門七区"],"3994602":[20,"上伊那郡箕輪町","東箕輪"],"3998760":[20,"松本市","大字笹賀","７６００－１３"]}
