{"1110036":[13,"台東区","松が谷"],"1110043":[13,"台東区","駒形"],"1118676":[13,"台東区","雷門","２丁目１９－１７"],"1118606":[13,"台東区","雷門","１丁目６－１"],"1110051":[13,"台東区","蔵前"],"1110025":[13,"台東区","東浅草"],"1118755":[13,"台東区","蔵前","２丁目５－３"],"1118602":[13,"台東区","蔵前","２丁目８－１２"],"1118081":[13,"台東区","駒形","１丁目４－８"],"1118631":[13,"台東区","西浅草","１丁目１－１"],"1118798":[13,"台東区","西浅草","１丁目１－１"],"1118577":[13,"台東区","浅草橋","５丁目２０－８ＣＳタワー１１Ｆ"],"1118630":[13,"台東区","蔵前","３丁目１７－３蔵前インテリジェントビル９階"],"1118530":[13,"台東区","雷門","１丁目１３－８"],"1118640":[13,"台東区","浅草橋","１丁目１０－１０"],"1118710":[13,"台東区","寿","１丁目５－９"],"1118558":[13,"台東区","松が谷","１丁目３－５ＳＥＦビル"],"1118560":[13,"台東区","花川戸","２丁目７－１"],"1118539":[13,"台東区","寿","３丁目１５－１５"],"1118525":[13,"台東区","浅草橋","５丁目２４－６ＤＪＫ浅草橋ビル８階"],"1118678":[13,"台東区","蔵前","２丁目６－４"],"1118788":[13,"台東区","西浅草","１丁目１－１"],"1110041":[13,"台東区","元浅草"],"1118611":[13,"台東区","柳橋","１丁目２－１０"],"1118515":[13,"台東区","浅草橋","１丁目９－１４"],"1118508":[13,"台東区","松が谷","３丁目２１－９"],"1118543":[13,"台東区","柳橋","１丁目２０－５タカビル６Ｆ"],"1118650":[13,"台東区","駒形","１丁目４－１８"],"1118615":[13,"台東区","寿","２丁目１－１３"],"1118507":[13,"台東区","浅草橋","４丁目１９－８"],"1118512":[13,"台東区","浅草","６丁目３０－８"],"1118588":[13,"台東区","西浅草","３丁目２４－６"],"1118661":[13,"台東区","柳橋","２丁目１６－１６"],"1118688":[13,"台東区","寿","１丁目６－８"],"1118561":[13,"台東区","浅草橋","５丁目２０－８"],"1118533":[13,"台東区","浅草橋","５丁目１３－６"],"1110053":[13,"台東区","浅草橋"],"1118656":[13,"台東区","元浅草","２丁目１１－７"],"1118642":[13,"台東区","浅草","２丁目３４－１０"],"1118506":[13,"台東区","元浅草","２丁目７－１３"],"1110021":[13,"台東区","日本堤"],"1110032":[13,"台東区","浅草"],"1118677":[13,"台東区","元浅草","２丁目６番６号東京日産台東ビル７階"],"1118618":[13,"台東区","駒形","２丁目２－２"],"1118666":[13,"台東区","浅草","６丁目３０－８"],"1118575":[13,"台東区","駒形","２丁目４－８"],"1118655":[13,"台東区","駒形","１丁目８－１０"],"1110052":[13,"台東区","柳橋"],"1110042":[13,"台東区","寿"],"1118765":[13,"台東区","西浅草","３丁目１７－１"],"1110035":[13,"台東区","西浅草"],"1118625":[13,"台東区","柳橋","１丁目２８－１"],"1118701":[13,"台東区","浅草","１丁目１－２"],"1118511":[13,"台東区","元浅草","３丁目２－１"],"1118532":[13,"台東区","西浅草","２丁目１６－４"],"1110022":[13,"台東区","清川"],"1110031":[13,"台東区","千束"],"1118608":[13,"台東区","寿","２丁目１－１３"],"1118521":[13,"台東区","柳橋","２丁目１－９"],"1110054":[13,"台東区","鳥越"],"1118522":[13,"台東区","元浅草","２丁目６－７"],"1118639":[13,"台東区","元浅草","１丁目１－１"],"1118555":[13,"台東区","駒形","１丁目１２－３"],"1118610":[13,"台東区","寿","４丁目１６－７"],"1118505":[13,"台東区","浅草橋","５丁目２０番８号ＣＳタワー１１階"],"1110055":[13,"台東区","三筋"],"1118622":[13,"台東区","浅草","６丁目２２－２"],"1118518":[13,"台東区","蔵前","４丁目１６－８"],"1118637":[13,"台東区","柳橋","２丁目１７－４"],"1118501":[13,"台東区","浅草","４丁目４７－１１"],"1118607":[13,"台東区","浅草橋","５丁目２０－８ＣＳタワー"],"1118612":[13,"台東区","浅草橋","１丁目３４－９"],"1118721":[13,"台東区","寿","３丁目１９－８"],"1118580":[13,"台東区","寿","３丁目１６－１"],"1118510":[13,"台東区","柳橋","２丁目２０－１１"],"1110033":[13,"台東区","花川戸"],"1110056":[13,"台東区","小島"],"1118708":[13,"台東区","雷門","２丁目１６－９"],"1118681":[13,"台東区","駒形","１丁目１２－３"],"1118566":[13,"台東区","元浅草","１丁目１２－２"],"1118711":[13,"台東区","浅草","４丁目４０－４"],"1118556":[13,"台東区","浅草橋","２丁目２９－１４"],"1118707":[13,"台東区","台東","２丁目７－６"],"1118605":[13,"台東区","蔵前","２丁目６－７"],"1118531":[13,"台東区","浅草橋","３丁目３－１"],"1118620":[13,"台東区","浅草橋","３丁目２６－５"],"1118534":[13,"台東区","今戸","１丁目１１－３"],"1118567":[13,"台東区","西浅草","１丁目７－１"],"1118683":[13,"台東区","雷門","１丁目２－１１フコク生命ビル５Ｆ"],"1118628":[13,"台東区","松が谷","１丁目１－１"],"1110023":[13,"台東区","橋場"],"1110034":[13,"台東区","雷門"],"1118686":[13,"台東区","寿","３丁目７－１１"],"1110024":[13,"台東区","今戸"],"1118502":[13,"台東区","西浅草","１丁目１－１かんぽ浅草ビル７Ｆ"],"1118585":[13,"台東区","浅草橋","５丁目２１－４"],"1118621":[13,"台東区","西浅草","３丁目２５－１６"]}
