{"5180224":[24,"伊賀市","柏尾"],"5180004":[24,"伊賀市","寺田"],"5181417":[24,"伊賀市","富永"],"5180715":[24,"名張市","柳原町"],"5180105":[24,"伊賀市","比自岐"],"5180856":[24,"伊賀市","上野徳居町"],"5180843":[24,"伊賀市","久米町"],"5180618":[24,"名張市","美旗町中２番"],"5180848":[24,"伊賀市","上野西日南町"],"5181422":[24,"伊賀市","平田"],"5180463":[24,"名張市","赤目町檀"],"5180017":[24,"伊賀市","大谷"],"5180761":[24,"名張市","竜口"],"5180621":[24,"名張市","桔梗が丘１番町"],"5180430":[24,"名張市","つつじが丘北１０番町"],"5188501":[24,"伊賀市","上野丸之内","１１６番地"],"5180400":[24,"名張市",""],"5181141":[24,"伊賀市","菖蒲池"],"5180821":[24,"伊賀市","生琉里"],"5180844":[24,"伊賀市","八幡町"],"5180123":[24,"伊賀市","猪田"],"5180756":[24,"名張市","緑が丘東"],"5180108":[24,"伊賀市","才良"],"5180847":[24,"伊賀市","上野鉄砲町"],"5180114":[24,"伊賀市","朝日ケ丘町"],"5180439":[24,"名張市","つつじが丘北９番町"],"5181147":[24,"伊賀市","蔵縄手"],"5180407":[24,"名張市","すずらん台西２番町"],"5180131":[24,"伊賀市","ゆめが丘"],"5181412":[24,"伊賀市","上阿波"],"5180607":[24,"名張市","家野"],"5181325":[24,"伊賀市","丸柱"],"5180711":[24,"名張市","東町"],"5180471":[24,"名張市","百合が丘東１番町"],"5180192":[24,"伊賀市","下神戸","２７５６"],"5180479":[24,"名張市","百合が丘東９番町"],"5180445":[24,"名張市","瀬古口"],"5180424":[24,"名張市","つつじが丘南４番町"],"5180825":[24,"伊賀市","小田町"],"5180294":[24,"伊賀市","阿保","２５１番地"],"5180632":[24,"名張市","桔梗が丘南２番町"],"5180702":[24,"名張市","鴻之台２番町"],"5181321":[24,"伊賀市","内保"],"5180476":[24,"名張市","百合が丘東６番町"],"5180830":[24,"伊賀市","平野城北町"],"5180735":[24,"名張市","結馬"],"5180433":[24,"名張市","つつじが丘北３番町"],"5180604":[24,"名張市","さつき台"],"5180716":[24,"名張市","上本町"],"5180443":[24,"名張市","青蓮寺"],"5181318":[24,"伊賀市","波敷野"],"5180495":[24,"名張市","八幡","１３００－５０"],"5181405":[24,"伊賀市","鳳凰寺"],"5180464":[24,"名張市","赤目町柏原"],"5180014":[24,"伊賀市","西条"],"5181311":[24,"伊賀市","馬田"],"5181406":[24,"伊賀市","中村"],"5180203":[24,"伊賀市","勝地"],"5180755":[24,"名張市","緑が丘中"],"5180866":[24,"伊賀市","上野小玉町"],"5180744":[24,"名張市","梅が丘南４番町"],"5180739":[24,"名張市","下三谷"],"5180127":[24,"伊賀市","山出"],"5180001":[24,"伊賀市","佐那具町"],"5180722":[24,"名張市","松崎町"],"5180814":[24,"伊賀市","上友生"],"5180809":[24,"伊賀市","西明寺"],"5180712":[24,"名張市","桜ケ丘"],"5180727":[24,"名張市","新町"],"5180807":[24,"伊賀市","平野上川原"],"5180801":[24,"伊賀市","平野見能"],"5181425":[24,"伊賀市","川北"],"5181304":[24,"伊賀市","中友田"],"5180823":[24,"伊賀市","四十九町"],"5180873":[24,"伊賀市","上野丸之内"],"5180833":[24,"伊賀市","緑ケ丘東町"],"5180622":[24,"名張市","桔梗が丘２番町"],"5180612":[24,"名張市","下小波田"],"5180405":[24,"名張市","すずらん台東５番町"],"5181326":[24,"伊賀市","槇山"],"5181323":[24,"伊賀市","石川"],"5180417":[24,"名張市","富貴ケ丘４番町"],"5180733":[24,"名張市","大屋戸"],"5180026":[24,"伊賀市","岩倉"],"5181314":[24,"伊賀市","円徳院"],"5181154":[24,"伊賀市","大滝"],"5180647":[24,"名張市","桔梗が丘西７番町"],"5180456":[24,"名張市","春日丘４番町"],"5180483":[24,"名張市","百合が丘西３番町"],"5180459":[24,"名張市","春日丘７番町"],"5180498":[24,"名張市","春日丘７番町","１番地"],"5180215":[24,"伊賀市","霧生"],"5180505":[24,"名張市","奈垣"],"5180859":[24,"伊賀市","上野相生町"],"5180423":[24,"名張市","つつじが丘南３番町"],"5180025":[24,"伊賀市","西高倉"],"5180205":[24,"伊賀市","伊勢路"],"5180641":[24,"名張市","桔梗が丘西１番町"],"5181416":[24,"伊賀市","下阿波"],"5181313":[24,"伊賀市","馬場"],"5180000":[24,"伊賀市",""],"5180804":[24,"伊賀市","平野六反田"],"5181403":[24,"伊賀市","炊村"],"5180633":[24,"名張市","桔梗が丘南３番町"],"5180701":[24,"名張市","鴻之台１番町"],"5180293":[24,"伊賀市","阿保","１３６"],"5180102":[24,"伊賀市","市部"],"5180206":[24,"伊賀市","下川原"],"5180007":[24,"伊賀市","服部町"],"5181316":[24,"伊賀市","阿山ハイツ"],"5180031":[24,"伊賀市","長田"],"5180732":[24,"名張市","松原町"],"5180643":[24,"名張市","桔梗が丘西３番町"],"5180124":[24,"伊賀市","下郡"],"5180016":[24,"伊賀市","山神"],"5180724":[24,"名張市","榊町"],"5180836":[24,"伊賀市","緑ケ丘本町"],"5180478":[24,"名張市","百合が丘東８番町"],"5180481":[24,"名張市","百合が丘西１番町"],"5180408":[24,"名張市","すずらん台西３番町"],"5181142":[24,"伊賀市","古山界外"],"5181305":[24,"伊賀市","下友田"],"5180412":[24,"名張市","上比奈知"],"5180431":[24,"名張市","つつじが丘北１番町"],"5180434":[24,"名張市","つつじが丘北４番町"],"5180034":[24,"伊賀市","大内"],"5180427":[24,"名張市","つつじが丘南７番町"],"5181408":[24,"伊賀市","畑村"],"5180496":[24,"名張市","夏見","２８３２"],"5180875":[24,"伊賀市","上野向島町"],"5180810":[24,"伊賀市","平野東町"],"5180616":[24,"名張市","美旗町南西原"],"5180862":[24,"伊賀市","上野片原町"],"5180839":[24,"伊賀市","上野田端町"],"5180703":[24,"名張市","鴻之台３番町"],"5181303":[24,"伊賀市","上友田"],"5180428":[24,"名張市","つつじが丘南８番町"],"5181421":[24,"伊賀市","真泥"],"5180465":[24,"名張市","赤目町丈六"],"5180035":[24,"伊賀市","七本木"],"5180745":[24,"名張市","梅が丘南５番町"],"5180831":[24,"伊賀市","上野農人町"],"5180861":[24,"伊賀市","上野東町"],"5181407":[24,"伊賀市","出後"],"5180022":[24,"伊賀市","三田"],"5180774":[24,"名張市","希央台４番町"],"5180726":[24,"名張市","本町"],"5180869":[24,"伊賀市","上野中町"],"5180717":[24,"名張市","中町"],"5180714":[24,"名張市","鍛冶町"],"5180484":[24,"名張市","百合が丘西４番町"],"5180818":[24,"伊賀市","荒木"],"5180107":[24,"伊賀市","枅川"],"5180872":[24,"伊賀市","上野玄蕃町"],"5181404":[24,"伊賀市","甲野"],"5180736":[24,"名張市","井手"],"5188518":[24,"伊賀市","ゆめが丘","７丁目７番地の６"],"5180223":[24,"伊賀市","岡田"],"5180219":[24,"伊賀市","老川"],"5180458":[24,"名張市","春日丘６番町"],"5180485":[24,"名張市","百合が丘西５番町"],"5180475":[24,"名張市","百合が丘東５番町"],"5180625":[24,"名張市","桔梗が丘５番町"],"5180634":[24,"名張市","桔梗が丘南４番町"],"5180201":[24,"伊賀市","瀧"],"5180455":[24,"名張市","春日丘３番町"],"5180444":[24,"名張市","箕曲中村"],"5180202":[24,"伊賀市","妙楽地"],"5180817":[24,"伊賀市","下友生"],"5180713":[24,"名張市","平尾"],"5181153":[24,"伊賀市","桂"],"5181424":[24,"伊賀市","富岡"],"5180603":[24,"名張市","西原町"],"5180411":[24,"名張市","滝之原"],"5180418":[24,"名張市","富貴ケ丘５番町"],"5180822":[24,"伊賀市","問屋町"],"5180403":[24,"名張市","すずらん台東３番町"],"5180414":[24,"名張市","富貴ケ丘１番町"],"5180751":[24,"名張市","蔵持町芝出"],"5180404":[24,"名張市","すずらん台東４番町"],"5181428":[24,"伊賀市","中馬野"],"5181324":[24,"伊賀市","音羽"],"5180013":[24,"伊賀市","東条"],"5180835":[24,"伊賀市","緑ケ丘南町"],"5180771":[24,"名張市","希央台１番町"],"5180741":[24,"名張市","梅が丘南１番町"],"5180211":[24,"伊賀市","奥鹿野"],"5181151":[24,"伊賀市","白樫"],"5180227":[24,"伊賀市","青山羽根"],"5181302":[24,"伊賀市","東湯舟"],"5180442":[24,"名張市","中知山"],"5180840":[24,"伊賀市","陽光台"],"5180611":[24,"名張市","新田"],"5180468":[24,"名張市","赤目町一ノ井"],"5181317":[24,"伊賀市","大江"],"5180113":[24,"伊賀市","古郡"],"5180723":[24,"名張市","木屋町"],"5180601":[24,"名張市","南古山"],"5180482":[24,"名張市","百合が丘西２番町"],"5180032":[24,"伊賀市","朝屋"],"5180614":[24,"名張市","美旗町池の台東"],"5180874":[24,"伊賀市","上野幸坂町"],"5180432":[24,"名張市","つつじが丘北２番町"],"5180103":[24,"伊賀市","沖"],"5180426":[24,"名張市","つつじが丘南６番町"],"5181315":[24,"伊賀市","川合"],"5180871":[24,"伊賀市","上野赤坂町"],"5181145":[24,"伊賀市","安場"],"5180006":[24,"伊賀市","羽根"],"5180024":[24,"伊賀市","東高倉"],"5180619":[24,"名張市","美旗町中３番"],"5180012":[24,"伊賀市","坂之下"],"5180615":[24,"名張市","美旗中村"],"5180422":[24,"名張市","つつじが丘南２番町"],"5180477":[24,"名張市","百合が丘東７番町"],"5180852":[24,"伊賀市","上野伊予町"],"5180721":[24,"名張市","朝日町"],"5180808":[24,"伊賀市","平野蔵垣内"],"5180811":[24,"伊賀市","喰代"],"5180409":[24,"名張市","すずらん台西４番町"],"5180718":[24,"名張市","丸之内"],"5180486":[24,"名張市","百合が丘西６番町"],"5180021":[24,"伊賀市","諏訪"],"5180608":[24,"名張市","鵜山"],"5180493":[24,"名張市","八幡","１３００－１５"],"5181306":[24,"伊賀市","湯舟"],"5180734":[24,"名張市","黒田"],"5180868":[24,"伊賀市","上野西町"],"5180816":[24,"伊賀市","中友生"],"5181312":[24,"伊賀市","田中"],"5180754":[24,"名張市","緑が丘西"],"5180296":[24,"伊賀市","奥鹿野","１９９０"],"5180292":[24,"伊賀市","阿保","１４１１"],"5180437":[24,"名張市","つつじが丘北７番町"],"5180838":[24,"伊賀市","上野茅町"],"5180125":[24,"伊賀市","上郡"],"5180864":[24,"伊賀市","上野鍛冶町"],"5180813":[24,"伊賀市","蓮池"],"5180854":[24,"伊賀市","上野忍町"],"5180746":[24,"名張市","梅が丘北１番町"],"5181155":[24,"伊賀市","治田"],"5180642":[24,"名張市","桔梗が丘西２番町"],"5180645":[24,"名張市","桔梗が丘西５番町"],"5180863":[24,"伊賀市","上野新町"],"5188533":[24,"伊賀市","四十九町","２８０２"],"5180504":[24,"名張市","神屋"],"5180752":[24,"名張市","蔵持町原出"],"5180112":[24,"伊賀市","上林"],"5180441":[24,"名張市","夏見"],"5180827":[24,"伊賀市","平野清水"],"5180602":[24,"名張市","東田原"],"5181301":[24,"伊賀市","西湯舟"],"5180749":[24,"名張市","梅が丘北４番町"],"5180474":[24,"名張市","百合が丘東４番町"],"5180492":[24,"名張市","鴻之台１番町","１"],"5181319":[24,"伊賀市","千貝"],"5180646":[24,"名張市","桔梗が丘西６番町"],"5180878":[24,"伊賀市","上野西大手町"],"5181152":[24,"伊賀市","予野"],"5180106":[24,"伊賀市","岡波"],"5180762":[24,"名張市","上三谷"],"5180624":[24,"名張市","桔梗が丘４番町"],"5180466":[24,"名張市","赤目町新川"],"5180435":[24,"名張市","つつじが丘北５番町"],"5180628":[24,"名張市","桔梗が丘８番町"],"5180425":[24,"名張市","つつじが丘南５番町"],"5180415":[24,"名張市","富貴ケ丘２番町"],"5180737":[24,"名張市","安部田"],"5180851":[24,"伊賀市","上野寺町"],"5180704":[24,"名張市","鴻之台４番町"],"5180214":[24,"伊賀市","腰山"],"5181429":[24,"伊賀市","坂下"],"5180606":[24,"名張市","薦生"],"5180841":[24,"伊賀市","上野恵美須町"],"5180502":[24,"名張市","上長瀬"],"5180453":[24,"名張市","春日丘１番町"],"5180461":[24,"名張市","赤目町すみれが丘"],"5180218":[24,"伊賀市","川上"],"5180003":[24,"伊賀市","一之宮"],"5180419":[24,"名張市","富貴ケ丘６番町"],"5180829":[24,"伊賀市","平野山之下"],"5180772":[24,"名張市","希央台２番町"],"5180402":[24,"名張市","すずらん台東２番町"],"5180775":[24,"名張市","希央台５番町"],"5180226":[24,"伊賀市","阿保"],"5180729":[24,"名張市","南町"],"5180826":[24,"伊賀市","平野北谷"],"5180742":[24,"名張市","梅が丘南２番町"],"5180104":[24,"伊賀市","摺見"],"5180222":[24,"伊賀市","寺脇"],"5180710":[24,"名張市","上八町"],"5180858":[24,"伊賀市","上野紺屋町"],"5180846":[24,"伊賀市","上野愛宕町"],"5180204":[24,"伊賀市","北山"],"5180469":[24,"名張市","赤目町長坂"],"5180834":[24,"伊賀市","緑ケ丘中町"],"5180740":[24,"名張市","梅が丘北５番町"],"5181426":[24,"伊賀市","広瀬"],"5180438":[24,"名張市","つつじが丘北８番町"],"5180121":[24,"伊賀市","上之庄"],"5180454":[24,"名張市","春日丘２番町"],"5180644":[24,"名張市","桔梗が丘西４番町"],"5180002":[24,"伊賀市","千歳"],"5180225":[24,"伊賀市","桐ケ丘"],"5180613":[24,"名張市","上小波田"],"5180111":[24,"伊賀市","下神戸"],"5180213":[24,"伊賀市","諸木"],"5180857":[24,"伊賀市","上野三之西町"],"5180462":[24,"名張市","赤目町星川"],"5181427":[24,"伊賀市","奥馬野"],"5180626":[24,"名張市","桔梗が丘６番町"],"5180494":[24,"名張市","八幡","１３００－４５"],"5180812":[24,"伊賀市","高山"],"5181144":[24,"伊賀市","東谷"],"5181307":[24,"伊賀市","東山タウン"],"5180605":[24,"名張市","八幡"],"5180401":[24,"名張市","すずらん台東１番町"],"5181146":[24,"伊賀市","湯屋谷"],"5180853":[24,"伊賀市","上野池町"],"5180122":[24,"伊賀市","笠部"],"5180503":[24,"名張市","布生"],"5180295":[24,"伊賀市","霧生","２３５６"],"5180855":[24,"伊賀市","上野万町"],"5180719":[24,"名張市","栄町"],"5180413":[24,"名張市","下比奈知"],"5181401":[24,"伊賀市","千戸"],"5180631":[24,"名張市","桔梗が丘南１番町"],"5181414":[24,"伊賀市","猿野"],"5180473":[24,"名張市","百合が丘東３番町"],"5180036":[24,"伊賀市","法花"],"5180011":[24,"伊賀市","外山"],"5180115":[24,"伊賀市","比土"],"5180824":[24,"伊賀市","守田町"],"5180008":[24,"伊賀市","印代"],"5180436":[24,"名張市","つつじが丘北６番町"],"5180023":[24,"伊賀市","野間"],"5180617":[24,"名張市","美旗町中１番"],"5180849":[24,"伊賀市","上野東日南町"],"5180116":[24,"伊賀市","上神戸"],"5180472":[24,"名張市","百合が丘東２番町"],"5180217":[24,"伊賀市","種生"],"5180627":[24,"名張市","桔梗が丘７番町"],"5180845":[24,"伊賀市","木興町"],"5180033":[24,"伊賀市","大野木"],"5180467":[24,"名張市","赤目町相楽"],"5180837":[24,"伊賀市","緑ケ丘西町"],"5180867":[24,"伊賀市","上野福居町"],"5180705":[24,"名張市","鴻之台５番町"],"5180446":[24,"名張市","南百合が丘"],"5180027":[24,"伊賀市","西山"],"5180815":[24,"伊賀市","界外"],"5180747":[24,"名張市","梅が丘北２番町"],"5180101":[24,"伊賀市","依那具"],"5180421":[24,"名張市","つつじが丘南１番町"],"5180015":[24,"伊賀市","土橋"],"5180212":[24,"伊賀市","福川"],"5180126":[24,"伊賀市","森寺"],"5180609":[24,"名張市","西田原"],"5180406":[24,"名張市","すずらん台西１番町"],"5180865":[24,"伊賀市","上野魚町"],"5180725":[24,"名張市","元町"],"5180743":[24,"名張市","梅が丘南３番町"],"5180748":[24,"名張市","梅が丘北３番町"],"5180820":[24,"伊賀市","平野西町"],"5181143":[24,"伊賀市","鍛冶屋"],"5180763":[24,"名張市","矢川"],"5180416":[24,"名張市","富貴ケ丘３番町"],"5180731":[24,"名張市","夏秋"],"5180832":[24,"伊賀市","上野車坂町"],"5180005":[24,"伊賀市","高畑"],"5180828":[24,"伊賀市","平野中川原"],"5180842":[24,"伊賀市","上野桑町"],"5180802":[24,"伊賀市","平野樋之口"],"5180623":[24,"名張市","桔梗が丘３番町"],"5180216":[24,"伊賀市","高尾"],"5180221":[24,"伊賀市","別府"],"5180773":[24,"名張市","希央台３番町"],"5181322":[24,"伊賀市","玉滝"],"5180738":[24,"名張市","短野"],"5180728":[24,"名張市","豊後町"],"5180877":[24,"伊賀市","上野下幸坂町"],"5180501":[24,"名張市","長瀬"],"5180610":[24,"名張市","美旗町藤が丘"],"5180753":[24,"名張市","蔵持町里"],"5180457":[24,"名張市","春日丘５番町"]}
