{"0852271":[1,"釧路郡釧路町","跡永賀村"],"0850003":[1,"釧路市","川北町"],"0851384":[1,"川上郡標茶町","上沼幌"],"0850292":[1,"釧路市","阿寒町中央","１丁目４－１"],"0850016":[1,"釧路市","錦町"],"0851362":[1,"阿寒郡鶴居村","下久著呂"],"0850835":[1,"釧路市","浦見"],"0850831":[1,"釧路市","住吉"],"0850843":[1,"釧路市","弁天ケ浜"],"0858502":[1,"釧路市","栄町","９丁目９番２号"],"0851388":[1,"川上郡標茶町","コッタロ"],"0850051":[1,"釧路市","光陽町"],"0851205":[1,"阿寒郡鶴居村","中雪裡"],"0858581":[1,"釧路市","幸町","７丁目１"],"0851143":[1,"阿寒郡鶴居村","中幌呂"],"0850036":[1,"釧路市","若竹町"],"0850846":[1,"釧路市","入舟"],"0850026":[1,"釧路市","寿"],"0850841":[1,"釧路市","南大通"],"0858505":[1,"釧路市","黒金町","７丁目５番地"],"0850220":[1,"釧路市","阿寒町舌辛"],"0850802":[1,"釧路市","桂恋"],"0850063":[1,"釧路市","文苑"],"0850018":[1,"釧路市","黒金町"],"0850034":[1,"釧路市","白金町"],"0850811":[1,"釧路市","興津"],"0858650":[1,"釧路市","黒金町","７丁目３番地"],"0858668":[1,"釧路市","幸町","８丁目１番地"],"0850065":[1,"釧路市","美原"],"0850252":[1,"釧路市","青山"],"0858655":[1,"釧路市","黒金町","１１丁目５番地１号"],"0850221":[1,"釧路市","阿寒町上舌辛"],"0850234":[1,"釧路市","阿寒町蘇牛"],"0850046":[1,"釧路市","新橋大通"],"0850031":[1,"釧路市","中島町"],"0858551":[1,"釧路市","幸町","１０丁目３番地"],"0858510":[1,"釧路市","柏木町","２番１２号"],"0858535":[1,"釧路市","幸町","１０丁目３番地"],"0851381":[1,"川上郡標茶町","中久著呂市街"],"0858555":[1,"釧路市","寿","４丁目１番２号"],"0850057":[1,"釧路市","愛国西"],"0858522":[1,"釧路市","幸町","１０丁目３番地"],"0858512":[1,"釧路市","新栄町","２１番１４号"],"0851212":[1,"阿寒郡鶴居村","支雪裡"],"0851203":[1,"阿寒郡鶴居村","鶴居西"],"0850038":[1,"釧路市","花園町"],"0850813":[1,"釧路市","春採"],"0850043":[1,"釧路市","喜多町"],"0850844":[1,"釧路市","知人町"],"0850236":[1,"釧路市","阿寒町中徹別"],"0850005":[1,"釧路市","松浦町"],"0850293":[1,"釧路市","阿寒町北新町","１丁目４－１"],"0858585":[1,"釧路市","芦野","４丁目１番１号"],"0850231":[1,"釧路市","阿寒町下徹別"],"0850056":[1,"釧路市","東川町"],"0851206":[1,"阿寒郡鶴居村","鶴居東"],"0851134":[1,"阿寒郡鶴居村","茂幌呂"],"0858515":[1,"釧路市","幸町","１０丁目３番地"],"0850821":[1,"釧路市","鶴ケ岱"],"0850048":[1,"釧路市","駒場町"],"0850000":[1,"釧路市",""],"0851383":[1,"川上郡標茶町","上久著呂"],"0858533":[1,"釧路市","中園町","１３番２３号"],"0850251":[1,"釧路市","桜田"],"0850467":[1,"釧路市","阿寒町阿寒湖温泉"],"0850064":[1,"釧路市","広里"],"0850213":[1,"釧路市","阿寒町仲町"],"0850825":[1,"釧路市","千歳町"],"0851145":[1,"阿寒郡鶴居村","温根内"],"0850014":[1,"釧路市","末広町"],"0851361":[1,"阿寒郡鶴居村","中久著呂"],"0850238":[1,"釧路市","阿寒町飽別"],"0850053":[1,"釧路市","豊川町"],"0850035":[1,"釧路市","共栄大通"],"0850211":[1,"釧路市","阿寒町下舌辛"],"0850833":[1,"釧路市","宮本"],"0850011":[1,"釧路市","旭町"],"0850845":[1,"釧路市","港町"],"0850052":[1,"釧路市","中園町"],"0850245":[1,"釧路市","阿寒町上阿寒"],"0850233":[1,"釧路市","阿寒町西徹別"],"0858649":[1,"釧路市","幸町","１０丁目３番地"],"0850814":[1,"釧路市","緑ケ岡"],"0851144":[1,"阿寒郡鶴居村","下幌呂"],"0850847":[1,"釧路市","大町"],"0850017":[1,"釧路市","幸町"],"0858558":[1,"釧路市","春湖台","１番１２号"],"0850024":[1,"釧路市","浜町"],"0850032":[1,"釧路市","新栄町"],"0858501":[1,"釧路市","黒金町","９丁目２番地"],"0850842":[1,"釧路市","米町"],"0850047":[1,"釧路市","新川町"],"0858639":[1,"釧路市","幸町","１０丁目３番地"],"0850243":[1,"釧路市","阿寒町西阿寒"],"0850224":[1,"釧路市","阿寒町雄別横山"],"0850834":[1,"釧路市","弥生"],"0858550":[1,"釧路市","入舟","６丁目３番２５号"],"0850241":[1,"釧路市","阿寒町中阿寒"],"0858588":[1,"釧路市","浦見","２丁目２番５４号"],"0851132":[1,"阿寒郡鶴居村","上幌呂"],"0850225":[1,"釧路市","阿寒町知茶布"],"0850201":[1,"釧路市","阿寒町仁々志別"],"0850837":[1,"釧路市","大川町"],"0850025":[1,"釧路市","宝町"],"0850002":[1,"釧路市","新釧路町"],"0850022":[1,"釧路市","南浜町"],"0850824":[1,"釧路市","柏木町"],"0852272":[1,"釧路郡釧路町","昆布森"],"0850807":[1,"釧路市","高山"],"0850021":[1,"釧路市","浪花町"],"0850033":[1,"釧路市","若松町"],"0850805":[1,"釧路市","桜ケ岡"],"0850042":[1,"釧路市","若草町"],"0850215":[1,"釧路市","阿寒町中央"],"0851211":[1,"阿寒郡鶴居村","下雪裡"],"0850803":[1,"釧路市","益浦"],"0851142":[1,"阿寒郡鶴居村","幌呂東"],"0850217":[1,"釧路市","阿寒町北町"],"0850816":[1,"釧路市","貝塚"],"0850222":[1,"釧路市","阿寒町布伏内"],"0851386":[1,"川上郡標茶町","新久著呂"],"0851147":[1,"阿寒郡鶴居村","幌呂"],"0851204":[1,"阿寒郡鶴居村","鶴居南"],"0850062":[1,"釧路市","愛国"],"0858557":[1,"釧路市","柏木町","５番７号"],"0851202":[1,"阿寒郡鶴居村","中雪裡"],"0850045":[1,"釧路市","住之江町"],"0850232":[1,"釧路市","阿寒町大正"],"0858586":[1,"釧路市","幸町","１０丁目３番地"],"0850037":[1,"釧路市","柳町"],"0850012":[1,"釧路市","川上町"],"0851200":[1,"阿寒郡鶴居村",""],"0850218":[1,"釧路市","阿寒町新町"],"0858677":[1,"釧路市","末広町","９丁目２番５号"],"0850214":[1,"釧路市","阿寒町富士見"],"0850235":[1,"釧路市","阿寒町上徹別"],"0850812":[1,"釧路市","紫雲台"],"0850001":[1,"釧路市","古川町"],"0852273":[1,"釧路郡釧路町","昆布森村"],"0851146":[1,"阿寒郡鶴居村","アトコシヤラカ"],"0850027":[1,"釧路市","仲浜町"],"0850004":[1,"釧路市","新富町"],"0850237":[1,"釧路市","阿寒町徹別中央"],"0850212":[1,"釧路市","阿寒町旭町"],"0851201":[1,"阿寒郡鶴居村","鶴居北"],"0850041":[1,"釧路市","春日町"],"0850044":[1,"釧路市","川端町"],"0858580":[1,"釧路市","城山","１丁目１５番５５号"],"0851382":[1,"川上郡標茶町","中久著呂"],"0850055":[1,"釧路市","治水町"],"0850822":[1,"釧路市","春湖台"],"0851387":[1,"川上郡標茶町","下久著呂"],"0850801":[1,"釧路市","三津浦"],"0858527":[1,"釧路市","北大通","２丁目７番地"],"0850058":[1,"釧路市","愛国東"],"0850806":[1,"釧路市","武佐"],"0850242":[1,"釧路市","阿寒町東舌辛"],"0858660":[1,"釧路市","幣舞町","３番８号"],"0850826":[1,"釧路市","城山"],"0850061":[1,"釧路市","芦野"],"0851141":[1,"阿寒郡鶴居村","幌呂西"],"0850244":[1,"釧路市","阿寒町紀の丘"],"0850815":[1,"釧路市","材木町"],"0850007":[1,"釧路市","堀川町"],"0850836":[1,"釧路市","幣舞町"],"0850223":[1,"釧路市","阿寒町下布伏内"],"0851213":[1,"阿寒郡鶴居村","茂雪裡"],"0850008":[1,"釧路市","入江町"],"0851385":[1,"川上郡標茶町","下沼幌"],"0850013":[1,"釧路市","栄町"],"0851133":[1,"阿寒郡鶴居村","支幌呂"],"0850832":[1,"釧路市","富士見"],"0851207":[1,"阿寒郡鶴居村","中雪裡"],"0850823":[1,"釧路市","千代ノ浦"],"0850006":[1,"釧路市","双葉町"],"0851131":[1,"阿寒郡鶴居村","新幌呂"],"0850054":[1,"釧路市","暁町"],"0850804":[1,"釧路市","白樺台"],"0850023":[1,"釧路市","海運"],"0850015":[1,"釧路市","北大通"],"0850216":[1,"釧路市","阿寒町北新町"]}
