{"0560006":[1,"日高郡新ひだか町","静内中野町"],"0568650":[1,"日高郡新ひだか町","静内御幸町","３丁目２番５０号"],"0560141":[1,"日高郡新ひだか町","静内御園"],"0560026":[1,"日高郡新ひだか町","静内末広町"],"0560013":[1,"日高郡新ひだか町","静内入船町"],"0560007":[1,"日高郡新ひだか町","静内清水丘"],"0560014":[1,"日高郡新ひだか町","静内古川町"],"0560027":[1,"日高郡新ひだか町","静内駒場"],"0560024":[1,"日高郡新ひだか町","静内山手町"],"0560025":[1,"日高郡新ひだか町","静内木場町"],"0560143":[1,"日高郡新ひだか町","静内豊畑"],"0560011":[1,"日高郡新ひだか町","静内真歌"],"0560021":[1,"日高郡新ひだか町","静内花園"],"0560018":[1,"日高郡新ひだか町","静内吉野町"],"0560016":[1,"日高郡新ひだか町","静内本町"],"0560004":[1,"日高郡新ひだか町","静内緑町"],"0560003":[1,"日高郡新ひだか町","静内旭町"],"0560023":[1,"日高郡新ひだか町","静内ときわ町"],"0560002":[1,"日高郡新ひだか町","静内神森"],"0560028":[1,"日高郡新ひだか町","静内柏台"],"0560144":[1,"日高郡新ひだか町","静内田原"],"0560022":[1,"日高郡新ひだか町","静内高砂町"],"0560145":[1,"日高郡新ひだか町","静内目名"],"0560000":[1,"日高郡新ひだか町",""],"0560019":[1,"日高郡新ひだか町","静内青柳町"],"0560015":[1,"日高郡新ひだか町","静内海岸町"],"0560142":[1,"日高郡新ひだか町","静内農屋"],"0560005":[1,"日高郡新ひだか町","静内こうせい町"],"0560001":[1,"日高郡新ひだか町","静内目名"],"0560146":[1,"日高郡新ひだか町","静内高見"],"0560017":[1,"日高郡新ひだか町","静内御幸町"]}
