{"1738558":[13,"板橋区","弥生町","７７－３"],"1730036":[13,"板橋区","向原"],"1730021":[13,"板橋区","弥生町"],"1730016":[13,"板橋区","中板橋"],"1730022":[13,"板橋区","仲町"],"1730034":[13,"板橋区","幸町"],"1738511":[13,"板橋区","中丸町","１０－１０"],"1738639":[13,"板橋区","板橋","１丁目４２－１３大佳板橋ビル５Ｆ"],"1738610":[13,"板橋区","大谷口上町","３０－１"],"1738519":[13,"板橋区","大山西町","３－１２"],"1738517":[13,"板橋区","大山西町","３－１２"],"1738552":[13,"板橋区","板橋","１丁目５２－１"],"1730003":[13,"板橋区","加賀"],"1738555":[13,"板橋区","稲荷台","２７－１"],"1730033":[13,"板橋区","大山西町"],"1738608":[13,"板橋区","板橋","１丁目４７－４"],"1738588":[13,"板橋区","加賀","１丁目３－１"],"1738518":[13,"板橋区","大山西町","３－１２"],"1730001":[13,"板橋区","本町"],"1730004":[13,"板橋区","板橋"],"1730011":[13,"板橋区","双葉町"],"1738501":[13,"板橋区","板橋","２丁目６６－１"],"1730014":[13,"板橋区","大山東町"],"1730013":[13,"板橋区","氷川町"],"1738530":[13,"板橋区","大山東町","３５－１"],"1738580":[13,"板橋区","板橋","１丁目９－３"],"1738666":[13,"板橋区","加賀","１丁目２１－１"],"1730015":[13,"板橋区","栄町"],"1730037":[13,"板橋区","小茂根"],"1738540":[13,"板橋区","板橋","４丁目４番１号"],"1738510":[13,"板橋区","大山東町","４４－８"],"1738710":[13,"板橋区","板橋","１丁目４８－９"],"1730012":[13,"板橋区","大和町"],"1730005":[13,"板橋区","仲宿"],"1730024":[13,"板橋区","大山金井町"],"1738516":[13,"板橋区","大山西町","３－１２"],"1730025":[13,"板橋区","熊野町"],"1738606":[13,"板橋区","加賀","２丁目１１－１"],"1738602":[13,"板橋区","加賀","１丁目１８－１"],"1738515":[13,"板橋区","加賀","１丁目９－１０"],"1730002":[13,"板橋区","稲荷台"],"1730027":[13,"板橋区","南町"],"1738632":[13,"板橋区","熊野町","３２－８"],"1738648":[13,"板橋区","板橋","１丁目５３－２"],"1730026":[13,"板橋区","中丸町"],"1738512":[13,"板橋区","板橋","１丁目４４－１０"],"1738605":[13,"板橋区","加賀","２丁目１１－１"],"1738585":[13,"板橋区","板橋","４丁目４３－２"],"1730023":[13,"板橋区","大山町"],"1730032":[13,"板橋区","大谷口上町"],"1738601":[13,"板橋区","仲宿","６１－１"],"1738611":[13,"板橋区","双葉町","３５－１０"],"1738543":[13,"板橋区","中丸町","４５－８"],"1730035":[13,"板橋区","大谷口"],"1730031":[13,"板橋区","大谷口北町"]}
