{"4780002":[23,"知多市","平野"],"4788641":[23,"知多市","新知","字中殿１"],"4780024":[23,"知多市","南粕谷"],"4780058":[23,"知多市","上り戸"],"4780004":[23,"知多市","伊賀坂"],"4780046":[23,"知多市","北浜町"],"4780063":[23,"知多市","寺本新町"],"4780036":[23,"知多市","新舞子"],"4788555":[23,"知多市","南浜町","１１"],"4780001":[23,"知多市","八幡"],"4780068":[23,"知多市","中原"],"4780056":[23,"知多市","南谷"],"4780018":[23,"知多市","佐布里台"],"4780022":[23,"知多市","大興寺"],"4780057":[23,"知多市","吹込"],"4780032":[23,"知多市","金沢"],"4780023":[23,"知多市","南粕谷東坂"],"4780066":[23,"知多市","新知西町"],"4780043":[23,"知多市","日長台"],"4788650":[23,"知多市","北浜町","１１－１"],"4780060":[23,"知多市","山屋敷"],"4780062":[23,"知多市","岡田美里町"],"4780021":[23,"知多市","岡田"],"4780053":[23,"知多市","清水が丘"],"4788505":[23,"知多市","北浜町","２５－７"],"4780052":[23,"知多市","八幡新町"],"4780006":[23,"知多市","三反田"],"4780013":[23,"知多市","南巽が丘"],"4788501":[23,"知多市","北浜町","１２"],"4780000":[23,"知多市",""],"4788504":[23,"知多市","北浜町","２５"],"4780017":[23,"知多市","新知"],"4780025":[23,"知多市","南粕谷本町"],"4780031":[23,"知多市","旭"],"4780012":[23,"知多市","巽が丘"],"4780067":[23,"知多市","大僧"],"4780042":[23,"知多市","長浦"],"4780014":[23,"知多市","西巽が丘"],"4780027":[23,"知多市","新広見"],"4788502":[23,"知多市","北浜町","１４－６"],"4780047":[23,"知多市","緑町"],"4780015":[23,"知多市","佐布里"],"4780033":[23,"知多市","神田"],"4780041":[23,"知多市","日長"],"4780037":[23,"知多市","新舞子東町"],"4780016":[23,"知多市","梅が丘"],"4780064":[23,"知多市","新知台"],"4780003":[23,"知多市","寺本台"],"4780055":[23,"知多市","にしの台"],"4788640":[23,"知多市","新知","字永井２－１"],"4780051":[23,"知多市","朝倉町"],"4780011":[23,"知多市","原"],"4788601":[23,"知多市","緑町","１"],"4780005":[23,"知多市","阿原"],"4780044":[23,"知多市","旭桃台"],"4780045":[23,"知多市","南浜町"],"4780026":[23,"知多市","南粕谷新海"],"4788503":[23,"知多市","北浜町","２４－５"],"4780061":[23,"知多市","東大僧"],"4780069":[23,"知多市","新刀池"],"4780028":[23,"知多市","岡田緑が丘"],"4780035":[23,"知多市","大草"],"4780034":[23,"知多市","旭南"],"4780054":[23,"知多市","つつじが丘"],"4780065":[23,"知多市","新知東町"],"4780059":[23,"知多市","新長根"]}
