{"2360033":[14,"横浜市金沢区","東朝比奈"],"2360021":[14,"横浜市金沢区","泥亀"],"2360004":[14,"横浜市金沢区","福浦"],"2360001":[14,"横浜市金沢区","昭和町"],"2360015":[14,"横浜市金沢区","金沢町"],"2360007":[14,"横浜市金沢区","白帆"],"2368515":[14,"横浜市金沢区","幸浦","１丁目８番地１"],"2360057":[14,"横浜市金沢区","能見台"],"2360045":[14,"横浜市金沢区","釜利谷南"],"2360056":[14,"横浜市金沢区","能見台森"],"2360041":[14,"横浜市金沢区","釜利谷町"],"2360012":[14,"横浜市金沢区","柴町"],"2360014":[14,"横浜市金沢区","寺前"],"2360017":[14,"横浜市金沢区","西柴"],"2360053":[14,"横浜市金沢区","能見台通"],"2360034":[14,"横浜市金沢区","朝比奈町"],"2360032":[14,"横浜市金沢区","六浦町"],"2360052":[14,"横浜市金沢区","富岡西"],"2360046":[14,"横浜市金沢区","釜利谷西"],"2360026":[14,"横浜市金沢区","柳町"],"2368501":[14,"横浜市金沢区","六浦東","１丁目５０－１"],"2360027":[14,"横浜市金沢区","瀬戸"],"2368555":[14,"横浜市金沢区","福浦","３丁目１１－２"],"2360031":[14,"横浜市金沢区","六浦"],"2360016":[14,"横浜市金沢区","谷津町"],"2360054":[14,"横浜市金沢区","堀口"],"2360042":[14,"横浜市金沢区","釜利谷東"],"2368550":[14,"横浜市金沢区","並木","３丁目２－９"],"2360036":[14,"横浜市金沢区","みず木町"],"2360013":[14,"横浜市金沢区","海の公園"],"2360023":[14,"横浜市金沢区","平潟町"],"2360006":[14,"横浜市金沢区","八景島"],"2360011":[14,"横浜市金沢区","長浜"],"2360002":[14,"横浜市金沢区","鳥浜町"],"2360035":[14,"横浜市金沢区","大道"],"2360025":[14,"横浜市金沢区","野島町"],"2360055":[14,"横浜市金沢区","片吹"],"2360003":[14,"横浜市金沢区","幸浦"],"2360058":[14,"横浜市金沢区","能見台東"],"2360005":[14,"横浜市金沢区","並木"],"2360024":[14,"横浜市金沢区","乙舳町"],"2368504":[14,"横浜市金沢区","六浦東","１丁目５０－１"],"2368653":[14,"横浜市金沢区","平潟町","１２－１"],"2360028":[14,"横浜市金沢区","洲崎町"],"2360000":[14,"横浜市金沢区",""],"2368503":[14,"横浜市金沢区","六浦東","１丁目５０－１"],"2360044":[14,"横浜市金沢区","高舟台"],"2360037":[14,"横浜市金沢区","六浦東"],"2360051":[14,"横浜市金沢区","富岡東"],"2368502":[14,"横浜市金沢区","釜利谷南","３丁目２２－１"],"2360043":[14,"横浜市金沢区","大川"],"2360022":[14,"横浜市金沢区","町屋町"],"2360038":[14,"横浜市金沢区","六浦南"]}
