{"3328555":[11,"川口市","西青木","２丁目９－５"],"3320022":[11,"川口市","仲町"],"3320029":[11,"川口市","荒川町"],"3320032":[11,"川口市","中青木"],"3320025":[11,"川口市","原町"],"3320033":[11,"川口市","並木元町"],"3320023":[11,"川口市","飯塚"],"3320034":[11,"川口市","並木"],"3320012":[11,"川口市","本町"],"3328502":[11,"川口市","宮町","１８－１９"],"3328585":[11,"川口市","本町","３丁目６－２５"],"3328686":[11,"川口市","栄町","３丁目９－３"],"3320005":[11,"川口市","新井町"],"3328558":[11,"川口市","西川口","５丁目１１－５"],"3320015":[11,"川口市","川口"],"3320006":[11,"川口市","末広"],"3320027":[11,"川口市","緑町"],"3328548":[11,"川口市","本町","１丁目１８－５"],"3320001":[11,"川口市","朝日"],"3328577":[11,"川口市","栄町","２丁目６－１６"],"3328512":[11,"川口市","末広","１丁目１１－２"],"3328511":[11,"川口市","栄町","３丁目５－１"],"3320016":[11,"川口市","幸町"],"3320013":[11,"川口市","舟戸町"],"3328666":[11,"川口市","青木","２丁目２－１７"],"3320021":[11,"川口市","西川口"],"3328654":[11,"川口市","西川口","４丁目６－１８"],"3320000":[11,"川口市",""],"3320026":[11,"川口市","南町"],"3328501":[11,"川口市","青木","５丁目１３－１"],"3320035":[11,"川口市","西青木"],"3320002":[11,"川口市","弥平"],"3320017":[11,"川口市","栄町"],"3320024":[11,"川口市","飯原町"],"3320007":[11,"川口市","河原町"],"3320011":[11,"川口市","元郷"],"3328556":[11,"川口市","仲町","５－１１"],"3320003":[11,"川口市","東領家"],"3328510":[11,"川口市","本町","４丁目１－８"],"3320031":[11,"川口市","青木"],"3320028":[11,"川口市","宮町"],"3328601":[11,"川口市","青木","２丁目１－１"],"3320004":[11,"川口市","領家"],"3320014":[11,"川口市","金山町"]}
