{"4030023":[19,"南都留郡西桂町","倉見"],"4030000":[19,"富士吉田市",""],"4030005":[19,"富士吉田市","上吉田"],"4030006":[19,"富士吉田市","新屋"],"4038601":[19,"富士吉田市","下吉田","１８４２"],"4030012":[19,"富士吉田市","旭"],"4030002":[19,"富士吉田市","小明見"],"4030015":[19,"富士吉田市","ときわ台"],"4030003":[19,"富士吉田市","大明見"],"4030014":[19,"富士吉田市","竜ケ丘"],"4030021":[19,"南都留郡西桂町","下暮地"],"4038555":[19,"富士吉田市","下吉田","１０４８"],"4030004":[19,"富士吉田市","下吉田"],"4030022":[19,"南都留郡西桂町","小沼"],"4030016":[19,"富士吉田市","松山"],"4030013":[19,"富士吉田市","緑ケ丘"],"4038522":[19,"富士吉田市","上吉田","６２８３"],"4030001":[19,"富士吉田市","上暮地"],"4030017":[19,"富士吉田市","新西原"],"4030011":[19,"富士吉田市","新倉"]}
