{"2760004":[12,"八千代市","島田台"],"2760044":[12,"八千代市","萱田町"],"2768580":[12,"八千代市","吉橋","１８３５"],"2760007":[12,"八千代市","桑橋"],"2760001":[12,"八千代市","小池"],"2760021":[12,"八千代市","下高野"],"2760025":[12,"八千代市","勝田台南"],"2760049":[12,"八千代市","緑が丘"],"2760036":[12,"八千代市","高津"],"2760048":[12,"八千代市","尾崎"],"2760031":[12,"八千代市","八千代台北"],"2760043":[12,"八千代市","萱田"],"2760003":[12,"八千代市","大学町"],"2760016":[12,"八千代市","神野"],"2760012":[12,"八千代市","堀の内"],"2760045":[12,"八千代市","大和田"],"2760011":[12,"八千代市","佐山"],"2760042":[12,"八千代市","ゆりのき台"],"2760017":[12,"八千代市","平戸"],"2760026":[12,"八千代市","下市場"],"2760041":[12,"八千代市","麦丸"],"2760027":[12,"八千代市","村上団地"],"2760005":[12,"八千代市","島田"],"2760033":[12,"八千代市","八千代台南"],"2760022":[12,"八千代市","上高野"],"2760028":[12,"八千代市","村上"],"2760047":[12,"八千代市","吉橋"],"2760035":[12,"八千代市","高津団地"],"2760046":[12,"八千代市","大和田新田"],"2760024":[12,"八千代市","勝田"],"2768524":[12,"八千代市","大和田新田","４７７－９６"],"2760034":[12,"八千代市","八千代台西"],"2760000":[12,"八千代市",""],"2760015":[12,"八千代市","米本"],"2760013":[12,"八千代市","保品"],"2760008":[12,"八千代市","神久保"],"2760002":[12,"八千代市","真木野"],"2760006":[12,"八千代市","桑納"],"2760032":[12,"八千代市","八千代台東"],"2768501":[12,"八千代市","大和田新田","３１２－５"],"2760023":[12,"八千代市","勝田台"],"2760037":[12,"八千代市","高津東"],"2760014":[12,"八千代市","米本団地"]}
