{"2620006":[12,"千葉市花見川区","横戸台"],"2628503":[12,"千葉市花見川区","武石町","１丁目５２０－３"],"2628511":[12,"千葉市花見川区","柏井町","１１３２－１"],"2628513":[12,"千葉市花見川区","幕張本郷","１丁目４－２０"],"2620011":[12,"千葉市花見川区","三角町"],"2628506":[12,"千葉市花見川区","柏井町","８００－１"],"2620025":[12,"千葉市花見川区","花園"],"2620019":[12,"千葉市花見川区","朝日ケ丘"],"2620043":[12,"千葉市花見川区","天戸町"],"2620031":[12,"千葉市花見川区","武石町"],"2620004":[12,"千葉市花見川区","大日町"],"2628555":[12,"千葉市花見川区","作新台","４丁目６－３３"],"2620021":[12,"千葉市花見川区","花園町"],"2620013":[12,"千葉市花見川区","犢橋町"],"2620032":[12,"千葉市花見川区","幕張町"],"2620046":[12,"千葉市花見川区","花見川"],"2620014":[12,"千葉市花見川区","さつきが丘"],"2620022":[12,"千葉市花見川区","南花園"],"2620001":[12,"千葉市花見川区","横戸町"],"2628510":[12,"千葉市花見川区","瑞穂","１丁目１番地"],"2628536":[12,"千葉市花見川区","幕張本郷","１丁目２－２０ビレッジ１０５ビル"],"2620042":[12,"千葉市花見川区","花島町"],"2628502":[12,"千葉市花見川区","武石町","１丁目５２０"],"2628508":[12,"千葉市花見川区","千種町","６２"],"2620000":[12,"千葉市花見川区",""],"2620016":[12,"千葉市花見川区","西小中台"],"2620041":[12,"千葉市花見川区","柏井町"],"2620015":[12,"千葉市花見川区","宮野木台"],"2620026":[12,"千葉市花見川区","瑞穂"],"2620018":[12,"千葉市花見川区","畑町"],"2620033":[12,"千葉市花見川区","幕張本郷"],"2620003":[12,"千葉市花見川区","宇那谷町"],"2620005":[12,"千葉市花見川区","こてはし台"],"2628504":[12,"千葉市花見川区","幕張町","５丁目４１７－７"],"2628501":[12,"千葉市花見川区","幕張本郷","１丁目４－２０"],"2620017":[12,"千葉市花見川区","朝日ケ丘町"],"2628733":[12,"千葉市花見川区","瑞穂","１丁目１番地"],"2628512":[12,"千葉市花見川区","幕張町","５丁目４１７－２４"],"2620044":[12,"千葉市花見川区","長作町"],"2620047":[12,"千葉市花見川区","長作台"],"2620023":[12,"千葉市花見川区","検見川町"],"2620045":[12,"千葉市花見川区","作新台"],"2628710":[12,"千葉市花見川区","宇那谷町","１５０１－２"],"2620002":[12,"千葉市花見川区","内山町"],"2620048":[12,"千葉市花見川区","柏井"],"2620024":[12,"千葉市花見川区","浪花町"],"2620012":[12,"千葉市花見川区","千種町"]}
