{"1250041":[13,"葛飾区","東金町"],"1258512":[13,"葛飾区","亀有","５丁目１４－１０"],"1258522":[13,"葛飾区","金町","１丁目６－２４"],"1258508":[13,"葛飾区","亀有","３丁目１３－１"],"1250031":[13,"葛飾区","西水元"],"1258601":[13,"葛飾区","新宿","６丁目１－１"],"1250054":[13,"葛飾区","高砂"],"1258511":[13,"葛飾区","亀有","５丁目１４－１"],"1250042":[13,"葛飾区","金町"],"1258520":[13,"葛飾区","亀有","３丁目３６－３"],"1258514":[13,"葛飾区","高砂","８丁目２９－５"],"1250051":[13,"葛飾区","新宿"],"1250043":[13,"葛飾区","金町浄水場"],"1250032":[13,"葛飾区","水元"],"1250002":[13,"葛飾区","西亀有"],"1258505":[13,"葛飾区","青戸","５丁目３０－４"],"1258588":[13,"葛飾区","金町","１丁目９－１"],"1258504":[13,"葛飾区","青戸","５丁目１７－５"],"1258526":[13,"葛飾区","南水元","４丁目４－１９"],"1258602":[13,"葛飾区","東金町","１丁目１３－６"],"1250034":[13,"葛飾区","水元公園"],"1258513":[13,"葛飾区","高砂","５丁目３５－１２"],"1250052":[13,"葛飾区","柴又"],"1250062":[13,"葛飾区","青戸"],"1258503":[13,"葛飾区","青戸","４丁目１９－１６"],"1250063":[13,"葛飾区","白鳥"],"1258506":[13,"葛飾区","青戸","６丁目４１－２"],"1250035":[13,"葛飾区","南水元"],"1250033":[13,"葛飾区","東水元"],"1258515":[13,"葛飾区","白鳥","３丁目２６－４"],"1250061":[13,"葛飾区","亀有"],"1258517":[13,"葛飾区","青戸","３丁目３７－１５"],"1250053":[13,"葛飾区","鎌倉"],"1258507":[13,"葛飾区","青戸","８丁目１０－１"],"1258555":[13,"葛飾区","青戸","６丁目１－１"]}
