{"3650042":[11,"鴻巣市","松原"],"3650052":[11,"鴻巣市","登戸"],"3650073":[11,"鴻巣市","八幡田"],"3650062":[11,"鴻巣市","箕田"],"3650074":[11,"鴻巣市","神明"],"3658505":[11,"鴻巣市","箕田","３４４０"],"3650001":[11,"鴻巣市","赤城台"],"3650076":[11,"鴻巣市","本宮町"],"3650013":[11,"鴻巣市","境"],"3650051":[11,"鴻巣市","宮前"],"3650032":[11,"鴻巣市","中央"],"3658601":[11,"鴻巣市","中央","１－１"],"3650064":[11,"鴻巣市","赤見台"],"3658508":[11,"鴻巣市","箕田","４０７０"],"3650025":[11,"鴻巣市","下谷"],"3650075":[11,"鴻巣市","宮地"],"3658603":[11,"鴻巣市","宮地","３丁目５－１"],"3650011":[11,"鴻巣市","新井"],"3650033":[11,"鴻巣市","生出塚"],"3650021":[11,"鴻巣市","安養寺"],"3650012":[11,"鴻巣市","上会下"],"3650034":[11,"鴻巣市","上生出塚"],"3658512":[11,"鴻巣市","大字八幡田","８４９"],"3650014":[11,"鴻巣市","屈巣"],"3650002":[11,"鴻巣市","赤城"],"3658611":[11,"鴻巣市","天神","５丁目１１－９"],"3650055":[11,"鴻巣市","栄町"],"3650058":[11,"鴻巣市","北中野"],"3650057":[11,"鴻巣市","幸町"],"3650035":[11,"鴻巣市","下生出塚"],"3650053":[11,"鴻巣市","緑町"],"3650066":[11,"鴻巣市","三ツ木"],"3650059":[11,"鴻巣市","糠田"],"3650054":[11,"鴻巣市","大間"],"3650044":[11,"鴻巣市","滝馬室"],"3650026":[11,"鴻巣市","西中曽根"],"3650038":[11,"鴻巣市","本町"],"3650077":[11,"鴻巣市","雷電"],"3650039":[11,"鴻巣市","東"],"3650024":[11,"鴻巣市","常光"],"3650023":[11,"鴻巣市","笠原"],"3650003":[11,"鴻巣市","北根"],"3650045":[11,"鴻巣市","氷川町"],"3650037":[11,"鴻巣市","人形"],"3658514":[11,"鴻巣市","人形","１丁目６－１８"],"3650022":[11,"鴻巣市","郷地"],"3650000":[11,"鴻巣市",""],"3658506":[11,"鴻巣市","箕田","３２３０"],"3650036":[11,"鴻巣市","天神"],"3650061":[11,"鴻巣市","川面"],"3658501":[11,"鴻巣市","大字鴻巣","４０５－４"],"3650027":[11,"鴻巣市","上谷"],"3650063":[11,"鴻巣市","稲荷町"],"3650043":[11,"鴻巣市","原馬室"],"3658511":[11,"鴻巣市","天神","３丁目６７３"],"3658502":[11,"鴻巣市","広田","３１４１－１"],"3650071":[11,"鴻巣市","寺谷"],"3650065":[11,"鴻巣市","中井"],"3650047":[11,"鴻巣市","逆川"],"3650046":[11,"鴻巣市","富士見町"],"3650078":[11,"鴻巣市","加美"],"3650005":[11,"鴻巣市","広田"],"3658585":[11,"鴻巣市","天神","３丁目６７３"],"3658555":[11,"鴻巣市","箕田","３４４０"],"3658503":[11,"鴻巣市","逆川","１丁目１－２９"],"3650031":[11,"鴻巣市","ひばり野"],"3650056":[11,"鴻巣市","堤町"],"3650072":[11,"鴻巣市","市ノ縄"],"3650041":[11,"鴻巣市","小松"],"3650004":[11,"鴻巣市","関新田"],"3650028":[11,"鴻巣市","鴻巣"]}
