{"0450121":[1,"岩内郡共和町","幌似"],"0450003":[1,"岩内郡岩内町","万代"],"0450031":[1,"岩内郡共和町","梨野舞納"],"0450300":[1,"古宇郡神恵内村",""],"0450002":[1,"岩内郡岩内町","東山"],"0450123":[1,"岩内郡共和町","宮丘"],"0450204":[1,"古宇郡泊村","盃村"],"0450025":[1,"岩内郡岩内町","敷島内"],"0458555":[1,"岩内郡岩内町","字清住","２５８番地"],"0450000":[1,"岩内郡岩内町",""],"0450203":[1,"古宇郡泊村","泊村"],"0458609":[1,"岩内郡岩内町","字相生","１９９番地の１"],"0450001":[1,"岩内郡岩内町","大浜"],"0450024":[1,"岩内郡岩内町","野束"],"0450202":[1,"古宇郡泊村","茅沼村"],"0450301":[1,"古宇郡神恵内村","神恵内村"],"0450021":[1,"岩内郡岩内町","大和"],"0450011":[1,"岩内郡岩内町","栄"],"0450026":[1,"岩内郡岩内町","御崎"],"0450122":[1,"岩内郡共和町","発足"],"0450022":[1,"岩内郡岩内町","清住"],"0450200":[1,"古宇郡泊村",""],"0450201":[1,"古宇郡泊村","堀株村"],"0450013":[1,"岩内郡岩内町","高台"],"0450023":[1,"岩内郡岩内町","相生"],"0450205":[1,"古宇郡泊村","興志内村"],"0450032":[1,"岩内郡共和町","老古美"],"0450303":[1,"古宇郡神恵内村","珊内村"],"0450302":[1,"古宇郡神恵内村","赤石村"],"0450012":[1,"岩内郡岩内町","宮園"]}
