{"1880012":[13,"西東京市","南町"],"1888585":[13,"西東京市","谷戸町","２丁目１－１"],"1888666":[13,"西東京市","南町","５丁目６－１３"],"1880003":[13,"西東京市","北原町"],"1880011":[13,"西東京市","田無町"],"1888701":[13,"西東京市","谷戸町","２丁目１４－１１"],"1888555":[13,"西東京市","向台町","３丁目５－１"],"1888680":[13,"西東京市","芝久保町","２丁目１４－３８"],"1880004":[13,"西東京市","西原町"],"1880002":[13,"西東京市","緑町"],"1880001":[13,"西東京市","谷戸町"],"1888511":[13,"西東京市","田無町","６丁目１－１２"],"1880013":[13,"西東京市","向台町"],"1880014":[13,"西東京市","芝久保町"]}
