{"5094243":[21,"飛騨市","古川町貴船町"],"5090206":[21,"可児市","土田"],"5094301":[21,"飛騨市","河合町角川"],"5094405":[21,"飛騨市","宮川町丸山"],"5095193":[21,"土岐市","土岐津町土岐口","７０３－２４"],"5093411":[21,"高山市","高根町上ケ洞"],"5093104":[21,"下呂市","小坂町小坂町"],"5090298":[21,"可児市","土田","２５４８"],"5095113":[21,"土岐市","肥田浅野元町"],"5094241":[21,"飛騨市","古川町向町"],"5092313":[21,"下呂市","野尻"],"5093322":[21,"高山市","朝日町大廣"],"5090297":[21,"可児市","土田","５０５"],"5092613":[21,"下呂市","馬瀬井谷"],"5090132":[21,"各務原市","鵜沼西町"],"5090250":[21,"可児市","美里ケ丘"],"5094422":[21,"飛騨市","宮川町西忍"],"5097795":[21,"恵那市","明智町","１６１４番地"],"5093414":[21,"高山市","高根町中之宿"],"5097814":[21,"恵那市","串原"],"5095143":[21,"土岐市","泉日の出町"],"5094312":[21,"飛騨市","河合町稲越"],"5095114":[21,"土岐市","肥田町浅野"],"5094292":[21,"飛騨市","古川町本町","２番２２号"],"5093205":[21,"高山市","久々野町久々野"],"5096114":[21,"瑞浪市","西小田町"],"5092519":[21,"下呂市","萩原町奥田洞"],"5093402":[21,"高山市","高根町野麦"],"5095161":[21,"土岐市","泉が丘町"],"5092421":[21,"下呂市","夏焼"],"5092506":[21,"下呂市","萩原町羽根"],"5096125":[21,"瑞浪市","上野町"],"5097702":[21,"恵那市","明智町杉野"],"5094535":[21,"飛騨市","宮川町祢宜ケ沢上"],"5090403":[21,"加茂郡七宗町","中麻生"],"5097207":[21,"恵那市","笠置町河合"],"5090240":[21,"可児市","みずきケ丘"],"5096103":[21,"瑞浪市","稲津町小里"],"5094192":[21,"高山市","国府町広瀬町","１２８０番地"],"5092516":[21,"下呂市","萩原町上村"],"5093419":[21,"高山市","高根町日影"],"5095198":[21,"土岐市","土岐津町土岐口","富士平６８２－３"],"5091605":[21,"下呂市","金山町戸部"],"5097521":[21,"恵那市","上矢作町"],"5096127":[21,"瑞浪市","須野志町"],"5090192":[21,"各務原市","鵜沼三ツ池町","６丁目４５５"],"5092601":[21,"下呂市","馬瀬川上"],"5094545":[21,"飛騨市","宮川町打保"],"5097813":[21,"恵那市","串原"],"5097718":[21,"恵那市","明智町"],"5096100":[21,"瑞浪市",""],"5090121":[21,"各務原市","鵜沼台"],"5091616":[21,"下呂市","金山町下原町"],"5094117":[21,"高山市","国府町三川"],"5093213":[21,"高山市","久々野町渚"],"5095153":[21,"土岐市","泉西原町"],"5090262":[21,"可児市","菅刈"],"5090108":[21,"各務原市","須衛町"],"5094404":[21,"飛騨市","宮川町巣之内"],"5093113":[21,"下呂市","小坂町湯屋"],"5094272":[21,"飛騨市","古川町信包"],"5090246":[21,"可児市","今"],"5097716":[21,"恵那市","明智町"],"5090215":[21,"可児市","石井"],"5092598":[21,"下呂市","萩原町萩原","１５００"],"5094533":[21,"飛騨市","宮川町塩屋"],"5090315":[21,"加茂郡川辺町","比久見"],"5094121":[21,"高山市","国府町宇津江"],"5094543":[21,"飛騨市","宮川町桑野"],"5093101":[21,"下呂市","小坂町岩崎"],"5091603":[21,"下呂市","金山町岩瀬"],"5091303":[21,"加茂郡東白川村","五加"],"5090253":[21,"可児市","室原"],"5094101":[21,"高山市","国府町桐谷"],"5095104":[21,"土岐市","泉中窯町"],"5094222":[21,"飛騨市","古川町片原町"],"5095124":[21,"土岐市","土岐口中町"],"5098301":[21,"中津川市","蛭川"],"5097122":[21,"恵那市","武並町竹折"],"5090258":[21,"可児市","若葉台"],"5094202":[21,"飛騨市","古川町戸市"],"5097505":[21,"恵那市","上矢作町"],"5097792":[21,"恵那市","明智町","８４３－１"],"5090204":[21,"可児市","禅台寺"],"5090236":[21,"可児市","皐ケ丘"],"5092131":[21,"下呂市","久野川"],"5097802":[21,"恵那市","串原"],"5097200":[21,"恵那市",""],"5094236":[21,"飛騨市","古川町三之町"],"5094254":[21,"飛騨市","古川町上町"],"5090257":[21,"可児市","長坂"],"5091108":[21,"加茂郡白川町","広野"],"5096251":[21,"瑞浪市","日吉町"],"5092295":[21,"下呂市","森","９６０"],"5097722":[21,"恵那市","明智町"],"5090205":[21,"可児市","徳野南"],"5090131":[21,"各務原市","つつじが丘"],"5092612":[21,"下呂市","馬瀬名丸"],"5092314":[21,"下呂市","宮地"],"5096124":[21,"瑞浪市","一色町"],"5092604":[21,"下呂市","馬瀬中切"],"5090141":[21,"各務原市","鵜沼各務原町"],"5094106":[21,"高山市","国府町漆垣内"],"5094544":[21,"飛騨市","宮川町戸谷"],"5090307":[21,"加茂郡川辺町","鹿塩"],"5090235":[21,"可児市","桜ケ丘"],"5095146":[21,"土岐市","泉明治町"],"5095142":[21,"土岐市","泉町久尻"],"5096113":[21,"瑞浪市","和合町"],"5096361":[21,"瑞浪市","陶町猿爪"],"5093412":[21,"高山市","高根町大古井"],"5094215":[21,"飛騨市","古川町杉崎"],"5090301":[21,"加茂郡川辺町","下麻生"],"5092293":[21,"下呂市","少ケ野","４２３"],"5091113":[21,"加茂郡白川町","三川"],"5095152":[21,"土岐市","泉寺下町"],"5094205":[21,"飛騨市","古川町末真"],"5092515":[21,"下呂市","萩原町花池"],"5094242":[21,"飛騨市","古川町増島町"],"5090101":[21,"各務原市","須衛"],"5096195":[21,"瑞浪市","上平町","１丁目１"],"5092611":[21,"下呂市","馬瀬堀之内"],"5095133":[21,"土岐市","泉神栄町"],"5096104":[21,"瑞浪市","山田町"],"5096132":[21,"瑞浪市","明世町山野内"],"5093418":[21,"高山市","高根町黍生"],"5090492":[21,"加茂郡七宗町","上麻生","２４４２－３"],"5090214":[21,"可児市","広見"],"5097821":[21,"恵那市","串原"],"5091301":[21,"加茂郡東白川村","越原"],"5097803":[21,"恵那市","串原"],"5093206":[21,"高山市","久々野町山梨"],"5095125":[21,"土岐市","御幸町"],"5097715":[21,"恵那市","明智町"],"5094116":[21,"高山市","国府町上広瀬"],"5093302":[21,"高山市","朝日町寺附"],"5090237":[21,"可児市","桂ケ丘"],"5092200":[21,"下呂市",""],"5094403":[21,"飛騨市","宮川町三川原"],"5090263":[21,"可児市","緑"],"5094534":[21,"飛騨市","宮川町中沢上"],"5090400":[21,"加茂郡七宗町",""],"5097701":[21,"恵那市","明智町野志"],"5093215":[21,"高山市","久々野町引下"],"5092423":[21,"下呂市","蛇之尾"],"5094104":[21,"高山市","国府町今"],"5095105":[21,"土岐市","泉西窯町"],"5090117":[21,"各務原市","鵜沼大安寺町"],"5091604":[21,"下呂市","金山町東沓部"],"5093212":[21,"高山市","久々野町阿多粕"],"5094126":[21,"高山市","国府町瓜巣"],"5097506":[21,"恵那市","上矢作町"],"5099296":[21,"中津川市","坂下","９３３番地"],"5095141":[21,"土岐市","泉岩畑町"],"5090124":[21,"各務原市","鵜沼山崎町"],"5093103":[21,"下呂市","小坂町大垣内"],"5099192":[21,"中津川市","茄子川","１１９－３"],"5097121":[21,"恵那市","武並町藤"],"5093102":[21,"下呂市","小坂町門坂"],"5090249":[21,"可児市","姫ケ丘"],"5093323":[21,"高山市","朝日町寺澤"],"5092502":[21,"下呂市","萩原町四美"],"5095112":[21,"土岐市","肥田浅野笠神町"],"5094225":[21,"飛騨市","古川町金森町"],"5097724":[21,"恵那市","明智町横通"],"5094302":[21,"飛騨市","河合町小無雁"],"5097824":[21,"恵那市","串原"],"5095132":[21,"土岐市","泉町大富"],"5090212":[21,"可児市","柿田"],"5094119":[21,"高山市","国府町広瀬町"],"5090208":[21,"可児市","川合北"],"5094102":[21,"高山市","国府町八日町"],"5095126":[21,"土岐市","土岐口北町"],"5093218":[21,"高山市","久々野町有道"],"5093321":[21,"高山市","朝日町黒川"],"5091107":[21,"加茂郡白川町","河東"],"5090314":[21,"加茂郡川辺町","福島"],"5091621":[21,"下呂市","金山町渡"],"5099195":[21,"中津川市","千旦林","１－１０４"],"5097512":[21,"恵那市","上矢作町下"],"5097693":[21,"恵那市","山岡町田代","１５６５－２１"],"5091611":[21,"下呂市","金山町中切"],"5094223":[21,"飛騨市","古川町東町"],"5094423":[21,"飛騨市","宮川町林"],"5097811":[21,"恵那市","串原"],"5095401":[21,"土岐市","駄知町"],"5095292":[21,"土岐市","下石町","３２２－６"],"5092311":[21,"下呂市","乗政"],"5093315":[21,"高山市","朝日町宮之前"],"5090247":[21,"可児市","塩河"],"5090197":[21,"各務原市","鵜沼各務原町","１丁目４番地の１"],"5095201":[21,"土岐市","下石阿庄町"],"5095195":[21,"土岐市","肥田町肥田","２２４２"],"5097797":[21,"恵那市","明智町","吉良見字西山９８０－２"],"5090256":[21,"可児市","東帷子"],"5096112":[21,"瑞浪市","小田町"],"5091104":[21,"加茂郡白川町","和泉"],"5099293":[21,"中津川市","坂下","７２２－１"],"5094392":[21,"飛騨市","河合町角川","２２３番地１"],"5093401":[21,"高山市","高根町阿多野郷"],"5093106":[21,"下呂市","小坂町大島"],"5097721":[21,"恵那市","明智町大泉"],"5097503":[21,"恵那市","上矢作町"],"5094252":[21,"飛騨市","古川町朝開町"],"5090251":[21,"可児市","塩"],"5092603":[21,"下呂市","馬瀬数河"],"5093211":[21,"高山市","久々野町小坊"],"5094108":[21,"高山市","国府町東門前"],"5097704":[21,"恵那市","明智町"],"5095115":[21,"土岐市","肥田町肥田"],"5097507":[21,"恵那市","上矢作町"],"5091103":[21,"加茂郡白川町","水戸野"],"5097511":[21,"恵那市","上矢作町漆原"],"5090261":[21,"可児市","虹ケ丘"],"5093303":[21,"高山市","朝日町浅井"],"5097822":[21,"恵那市","串原"],"5095123":[21,"土岐市","土岐口南町"],"5098392":[21,"中津川市","蛭川","２１７８番地８"],"5090217":[21,"可児市","平貝戸"],"5093316":[21,"高山市","朝日町黍生谷"],"5093404":[21,"高山市","高根町小日和田"],"5090111":[21,"各務原市","鵜沼"],"5090136":[21,"各務原市","松が丘"],"5093111":[21,"下呂市","小坂町落合"],"5094231":[21,"飛騨市","古川町新栄町"],"5095145":[21,"土岐市","泉大沼町"],"5093202":[21,"高山市","久々野町小屋名"],"5090238":[21,"可児市","大森"],"5090401":[21,"加茂郡七宗町","上麻生"],"5092424":[21,"下呂市","門和佐"],"5090234":[21,"可児市","久々利柿下入会"],"5093417":[21,"高山市","高根町池ケ洞"],"5095151":[21,"土岐市","泉大坪町"],"5090207":[21,"可児市","今渡"],"5095106":[21,"土岐市","泉仲森町"],"5097292":[21,"恵那市","長島町正家","１丁目１－１"],"5091601":[21,"下呂市","金山町弓掛"],"5099131":[21,"中津川市","千旦林"],"5097202":[21,"恵那市","東野"],"5094275":[21,"飛騨市","古川町黒内"],"5090242":[21,"可児市","谷迫間"],"5095135":[21,"土岐市","泉森下町"],"5090103":[21,"各務原市","各務東町"],"5094317":[21,"飛騨市","河合町上ケ島"],"5091393":[21,"加茂郡東白川村","神土","６９２－２"],"5091302":[21,"加茂郡東白川村","神土"],"5093327":[21,"高山市","朝日町小谷"],"5092501":[21,"下呂市","萩原町山之口"],"5091394":[21,"加茂郡東白川村","越原","３３－１"],"5097812":[21,"恵那市","串原"],"5097201":[21,"恵那市","大井町"],"5091602":[21,"下呂市","金山町卯野原"],"5094303":[21,"飛騨市","河合町有家"],"5092207":[21,"下呂市","湯之島"],"5096135":[21,"瑞浪市","薬師町"],"5094224":[21,"飛騨市","古川町殿町"],"5096126":[21,"瑞浪市","高月町"],"5095127":[21,"土岐市","土岐ヶ丘"],"5093105":[21,"下呂市","小坂町坂下"],"5090233":[21,"可児市","柿下"],"5094113":[21,"高山市","国府町木曽垣内"],"5094318":[21,"飛騨市","河合町新名"],"5096128":[21,"瑞浪市","宮前町"],"5097723":[21,"恵那市","明智町大田"],"5092136":[21,"下呂市","瀬戸"],"5097826":[21,"恵那市","串原"],"5092518":[21,"下呂市","萩原町上呂"],"5090200":[21,"可児市",""],"5094261":[21,"飛騨市","古川町下野"],"5092312":[21,"下呂市","御厩野"],"5090255":[21,"可児市","光陽台"],"5090216":[21,"可児市","石森"],"5094311":[21,"飛騨市","河合町大谷"],"5093204":[21,"高山市","久々野町久須母"],"5094204":[21,"飛騨市","古川町野口"],"5092507":[21,"下呂市","萩原町野上"],"5093292":[21,"高山市","久々野町無数河","５８０番地１"],"5090302":[21,"加茂郡川辺町","上川辺"],"5090213":[21,"可児市","瀬田"],"5092517":[21,"下呂市","萩原町萩原"],"5097504":[21,"恵那市","上矢作町"],"5090122":[21,"各務原市","新鵜沼台"],"5090104":[21,"各務原市","各務おがせ町"],"5097712":[21,"恵那市","明智町"],"5093403":[21,"高山市","高根町日和田"],"5090102":[21,"各務原市","各務車洞"],"5093326":[21,"高山市","朝日町甲"],"5095144":[21,"土岐市","泉池ノ上町"],"5095134":[21,"土岐市","泉島田町"],"5094105":[21,"高山市","国府町蓑輪"],"5093203":[21,"高山市","久々野町柳島"],"5092508":[21,"下呂市","萩原町尾崎"],"5092422":[21,"下呂市","田口"],"5095122":[21,"土岐市","土岐津町土岐口"],"5090147":[21,"各務原市","鵜沼川崎町"],"5091106":[21,"加茂郡白川町","坂ノ東"],"5096192":[21,"瑞浪市","土岐町","２２１６"],"5090245":[21,"可児市","下切"],"5092511":[21,"下呂市","萩原町宮田"],"5097401":[21,"恵那市","岩村町飯羽間"],"5090511":[21,"加茂郡七宗町","神渕"],"5090112":[21,"各務原市","緑苑北"],"5097801":[21,"恵那市","串原"],"5091431":[21,"加茂郡白川町","黒川"],"5091221":[21,"加茂郡白川町","上佐見"],"5096111":[21,"瑞浪市","下沖町"],"5093114":[21,"下呂市","小坂町赤沼田"],"5097209":[21,"恵那市","笠置町毛呂窪"],"5090305":[21,"加茂郡川辺町","西栃井"],"5091392":[21,"加茂郡東白川村","神土","５４８"],"5095311":[21,"土岐市","鶴里町細野"],"5090109":[21,"各務原市","テクノプラザ"],"5090201":[21,"可児市","川合"],"5094412":[21,"飛騨市","宮川町岸奥"],"5094262":[21,"飛騨市","古川町中野"],"5099232":[21,"中津川市","坂下"],"5096107":[21,"瑞浪市","穂並"],"5094214":[21,"飛騨市","古川町沼町"],"5096101":[21,"瑞浪市","土岐町"],"5090254":[21,"可児市","長洞"],"5091693":[21,"下呂市","金山町金山","２５９４－１"],"5097726":[21,"恵那市","明智町吉良見"],"5090223":[21,"可児市","羽生ケ丘"],"5093313":[21,"高山市","朝日町胡桃島"],"5098231":[21,"恵那市","中野方町"],"5095301":[21,"土岐市","妻木町"],"5093505":[21,"高山市","一之宮町"],"5090105":[21,"各務原市","各務山の前町"],"5092206":[21,"下呂市","幸田"],"5091606":[21,"下呂市","金山町祖師野"],"5093304":[21,"高山市","朝日町立岩"],"5095107":[21,"土岐市","泉梅ノ木町"],"5094203":[21,"飛騨市","古川町袈裟丸"],"5091395":[21,"加茂郡東白川村","神土","４２６－１"],"5091102":[21,"加茂郡白川町","中川"],"5093317":[21,"高山市","朝日町小瀬ケ洞"],"5097608":[21,"恵那市","山岡町田沢"],"5097125":[21,"恵那市","三郷町椋実"],"5092137":[21,"下呂市","保井戸"],"5097705":[21,"恵那市","明智町"],"5090126":[21,"各務原市","鵜沼東町"],"5092512":[21,"下呂市","萩原町大ケ洞"],"5090266":[21,"可児市","帷子新町"],"5096472":[21,"瑞浪市","釜戸町"],"5096121":[21,"瑞浪市","寺河戸町"],"5095101":[21,"土岐市","泉町河合"],"5097403":[21,"恵那市","岩村町"],"5092593":[21,"下呂市","萩原町萩原","３２６－１"],"5090265":[21,"可児市","西帷子"],"5090292":[21,"可児市","広見","１丁目１"],"5097825":[21,"恵那市","串原"],"5091613":[21,"下呂市","金山町中津原"],"5097601":[21,"恵那市","山岡町久保原"],"5097831":[21,"恵那市","串原"],"5090312":[21,"加茂郡川辺町","中野"],"5097402":[21,"恵那市","岩村町富田"],"5093415":[21,"高山市","高根町猪之鼻"],"5097604":[21,"恵那市","山岡町釜屋"],"5093305":[21,"高山市","朝日町小瀬"],"5099231":[21,"中津川市","上野"],"5096134":[21,"瑞浪市","松ケ瀬町"],"5090145":[21,"各務原市","鵜沼朝日町"],"5091112":[21,"加茂郡白川町","赤河"],"5094315":[21,"飛騨市","河合町天生"],"5097711":[21,"恵那市","明智町東方"],"5090393":[21,"加茂郡川辺町","中川辺","１５１５－１"],"5094304":[21,"飛騨市","河合町羽根"],"5092202":[21,"下呂市","森"],"5093195":[21,"下呂市","小坂町小坂町","８１５－５"],"5094233":[21,"飛騨市","古川町末広町"],"5097513":[21,"恵那市","上矢作町小田子"],"5097607":[21,"恵那市","山岡町下手向"],"5094411":[21,"飛騨市","宮川町野首"],"5090114":[21,"各務原市","緑苑中"],"5090133":[21,"各務原市","鵜沼古市場町"],"5096363":[21,"瑞浪市","陶町大川"],"5097321":[21,"中津川市","阿木"],"5097806":[21,"恵那市","串原"],"5095121":[21,"土岐市","土岐津町高山"],"5090306":[21,"加茂郡川辺町","下川辺"],"5090135":[21,"各務原市","鵜沼羽場町"],"5097204":[21,"恵那市","長島町永田"],"5095117":[21,"土岐市","肥田浅野朝日町"],"5096102":[21,"瑞浪市","稲津町萩原"],"5094413":[21,"飛騨市","宮川町小谷"],"5096133":[21,"瑞浪市","明世町戸狩"],"5093216":[21,"高山市","久々野町木賊洞"],"5097206":[21,"恵那市","長島町久須見"],"5094263":[21,"飛騨市","古川町上野"],"5097707":[21,"恵那市","明智町"],"5094111":[21,"高山市","国府町山本"],"5095402":[21,"土岐市","曽木町"],"5094232":[21,"飛騨市","古川町本町"],"5093314":[21,"高山市","朝日町西洞"],"5094124":[21,"高山市","国府町村山"],"5090106":[21,"各務原市","各務西町"],"5097692":[21,"恵那市","山岡町上手向","５８４"],"5091300":[21,"加茂郡東白川村",""],"5094306":[21,"飛騨市","河合町中沢上"],"5097126":[21,"恵那市","武並町新竹折"],"5098232":[21,"恵那市","飯地町"],"5091192":[21,"加茂郡白川町","河岐","７１５"],"5099292":[21,"中津川市","坂下","１６６５番地５号"],"5090211":[21,"可児市","渕之上"],"5096116":[21,"瑞浪市","南小田町"],"5093325":[21,"高山市","朝日町万石"],"5095116":[21,"土岐市","肥田浅野矢落町"],"5090313":[21,"加茂郡川辺町","下飯田"],"5095171":[21,"土岐市","泉北山町"],"5094255":[21,"飛騨市","古川町大野町"],"5091101":[21,"加茂郡白川町","白山"],"5092615":[21,"下呂市","馬瀬西村"],"5099201":[21,"中津川市","川上"],"5090113":[21,"各務原市","緑苑東"],"5090125":[21,"各務原市","鵜沼南町"],"5095302":[21,"土岐市","妻木平成町"],"5092205":[21,"下呂市","少ケ野"],"5092203":[21,"下呂市","小川"],"5096471":[21,"瑞浪市","大湫町"],"5094251":[21,"飛騨市","古川町宮城町"],"5092592":[21,"下呂市","萩原町羽根","２６０５－１"],"5093201":[21,"高山市","久々野町大西"],"5097605":[21,"恵那市","山岡町原"],"5092513":[21,"下呂市","萩原町桜洞"],"5097892":[21,"恵那市","串原","３１７１－１"],"5092595":[21,"下呂市","萩原町萩原","１８５６番地"],"5090300":[21,"加茂郡川辺町",""],"5097492":[21,"恵那市","岩村町","５４５－１"],"5090239":[21,"可児市","大森台"],"5096362":[21,"瑞浪市","陶町水上"],"5090232":[21,"可児市","二野"],"5092134":[21,"下呂市","焼石"],"5095136":[21,"土岐市","泉大島町"],"5095100":[21,"土岐市",""],"5094305":[21,"飛騨市","河合町保木林"],"5097124":[21,"恵那市","三郷町佐々良木"],"5094273":[21,"飛騨市","古川町寺地"],"5091105":[21,"加茂郡白川町","河岐"],"5094107":[21,"高山市","国府町西門前"],"5092292":[21,"下呂市","幸田","１１６２"],"5099295":[21,"中津川市","川上","１４３７－１"],"5094114":[21,"高山市","国府町半田"],"5097815":[21,"恵那市","串原"],"5097203":[21,"恵那市","長島町正家"],"5097592":[21,"恵那市","上矢作町","１８０５－２"],"5092602":[21,"下呂市","馬瀬黒石"],"5096194":[21,"瑞浪市","稲津町萩原","１６６１"],"5095202":[21,"土岐市","下石町"],"5091615":[21,"下呂市","金山町田島"],"5097731":[21,"恵那市","明智町"],"5090146":[21,"各務原市","鵜沼三ツ池町"],"5093301":[21,"高山市","朝日町青屋"],"5094316":[21,"飛騨市","河合町元田"],"5090311":[21,"加茂郡川辺町","下吉田"],"5093112":[21,"下呂市","小坂町大洞"],"5090222":[21,"可児市","羽崎"],"5093107":[21,"下呂市","小坂町無数原"],"5091612":[21,"下呂市","金山町福来"],"5092132":[21,"下呂市","火打"],"5091100":[21,"加茂郡白川町",""],"5094265":[21,"飛騨市","古川町畦畑"],"5097208":[21,"恵那市","笠置町姫栗"],"5094201":[21,"飛騨市","古川町数河"],"5097493":[21,"恵那市","岩村町","１３３"],"5094421":[21,"飛騨市","宮川町高牧"],"5090107":[21,"各務原市","各務船山町"],"5090134":[21,"各務原市","鵜沼真名越町"],"5096105":[21,"瑞浪市","明賀台"],"5099132":[21,"中津川市","茄子川"],"5092614":[21,"下呂市","馬瀬惣島"],"5094212":[21,"飛騨市","古川町上気多"],"5093115":[21,"下呂市","小坂町長瀬"],"5090252":[21,"可児市","矢戸"],"5094541":[21,"飛騨市","宮川町小豆沢"],"5092204":[21,"下呂市","三原"],"5095203":[21,"土岐市","下石陶史台"],"5094123":[21,"高山市","国府町金桶"],"5093306":[21,"高山市","朝日町見座"],"5090142":[21,"各務原市","鵜沼丸子町"],"5097603":[21,"恵那市","山岡町上手向"],"5094264":[21,"飛騨市","古川町平岩"],"5096123":[21,"瑞浪市","樽上町"],"5094253":[21,"飛騨市","古川町南成町"],"5094415":[21,"飛騨市","宮川町落合"],"5091396":[21,"加茂郡東白川村","神土","１７７０"],"5093405":[21,"高山市","高根町留之原"],"5096131":[21,"瑞浪市","明世町月吉"],"5093416":[21,"高山市","高根町中洞"],"5097205":[21,"恵那市","長島町中野"],"5097714":[21,"恵那市","明智町"],"5097793":[21,"恵那市","明智町","４１－２"],"5092514":[21,"下呂市","萩原町中呂"],"5091695":[21,"下呂市","金山町大船渡","６００－８"],"5093207":[21,"高山市","久々野町辻"],"5092135":[21,"下呂市","三ツ渕"],"5090264":[21,"可児市","鳩吹台"],"5094274":[21,"飛騨市","古川町笹ケ洞"],"5093413":[21,"高山市","高根町下之向"],"5094314":[21,"飛騨市","河合町月ケ瀬"],"5093324":[21,"高山市","朝日町上ケ見"],"5097211":[21,"恵那市","長島町鍋山"],"5093311":[21,"高山市","朝日町一之宿"],"5094402":[21,"飛騨市","宮川町種蔵"],"5097606":[21,"恵那市","山岡町田代"],"5090218":[21,"可児市","松伏"],"5095147":[21,"土岐市","泉郷町"],"5094103":[21,"高山市","国府町宮地"],"5090248":[21,"可児市","清水ケ丘"],"5094245":[21,"飛騨市","古川町幸栄町"],"5095312":[21,"土岐市","鶴里町柿野"],"5094531":[21,"飛騨市","宮川町鮎飛"],"5092138":[21,"下呂市","門原"],"5090202":[21,"可児市","中恵土"],"5095102":[21,"土岐市","泉町定林寺"],"5092702":[21,"高山市","清見町大原"],"5097804":[21,"恵那市","串原"],"5094313":[21,"飛騨市","河合町保"],"5090123":[21,"各務原市","鵜沼宝積寺町"],"5096193":[21,"瑞浪市","稲津町萩原","１６６１"],"5090231":[21,"可児市","緑ケ丘"],"5094115":[21,"高山市","国府町三日町"],"5096115":[21,"瑞浪市","北小田町"],"5094235":[21,"飛騨市","古川町弐之町"],"5097725":[21,"恵那市","明智町阿妻"],"5090144":[21,"各務原市","鵜沼大伊木町"],"5090304":[21,"加茂郡川辺町","中川辺"],"5091622":[21,"下呂市","金山町金山"],"5097706":[21,"恵那市","明智町"],"5094406":[21,"飛騨市","宮川町牧戸"],"5095111":[21,"土岐市","肥田浅野双葉町"],"5094244":[21,"飛騨市","古川町是重"],"5095131":[21,"土岐市","泉寺田町"],"5092133":[21,"下呂市","和佐"],"5093214":[21,"高山市","久々野町無数河"],"5092503":[21,"下呂市","萩原町西上田"],"5092504":[21,"下呂市","萩原町跡津"],"5097823":[21,"恵那市","串原"],"5094414":[21,"飛騨市","宮川町大無雁"],"5094237":[21,"飛騨市","古川町栄"],"5094542":[21,"飛騨市","宮川町杉原"],"5091607":[21,"下呂市","金山町乙原"],"5094234":[21,"飛騨市","古川町壱之町"],"5096196":[21,"瑞浪市","土岐町","７９２８－２"],"5095154":[21,"土岐市","泉西山町"],"5094211":[21,"飛騨市","古川町太江"],"5090116":[21,"各務原市","緑苑西"],"5090402":[21,"加茂郡七宗町","川並"],"5094401":[21,"飛騨市","宮川町菅沼"],"5090296":[21,"可児市","今渡","３９４－６蘇南ビル３階"],"5094125":[21,"高山市","国府町糠塚"],"5090259":[21,"可児市","愛岐ケ丘"],"5091692":[21,"下呂市","金山町下原町","５４９－１"],"5097703":[21,"恵那市","明智町"],"5092201":[21,"下呂市","東上田"],"5091624":[21,"下呂市","金山町菅田笹洞"],"5096122":[21,"瑞浪市","上平町"],"5097322":[21,"中津川市","飯沼"],"5095192":[21,"土岐市","土岐津町土岐口","２１０１"],"5096106":[21,"瑞浪市","学園台"],"5095118":[21,"土岐市","肥田浅野梅ノ木町"],"5094213":[21,"飛騨市","古川町下気多"],"5091222":[21,"加茂郡白川町","下佐見"],"5097713":[21,"恵那市","明智町"],"5097501":[21,"恵那市","上矢作町"],"5091111":[21,"加茂郡白川町","切井"],"5094256":[21,"飛騨市","古川町高野"],"5090221":[21,"可児市","広眺ケ丘"],"5097502":[21,"恵那市","上矢作町"],"5097816":[21,"恵那市","串原"],"5094424":[21,"飛騨市","宮川町森安"],"5091614":[21,"下呂市","金山町大船渡"],"5097805":[21,"恵那市","串原"],"5099298":[21,"中津川市","坂下","３７７－２"],"5090241":[21,"可児市","坂戸"],"5097708":[21,"恵那市","明智町"],"5097717":[21,"恵那市","明智町"],"5090230":[21,"可児市","星見台"],"5094271":[21,"飛騨市","古川町谷"],"5094532":[21,"飛騨市","宮川町洞"],"5090295":[21,"可児市","土田","５００"],"5094112":[21,"高山市","国府町鶴巣"],"5095103":[21,"土岐市","泉東窯町"],"5090143":[21,"各務原市","鵜沼小伊木町"],"5094122":[21,"高山市","国府町名張"],"5090224":[21,"可児市","久々利"],"5090303":[21,"加茂郡川辺町","石神"],"5092701":[21,"高山市","清見町楢谷"],"5090115":[21,"各務原市","緑苑南"],"5095403":[21,"土岐市","旭ケ丘町"],"5090203":[21,"可児市","下恵土"],"5093312":[21,"高山市","朝日町桑之島"],"5097602":[21,"恵那市","山岡町馬場山田"],"5092505":[21,"下呂市","萩原町古関"],"5091492":[21,"加茂郡白川町","黒川","１４００番地"],"5094221":[21,"飛騨市","古川町若宮"],"5097123":[21,"恵那市","三郷町野井"],"5091623":[21,"下呂市","金山町菅田桐洞"],"5093217":[21,"高山市","久々野町長淀"],"5091193":[21,"加茂郡白川町","白山","１０３３"]}
