{"0380012":[2,"青森市","柳川"],"0383304":[2,"つがる市","下車力町"],"0382734":[2,"西津軽郡鰺ヶ沢町","南金沢町"],"0380044":[2,"青森市","孫内"],"0383135":[2,"つがる市","木造有楽町"],"0383159":[2,"つがる市","木造桜川"],"0383645":[2,"北津軽郡板柳町","辻"],"0382747":[2,"西津軽郡鰺ヶ沢町","淀町"],"0382804":[2,"つがる市","木造三ツ館"],"0381122":[2,"南津軽郡田舎館村","八反田"],"0383511":[2,"北津軽郡鶴田町","横萢"],"0383167":[2,"つがる市","木造千代田"],"0382202":[2,"西津軽郡深浦町","岩崎"],"0382805":[2,"つがる市","木造広岡"],"0380056":[2,"青森市","飛鳥"],"0380013":[2,"青森市","久須志"],"0382713":[2,"西津軽郡鰺ヶ沢町","松代町"],"0381301":[2,"青森市","浪岡大釈迦"],"0388505":[2,"青森市","柳川","２丁目１番１号"],"0382324":[2,"西津軽郡深浦町","深浦"],"0381313":[2,"青森市","浪岡王余魚沢"],"0380211":[2,"南津軽郡大鰐町","大鰐"],"0382816":[2,"つがる市","森田町森田"],"0382808":[2,"つがる市","木造吹原"],"0381104":[2,"南津軽郡田舎館村","枝川"],"0382721":[2,"西津軽郡鰺ヶ沢町","深谷町"],"0380057":[2,"青森市","西田沢"],"0383631":[2,"北津軽郡板柳町","牡丹森"],"0383625":[2,"北津軽郡板柳町","舘野越"],"0383152":[2,"つがる市","木造藤岡"],"0383281":[2,"つがる市","木造平滝"],"0383124":[2,"つがる市","木造朝日"],"0383276":[2,"つがる市","木造林"],"0383156":[2,"つがる市","木造宮井"],"0381202":[2,"南津軽郡藤崎町","富柳"],"0383164":[2,"つがる市","木造柴田"],"0381100":[2,"南津軽郡田舎館村",""],"0380053":[2,"青森市","前田"],"0382411":[2,"西津軽郡深浦町","風合瀬"],"0382327":[2,"西津軽郡深浦町","舮作"],"0382704":[2,"西津軽郡鰺ヶ沢町","湯舟町"],"0380200":[2,"南津軽郡大鰐町",""],"0381333":[2,"青森市","浪岡増館"],"0382751":[2,"西津軽郡鰺ヶ沢町","田中町"],"0383513":[2,"北津軽郡鶴田町","沖"],"0383139":[2,"つがる市","木造萩流"],"0383636":[2,"北津軽郡板柳町","五幾形"],"0382733":[2,"西津軽郡鰺ヶ沢町","館前町"],"0383800":[2,"南津軽郡藤崎町",""],"0381205":[2,"南津軽郡藤崎町","吉野田"],"0380000":[2,"青森市",""],"0381342":[2,"青森市","浪岡樽沢"],"0383285":[2,"つがる市","木造大湯町"],"0380222":[2,"南津軽郡大鰐町","早瀬野"],"0380292":[2,"南津軽郡大鰐町","大字大鰐","字羽黒館５－３"],"0383673":[2,"北津軽郡板柳町","小幡"],"0382323":[2,"西津軽郡深浦町","上長慶平"],"0382743":[2,"西津軽郡鰺ヶ沢町","釣町"],"0383634":[2,"北津軽郡板柳町","高増"],"0383623":[2,"北津軽郡板柳町","常海橋"],"0383132":[2,"つがる市","木造清水"],"0381212":[2,"南津軽郡藤崎町","三ツ屋"],"0381322":[2,"青森市","浪岡細野"],"0383615":[2,"弘前市","青女子"],"0383811":[2,"南津軽郡藤崎町","中島"],"0383805":[2,"南津軽郡藤崎町","五林"],"0381207":[2,"南津軽郡藤崎町","増館"],"0381306":[2,"青森市","浪岡福田"],"0383163":[2,"つがる市","木造中館"],"0383196":[2,"つがる市","柏桑野木田","福井２０－４"],"0380232":[2,"南津軽郡大鰐町","三ツ目内"],"0382207":[2,"西津軽郡深浦町","黒崎"],"0380052":[2,"青森市","清水"],"0381143":[2,"南津軽郡田舎館村","境森"],"0383503":[2,"北津軽郡鶴田町","鶴田"],"0382201":[2,"西津軽郡深浦町","沢辺"],"0383831":[2,"南津軽郡藤崎町","中野目"],"0383837":[2,"南津軽郡藤崎町","柏木堰"],"0383273":[2,"つがる市","木造出野里"],"0381323":[2,"青森市","浪岡本郷"],"0380045":[2,"青森市","鶴ケ坂"],"0382754":[2,"西津軽郡鰺ヶ沢町","米町"],"0383141":[2,"つがる市","木造浮巣"],"0382722":[2,"西津軽郡鰺ヶ沢町","小森町"],"0380241":[2,"南津軽郡大鰐町","鯖石"],"0380014":[2,"青森市","西滝"],"0383684":[2,"北津軽郡板柳町","三千石"],"0381341":[2,"青森市","浪岡銀"],"0383524":[2,"北津軽郡鶴田町","境"],"0383692":[2,"北津軽郡板柳町","大字板柳","字土井２３９－３"],"0380032":[2,"青森市","里見"],"0383138":[2,"つがる市","木造若緑"],"0383194":[2,"つがる市","木造若竹","５"],"0382712":[2,"西津軽郡鰺ヶ沢町","長平町"],"0383303":[2,"つがる市","車力町"],"0383144":[2,"つがる市","木造曙"],"0381112":[2,"南津軽郡田舎館村","垂柳"],"0382715":[2,"西津軽郡鰺ヶ沢町","浜横沢町"],"0383635":[2,"北津軽郡板柳町","大俵"],"0383543":[2,"北津軽郡鶴田町","妙堂崎"],"0382892":[2,"つがる市","森田町山田","山崎６１"],"0382505":[2,"西津軽郡深浦町","田野沢"],"0383662":[2,"北津軽郡板柳町","板柳"],"0383814":[2,"南津軽郡藤崎町","水沼"],"0382203":[2,"西津軽郡深浦町","正道尻"],"0383104":[2,"つがる市","柏桑野木田"],"0382817":[2,"つがる市","森田町床舞"],"0380201":[2,"南津軽郡大鰐町","苦木"],"0383133":[2,"つがる市","木造末広"],"0383803":[2,"南津軽郡藤崎町","西豊田"],"0382711":[2,"西津軽郡鰺ヶ沢町","中村町"],"0382725":[2,"西津軽郡鰺ヶ沢町","種里町"],"0380054":[2,"青森市","奥内"],"0383157":[2,"つがる市","木造宮崎"],"0381312":[2,"青森市","浪岡五本松"],"0380192":[2,"平川市","碇ヶ関","三笠山１０７－３"],"0383101":[2,"つがる市","柏鷺坂"],"0383624":[2,"北津軽郡板柳町","滝井"],"0383286":[2,"つがる市","木造菰槌"],"0382742":[2,"西津軽郡鰺ヶ沢町","新町"],"0381203":[2,"南津軽郡藤崎町","久井名舘"],"0383153":[2,"つがる市","木造野宮"],"0388555":[2,"青森市","柳川","１丁目２番３号"],"0383523":[2,"北津軽郡鶴田町","胡桃舘"],"0380041":[2,"青森市","岡町"],"0380231":[2,"南津軽郡大鰐町","宿川原"],"0383282":[2,"つがる市","木造筒木坂"],"0383832":[2,"南津軽郡藤崎町","吉向"],"0382326":[2,"西津軽郡深浦町","月屋"],"0381332":[2,"青森市","浪岡下十川"],"0383131":[2,"つがる市","木造千年"],"0380004":[2,"青森市","富田"],"0380001":[2,"青森市","新田"],"0383166":[2,"つがる市","木造福原"],"0381304":[2,"青森市","浪岡高屋敷"],"0382803":[2,"つがる市","木造下福原"],"0382746":[2,"西津軽郡鰺ヶ沢町","富根町"],"0381345":[2,"青森市","浪岡下石川"],"0382752":[2,"西津軽郡鰺ヶ沢町","七ツ石町"],"0383514":[2,"北津軽郡鶴田町","中野"],"0382412":[2,"西津軽郡深浦町","驫木"],"0382745":[2,"西津軽郡鰺ヶ沢町","新地町"],"0381213":[2,"南津軽郡藤崎町","徳下"],"0383802":[2,"南津軽郡藤崎町","藤崎"],"0382700":[2,"西津軽郡鰺ヶ沢町",""],"0382741":[2,"西津軽郡鰺ヶ沢町","浜町"],"0383195":[2,"つがる市","木造森山","３－２"],"0380243":[2,"南津軽郡大鰐町","八幡館"],"0381121":[2,"南津軽郡田舎館村","畑中"],"0380046":[2,"青森市","戸門"],"0381132":[2,"南津軽郡田舎館村","諏訪堂"],"0383685":[2,"北津軽郡板柳町","いたや町"],"0383644":[2,"北津軽郡板柳町","横沢"],"0383500":[2,"北津軽郡鶴田町",""],"0381144":[2,"南津軽郡田舎館村","前田屋敷"],"0383834":[2,"南津軽郡藤崎町","西中野目"],"0381101":[2,"南津軽郡田舎館村","東光寺"],"0383125":[2,"つがる市","木造鶴泊"],"0383134":[2,"つがる市","木造種取"],"0380101":[2,"平川市","碇ケ関"],"0382812":[2,"つがる市","森田町下相野"],"0383804":[2,"南津軽郡藤崎町","葛野"],"0383145":[2,"つがる市","木造千代町"],"0381305":[2,"青森市","浪岡杉沢"],"0383193":[2,"つがる市","木造日向","７３－２"],"0383272":[2,"つがる市","木造兼館"],"0381344":[2,"青森市","浪岡吉野田"],"0388560":[2,"青森市","大字石江","字岡部６９番地"],"0382300":[2,"西津軽郡深浦町",""],"0383100":[2,"つがる市",""],"0380204":[2,"南津軽郡大鰐町","唐牛"],"0383143":[2,"つがる市","木造日向"],"0383532":[2,"北津軽郡鶴田町","野木"],"0383121":[2,"つがる市","木造早田"],"0383126":[2,"つがる市","木造森内"],"0382714":[2,"西津軽郡鰺ヶ沢町","芦萢町"],"0380055":[2,"青森市","瀬戸子"],"0383165":[2,"つがる市","木造菊川"],"0382814":[2,"つがる市","森田町中田"],"0382413":[2,"西津軽郡深浦町","追良瀬"],"0382792":[2,"西津軽郡鰺ヶ沢町","大字本町","２０９－２"],"0381331":[2,"青森市","浪岡女鹿沢"],"0381311":[2,"青森市","浪岡浪岡"],"0382818":[2,"つがる市","森田町大館"],"0382761":[2,"西津軽郡鰺ヶ沢町","舞戸町"],"0382502":[2,"西津軽郡深浦町","岩坂"],"0383105":[2,"つがる市","柏広須"],"0383287":[2,"つがる市","木造下遠山里"],"0382322":[2,"西津軽郡深浦町","長慶平"],"0383633":[2,"北津軽郡板柳町","狐森"],"0381102":[2,"南津軽郡田舎館村","堂野前"],"0380059":[2,"青森市","油川"],"0383154":[2,"つがる市","木造照日"],"0380042":[2,"青森市","新城"],"0383611":[2,"弘前市","三和"],"0383522":[2,"北津軽郡鶴田町","鶴泊"],"0383833":[2,"南津軽郡藤崎町","亀岡"],"0381321":[2,"青森市","浪岡相沢"],"0383305":[2,"つがる市","牛潟町"],"0381133":[2,"南津軽郡田舎館村","大根子"],"0381141":[2,"南津軽郡田舎館村","川部"],"0383275":[2,"つがる市","木造永田"],"0381145":[2,"南津軽郡田舎館村","土矢倉"],"0382724":[2,"西津軽郡鰺ヶ沢町","鬼袋町"],"0383531":[2,"北津軽郡鶴田町","木筒"],"0380011":[2,"青森市","篠田"],"0383643":[2,"北津軽郡板柳町","長野"],"0383151":[2,"つがる市","木造若竹"],"0382206":[2,"西津軽郡深浦町","松神"],"0380103":[2,"平川市","碇ケ関久吉蕷ケ平"],"0381204":[2,"南津軽郡藤崎町","水木"],"0383394":[2,"つがる市","牛潟町","鷲野沢１４７－２"],"0383106":[2,"つがる市","柏玉水"],"0382732":[2,"西津軽郡鰺ヶ沢町","日照田町"],"0382744":[2,"西津軽郡鰺ヶ沢町","漁師町"],"0383651":[2,"北津軽郡板柳町","飯田"],"0381325":[2,"青森市","浪岡北中野"],"0380203":[2,"南津軽郡大鰐町","駒木"],"0383641":[2,"北津軽郡板柳町","深味"],"0383682":[2,"北津軽郡板柳町","石野"],"0382204":[2,"西津軽郡深浦町","久田"],"0383813":[2,"南津軽郡藤崎町","矢沢"],"0383874":[2,"弘前市","津賀野"],"0383283":[2,"つがる市","木造館岡"],"0382753":[2,"西津軽郡鰺ヶ沢町","本町"],"0383302":[2,"つがる市","豊富町"],"0383801":[2,"南津軽郡藤崎町","藤越"],"0383681":[2,"北津軽郡板柳町","野中"],"0383161":[2,"つがる市","木造濁川"],"0380212":[2,"南津軽郡大鰐町","蔵館"],"0382504":[2,"西津軽郡深浦町","北金ケ沢"],"0383501":[2,"北津軽郡鶴田町","大巻"],"0380031":[2,"青森市","三内"],"0383595":[2,"北津軽郡鶴田町","大字鶴田","字早瀬２００－１"],"0380242":[2,"南津軽郡大鰐町","森山"],"0381214":[2,"南津軽郡藤崎町","常盤"],"0382806":[2,"つがる市","木造越水"],"0383146":[2,"つがる市","木造桜木"],"0383113":[2,"つがる市","木造芦沼"],"0382701":[2,"西津軽郡鰺ヶ沢町","北浮田町"],"0382705":[2,"西津軽郡鰺ヶ沢町","南浮田町"],"0383542":[2,"北津軽郡鶴田町","廻堰"],"0381111":[2,"南津軽郡田舎館村","高樋"],"0383137":[2,"つがる市","木造若宮"],"0383671":[2,"北津軽郡板柳町","掛落林"],"0380223":[2,"南津軽郡大鰐町","島田"],"0383114":[2,"つがる市","木造成田"],"0383835":[2,"南津軽郡藤崎町","俵舛"],"0383515":[2,"北津軽郡鶴田町","山道"],"0380021":[2,"青森市","安田"],"0380023":[2,"青森市","細越"],"0383661":[2,"北津軽郡板柳町","福野田"],"0383612":[2,"弘前市","笹舘"],"0383122":[2,"つがる市","木造追広"],"0381303":[2,"青森市","浪岡徳才子"],"0382811":[2,"つがる市","森田町上相野"],"0388585":[2,"青森市","大字石江","字江渡５－１青森福祉庁舎３階"],"0381113":[2,"南津軽郡田舎館村","田舎舘"],"0380221":[2,"南津軽郡大鰐町","虹貝"],"0380043":[2,"青森市","岩渡"],"0383127":[2,"つがる市","木造森山"],"0381343":[2,"青森市","浪岡郷山前"],"0383107":[2,"つがる市","柏稲盛"],"0380058":[2,"青森市","羽白"],"0383111":[2,"つがる市","木造豊田"],"0383892":[2,"南津軽郡藤崎町","大字西豊田","１丁目１"],"0382813":[2,"つがる市","森田町妙堂崎"],"0381302":[2,"青森市","浪岡長沼"],"0383392":[2,"つがる市","車力町","花林６５"],"0382731":[2,"西津軽郡鰺ヶ沢町","赤石町"],"0383812":[2,"南津軽郡藤崎町","小畑"],"0383155":[2,"つがる市","木造増田"],"0382735":[2,"西津軽郡鰺ヶ沢町","姥袋町"],"0381131":[2,"南津軽郡田舎館村","大袋"],"0383836":[2,"南津軽郡藤崎町","下俵舛"],"0383102":[2,"つがる市","柏下古川"],"0382321":[2,"西津軽郡深浦町","広戸"],"0383284":[2,"つがる市","木造亀ケ岡"],"0383632":[2,"北津軽郡板柳町","柏木"],"0382815":[2,"つがる市","森田町山田"],"0382702":[2,"西津軽郡鰺ヶ沢町","建石町"],"0382801":[2,"つがる市","木造丸山"],"0383288":[2,"つがる市","木造出来島"],"0383192":[2,"つがる市","木造若緑","６１－１"],"0380003":[2,"青森市","石江"],"0380002":[2,"青森市","沖館"],"0382703":[2,"西津軽郡鰺ヶ沢町","小屋敷町"],"0383613":[2,"弘前市","小友"],"0381142":[2,"南津軽郡田舎館村","和泉"],"0383541":[2,"北津軽郡鶴田町","尾原"],"0383512":[2,"北津軽郡鶴田町","瀬良沢"],"0383306":[2,"つがる市","下牛潟町"],"0381103":[2,"南津軽郡田舎館村","十二川原"],"0383672":[2,"北津軽郡板柳町","灰沼"],"0383277":[2,"つがる市","木造大畑"],"0383271":[2,"つがる市","木造善積"],"0383521":[2,"北津軽郡鶴田町","菖蒲川"],"0383274":[2,"つがる市","木造蓮花田"],"0381201":[2,"南津軽郡藤崎町","福舘"],"0383821":[2,"弘前市","百田"],"0383158":[2,"つがる市","木造房松"],"0381215":[2,"南津軽郡藤崎町","若松"],"0380051":[2,"青森市","内真部"],"0383393":[2,"つがる市","富萢町","屏風山１"],"0383600":[2,"北津軽郡板柳町",""],"0380015":[2,"青森市","千刈"],"0383301":[2,"つがる市","富萢町"],"0380024":[2,"青森市","浪館前田"],"0381324":[2,"青森市","浪岡吉内"],"0383614":[2,"弘前市","種市"],"0382325":[2,"西津軽郡深浦町","横磯"],"0381206":[2,"南津軽郡藤崎町","郷山前"],"0383622":[2,"北津軽郡板柳町","夕顔関"],"0383128":[2,"つがる市","木造森本"],"0381216":[2,"南津軽郡藤崎町","榊"],"0383642":[2,"北津軽郡板柳町","太田"],"0380194":[2,"平川市","碇ヶ関","湯向川添３０"],"0383621":[2,"北津軽郡板柳町","五林平"],"0382807":[2,"つがる市","木造駒田"],"0383806":[2,"南津軽郡藤崎町","林崎"],"0383278":[2,"つがる市","木造土滝"],"0382793":[2,"西津軽郡鰺ヶ沢町","大字長平町","字西岩木山７５"],"0380233":[2,"南津軽郡大鰐町","居土"],"0381211":[2,"南津軽郡藤崎町","福島"],"0383142":[2,"つがる市","木造赤根"],"0382208":[2,"西津軽郡深浦町","大間越"],"0383103":[2,"つがる市","柏上古川"],"0382503":[2,"西津軽郡深浦町","関"],"0380102":[2,"平川市","碇ケ関古懸上程森"],"0383112":[2,"つがる市","木造川除"],"0380202":[2,"南津軽郡大鰐町","長峰"],"0382501":[2,"西津軽郡深浦町","柳田"],"0382205":[2,"西津軽郡深浦町","森山"],"0383136":[2,"つがる市","木造萩野"],"0381134":[2,"南津軽郡田舎館村","豊蒔"],"0380006":[2,"青森市","三好"],"0383683":[2,"北津軽郡板柳町","赤田"],"0382723":[2,"西津軽郡鰺ヶ沢町","一ツ森町"],"0383115":[2,"つがる市","木造蓮川"],"0381392":[2,"青森市","浪岡大字浪岡","字稲村１０１－１"],"0383525":[2,"北津軽郡鶴田町","大性"],"0383502":[2,"北津軽郡鶴田町","強巻"],"0383162":[2,"つがる市","木造浦船"],"0380022":[2,"青森市","浪館"],"0383123":[2,"つがる市","木造藤田"],"0381123":[2,"南津軽郡田舎館村","大曲"]}
