{"1706039":[13,"豊島区","東池袋サンシャイン６０"],"1706056":[13,"豊島区","東池袋サンシャイン６０"],"1700005":[13,"豊島区","南大塚"],"1700013":[13,"豊島区","東池袋"],"1706008":[13,"豊島区","東池袋サンシャイン６０"],"1706040":[13,"豊島区","東池袋サンシャイン６０"],"1706090":[13,"豊島区","東池袋サンシャイン６０"],"1706035":[13,"豊島区","東池袋サンシャイン６０"],"1708585":[13,"豊島区","巣鴨","２丁目１１－１巣鴨室町ビル７階"],"1700011":[13,"豊島区","池袋本町"],"1708421":[13,"豊島区","東池袋","２丁目３２－２２"],"1708441":[13,"豊島区","東池袋","１丁目２１－１１オーク池袋ビル６Ｆ"],"1708470":[13,"豊島区","西巣鴨","３丁目２０－１"],"1706037":[13,"豊島区","東池袋サンシャイン６０"],"1708436":[13,"豊島区","東池袋","２丁目２３－２"],"1708426":[13,"豊島区","東池袋","４丁目２３－１"],"1708605":[13,"豊島区","東池袋","１丁目１７－８"],"1708460":[13,"豊島区","北大塚","３丁目１０－５"],"1706033":[13,"豊島区","東池袋サンシャイン６０"],"1708404":[13,"豊島区","東池袋","４丁目２６－１０"],"1700002":[13,"豊島区","巣鴨"],"1708551":[13,"豊島区","東池袋","１丁目３６－７"],"1708411":[13,"豊島区","東池袋","３丁目１６－３"],"1706042":[13,"豊島区","東池袋サンシャイン６０"],"1708686":[13,"豊島区","池袋","３丁目１８－１２"],"1706030":[13,"豊島区","東池袋サンシャイン６０"],"1708417":[13,"豊島区","東池袋","３丁目７－４"],"1706021":[13,"豊島区","東池袋サンシャイン６０"],"1700004":[13,"豊島区","北大塚"],"1708465":[13,"豊島区","南大塚","２丁目４５－８ＮＳビル３Ｆ"],"1706014":[13,"豊島区","東池袋サンシャイン６０"],"1708480":[13,"豊島区","駒込","２丁目３－１０"],"1708635":[13,"豊島区","高田","３丁目２５－１"],"1706028":[13,"豊島区","東池袋サンシャイン６０"],"1708430":[13,"豊島区","東池袋","３丁目１６－３"],"1706058":[13,"豊島区","東池袋サンシャイン６０"],"1706024":[13,"豊島区","東池袋サンシャイン６０"],"1708419":[13,"豊島区","東池袋","１丁目４１－５"],"1706004":[13,"豊島区","東池袋サンシャイン６０"],"1708433":[13,"豊島区","東池袋","１丁目３－６"],"1708456":[13,"豊島区","巣鴨","３丁目３９－４"],"1708476":[13,"豊島区","南大塚","２丁目８－１"],"1706026":[13,"豊島区","東池袋サンシャイン６０"],"1708401":[13,"豊島区","東池袋","５丁目５１－１２"],"1708459":[13,"豊島区","南大塚","２丁目２６－１５"],"1706043":[13,"豊島区","東池袋サンシャイン６０"],"1708477":[13,"豊島区","巣鴨","２丁目１０－２"],"1708602":[13,"豊島区","南池袋","１丁目２８－１"],"1706022":[13,"豊島区","東池袋サンシャイン６０"],"1706051":[13,"豊島区","東池袋サンシャイン６０"],"1708402":[13,"豊島区","東池袋","２丁目５６－３"],"1706002":[13,"豊島区","東池袋サンシャイン６０"],"1708423":[13,"豊島区","東池袋","２丁目６３－４"],"1708416":[13,"豊島区","南大塚","３丁目１０－１０"],"1706005":[13,"豊島区","東池袋サンシャイン６０"],"1706018":[13,"豊島区","東池袋サンシャイン６０"],"1708405":[13,"豊島区","東池袋","３丁目３－５"],"1706053":[13,"豊島区","東池袋サンシャイン６０"],"1708448":[13,"豊島区","東池袋","３丁目１５－１５"],"1706046":[13,"豊島区","東池袋サンシャイン６０"],"1706020":[13,"豊島区","東池袋サンシャイン６０"],"1706011":[13,"豊島区","東池袋サンシャイン６０"],"1708450":[13,"豊島区","南大塚","３丁目３－４"],"1708424":[13,"豊島区","東池袋","４丁目２６－３"],"1706041":[13,"豊島区","東池袋サンシャイン６０"],"1706031":[13,"豊島区","東池袋サンシャイン６０"],"1706015":[13,"豊島区","東池袋サンシャイン６０"],"1706059":[13,"豊島区","東池袋サンシャイン６０"],"1708427":[13,"豊島区","東池袋","３丁目７－９"],"1708442":[13,"豊島区","東池袋","４丁目５－２"],"1708420":[13,"豊島区","東池袋","４丁目７－１８"],"1706029":[13,"豊島区","東池袋サンシャイン６０"],"1706019":[13,"豊島区","東池袋サンシャイン６０"],"1706052":[13,"豊島区","東池袋サンシャイン６０"],"1708409":[13,"豊島区","東池袋","３丁目５－１３"],"1700000":[13,"豊島区",""],"1708666":[13,"豊島区","北大塚","３丁目２５－２０"],"1700012":[13,"豊島区","上池袋"],"1708633":[13,"豊島区","高田","３丁目２４－１"],"1700014":[13,"豊島区","池袋"],"1708440":[13,"豊島区","東池袋","３丁目１－５"],"1708434":[13,"豊島区","東池袋","４丁目２３－４"],"1706049":[13,"豊島区","東池袋サンシャイン６０"],"1706080":[13,"豊島区","東池袋","３丁目１－１"],"1706013":[13,"豊島区","東池袋サンシャイン６０"],"1708653":[13,"豊島区","西池袋","１丁目１７－１０"],"1708455":[13,"豊島区","上池袋","１丁目３７－１"],"1706009":[13,"豊島区","東池袋サンシャイン６０"],"1708410":[13,"豊島区","東池袋","１丁目３４－２"],"1706038":[13,"豊島区","東池袋サンシャイン６０"],"1708447":[13,"豊島区","東池袋","３丁目３－５"],"1706027":[13,"豊島区","東池袋サンシャイン６０"],"1708466":[13,"豊島区","東池袋","４丁目５－２"],"1708415":[13,"豊島区","東池袋","１丁目３６－５"],"1706060":[13,"豊島区","東池袋サンシャイン６０"],"1700003":[13,"豊島区","駒込"],"1706057":[13,"豊島区","東池袋サンシャイン６０"],"1706003":[13,"豊島区","東池袋サンシャイン６０"],"1708457":[13,"豊島区","南大塚","２丁目２９番７号"],"1706055":[13,"豊島区","東池袋サンシャイン６０"],"1708422":[13,"豊島区","東池袋","１丁目１８－１"],"1706032":[13,"豊島区","東池袋サンシャイン６０"],"1706012":[13,"豊島区","東池袋サンシャイン６０"],"1706001":[13,"豊島区","東池袋サンシャイン６０"],"1706036":[13,"豊島区","東池袋サンシャイン６０"],"1708432":[13,"豊島区","東池袋","３丁目４－３"],"1708073":[13,"豊島区","巣鴨","１丁目１４－５"],"1706047":[13,"豊島区","東池袋サンシャイン６０"],"1706048":[13,"豊島区","東池袋サンシャイン６０"],"1708603":[13,"豊島区","南池袋","１丁目２８－１"],"1708458":[13,"豊島区","巣鴨","１丁目１５－１"],"1706025":[13,"豊島区","東池袋サンシャイン６０"],"1706054":[13,"豊島区","東池袋サンシャイン６０"],"1706017":[13,"豊島区","東池袋サンシャイン６０"],"1706023":[13,"豊島区","東池袋サンシャイン６０"],"1700001":[13,"豊島区","西巣鴨"],"1708612":[13,"文京区","音羽","１丁目１６－６"],"1708438":[13,"豊島区","東池袋","１丁目３３－８"],"1706044":[13,"豊島区","東池袋サンシャイン６０"],"1706050":[13,"豊島区","東池袋サンシャイン６０"],"1708406":[13,"豊島区","東池袋","１丁目８－６"],"1708488":[13,"豊島区","北大塚","２丁目２４－５"],"1708444":[13,"豊島区","東池袋","３丁目２０－１５"],"1706007":[13,"豊島区","東池袋サンシャイン６０"],"1708451":[13,"豊島区","北大塚","１丁目１５－１"],"1706034":[13,"豊島区","東池袋サンシャイン６０"],"1706016":[13,"豊島区","東池袋サンシャイン６０"],"1706010":[13,"豊島区","東池袋サンシャイン６０"],"1706045":[13,"豊島区","東池袋サンシャイン６０"],"1706006":[13,"豊島区","東池袋サンシャイン６０"]}
