{"2830064":[12,"東金市","川場"],"2830803":[12,"東金市","日吉台"],"2830835":[12,"東金市","極楽寺"],"2830043":[12,"東金市","藤下飛地"],"2830006":[12,"東金市","東新宿"],"2830063":[12,"東金市","堀上"],"2830066":[12,"東金市","南上宿"],"2830038":[12,"東金市","関下"],"2830035":[12,"東金市","粟生飛地"],"2830104":[12,"山武郡九十九里町","片貝"],"2838588":[12,"東金市","台方","１２２９"],"2830036":[12,"東金市","不動堂飛地"],"2830002":[12,"東金市","求名"],"2830023":[12,"東金市","宮"],"2830823":[12,"東金市","山田"],"2830107":[12,"山武郡九十九里町","荒生"],"2830037":[12,"東金市","細屋敷"],"2830114":[12,"山武郡九十九里町","真亀"],"2830000":[12,"東金市",""],"2830103":[12,"山武郡九十九里町","田中荒生"],"2830826":[12,"東金市","丘山台"],"2830100":[12,"山武郡九十九里町",""],"2830026":[12,"東金市","中野"],"2830003":[12,"東金市","道庭"],"2830802":[12,"東金市","東金"],"2830005":[12,"東金市","田間"],"2830065":[12,"東金市","押堀"],"2830033":[12,"東金市","宿"],"2830052":[12,"東金市","二之袋"],"2830032":[12,"東金市","荒生"],"2830105":[12,"山武郡九十九里町","粟生"],"2830053":[12,"東金市","東中島"],"2830067":[12,"東金市","東上宿"],"2830801":[12,"東金市","八坂台"],"2830822":[12,"東金市","季美の森東"],"2830111":[12,"山武郡九十九里町","細屋敷"],"2830025":[12,"東金市","殿廻"],"2830814":[12,"東金市","田中"],"2830028":[12,"東金市","三浦名"],"2830016":[12,"東金市","菱沼"],"2830031":[12,"東金市","薄島"],"2830831":[12,"東金市","酒蔵"],"2830045":[12,"東金市","西中"],"2830815":[12,"東金市","大豆谷"],"2830116":[12,"山武郡九十九里町","西野"],"2830057":[12,"東金市","一之袋"],"2830195":[12,"山武郡九十九里町","片貝","４０９９"],"2830101":[12,"山武郡九十九里町","作田"],"2830811":[12,"東金市","台方"],"2830102":[12,"山武郡九十九里町","小関"],"2830055":[12,"東金市","依古島"],"2830044":[12,"東金市","小沼田"],"2830813":[12,"東金市","山口"],"2830821":[12,"東金市","小野"],"2830054":[12,"東金市","下谷"],"2830015":[12,"東金市","前之内"],"2838511":[12,"東金市","東岩崎","１－１"],"2830832":[12,"東金市","三ケ尻"],"2830014":[12,"東金市","関内"],"2830046":[12,"東金市","上谷"],"2830061":[12,"東金市","北之幸谷"],"2830041":[12,"東金市","広瀬"],"2830113":[12,"山武郡九十九里町","不動堂"],"2830812":[12,"東金市","福俵"],"2830011":[12,"東金市","上武射田"],"2830805":[12,"東金市","松之郷"],"2830048":[12,"東金市","幸田"],"2838555":[12,"東金市","求名","１"],"2830042":[12,"東金市","西野飛地"],"2830106":[12,"山武郡九十九里町","宿"],"2830816":[12,"東金市","西福俵"],"2830004":[12,"東金市","二又"],"2830115":[12,"山武郡九十九里町","真亀新田"],"2830834":[12,"東金市","上布田"],"2830027":[12,"東金市","堀之内"],"2838501":[12,"東金市","東新宿","１－１－１１"],"2830051":[12,"東金市","大沼田"],"2830833":[12,"東金市","滝沢"],"2830824":[12,"東金市","丹尾"],"2830117":[12,"山武郡九十九里町","下貝塚"],"2830047":[12,"東金市","北幸谷"],"2830825":[12,"東金市","滝"],"2830804":[12,"東金市","油井"],"2830022":[12,"東金市","高倉"],"2830001":[12,"東金市","家之子"],"2830013":[12,"東金市","士農田"],"2830021":[12,"東金市","東中"],"2830062":[12,"東金市","家徳"],"2830068":[12,"東金市","東岩崎"],"2830012":[12,"東金市","下武射田"],"2838650":[12,"東金市","家徳","３８－１"],"2830024":[12,"東金市","御門"],"2830034":[12,"東金市","大沼"],"2830056":[12,"東金市","砂古瀬"],"2830112":[12,"山武郡九十九里町","藤下"]}
