{"3758604":[10,"藤岡市","藤岡","３９１"],"3750022":[10,"藤岡市","根岸"],"3750015":[10,"藤岡市","中栗須"],"3750003":[10,"藤岡市","立石新田"],"3750031":[10,"藤岡市","矢場"],"3750005":[10,"藤岡市","中"],"3750014":[10,"藤岡市","下栗須"],"3750047":[10,"藤岡市","上日野"],"3750052":[10,"藤岡市","下大塚"],"3750044":[10,"藤岡市","西平井"],"3750042":[10,"藤岡市","鮎川"],"3758503":[10,"藤岡市","藤岡","９４２－１"],"3750057":[10,"藤岡市","上落合"],"3758601":[10,"藤岡市","中栗須","３２７"],"3750043":[10,"藤岡市","東平井"],"3750054":[10,"藤岡市","上大塚"],"3750016":[10,"藤岡市","上栗須"],"3750011":[10,"藤岡市","岡之郷"],"3750002":[10,"藤岡市","立石"],"3758505":[10,"藤岡市","森","１"],"3758603":[10,"藤岡市","藤岡","３１４"],"3750041":[10,"藤岡市","緑埜"],"3750006":[10,"藤岡市","森新田"],"3750034":[10,"藤岡市","牛田"],"3750046":[10,"藤岡市","下日野"],"3750055":[10,"藤岡市","白石"],"3758506":[10,"藤岡市","藤岡","８５３－１"],"3750013":[10,"藤岡市","上戸塚"],"3750017":[10,"藤岡市","篠塚"],"3750021":[10,"藤岡市","小林"],"3750036":[10,"藤岡市","高山"],"3750035":[10,"藤岡市","保美"],"3750045":[10,"藤岡市","金井"],"3758501":[10,"藤岡市","立石","１０９１"],"3750053":[10,"藤岡市","中大塚"],"3758504":[10,"藤岡市","藤岡","１４８５"],"3750051":[10,"藤岡市","本動堂"],"3750001":[10,"藤岡市","中島"],"3750023":[10,"藤岡市","本郷"],"3750000":[10,"藤岡市",""],"3750033":[10,"藤岡市","川除"],"3750024":[10,"藤岡市","藤岡"],"3758502":[10,"藤岡市","中栗須","５０８"],"3750012":[10,"藤岡市","下戸塚"],"3750032":[10,"藤岡市","神田"],"3758602":[10,"藤岡市","藤岡","６６８－１"],"3750037":[10,"藤岡市","三本木"],"3750004":[10,"藤岡市","森"],"3750056":[10,"藤岡市","三ツ木"]}
