{"4313908":[22,"浜松市天竜区","佐久間町中部"],"4311421":[22,"浜松市北区","三ヶ日町本坂"],"4313907":[22,"浜松市天竜区","佐久間町川合"],"4313427":[22,"浜松市天竜区","上野"],"4312223":[22,"浜松市北区","引佐町栃窪"],"4313753":[22,"浜松市天竜区","佐久"],"4313421":[22,"浜松市天竜区","日明"],"4310298":[22,"浜松市西区","篠原町","２１３３９番地"],"4311422":[22,"浜松市北区","三ヶ日町日比沢"],"4313751":[22,"浜松市天竜区","東雲名"],"4312295":[22,"浜松市北区","引佐町井伊谷","６１６－５"],"4314112":[22,"浜松市天竜区","佐久間町奥領家"],"4313764":[22,"浜松市天竜区","横山町"],"4313114":[22,"浜松市東区","積志町"],"4312222":[22,"浜松市北区","引佐町黒渕"],"4311208":[22,"浜松市西区","庄内町"],"4310451":[22,"湖西市","白須賀"],"4310443":[22,"湖西市","山口"],"4313536":[22,"浜松市天竜区","阿寺"],"4313315":[22,"浜松市天竜区","二俣町大園"],"4310202":[22,"浜松市西区","坪井町"],"4311111":[22,"浜松市西区","伊左地町"],"4312225":[22,"浜松市北区","引佐町狩宿"],"4310496":[22,"湖西市","境宿","５５４"],"4313533":[22,"浜松市天竜区","長沢"],"4311394":[22,"浜松市北区","細江町中川","７０００－３６"],"4313534":[22,"浜松市天竜区","懐山"],"4311404":[22,"浜松市北区","三ヶ日町宇志"],"4314111":[22,"浜松市天竜区","佐久間町相月"],"4313641":[22,"浜松市天竜区","熊"],"4311302":[22,"浜松市北区","細江町広岡"],"4313305":[22,"浜松市天竜区","大谷"],"4314101":[22,"浜松市天竜区","水窪町奥領家"],"4313904":[22,"浜松市天竜区","佐久間町戸口"],"4310403":[22,"湖西市","大知波"],"4312201":[22,"浜松市北区","引佐町東久留女木"],"4313108":[22,"浜松市東区","恒武町"],"4311304":[22,"浜松市北区","細江町中川"],"4312207":[22,"浜松市北区","引佐町東黒田"],"4312101":[22,"浜松市北区","滝沢町"],"4312215":[22,"浜松市北区","引佐町白岩"],"4313393":[22,"浜松市天竜区","二俣町南鹿島","２３"],"4312212":[22,"浜松市北区","引佐町井伊谷"],"4311496":[22,"浜松市北区","三ヶ日町都筑","２９７７－２"],"4310494":[22,"湖西市","鷲津","２４１８"],"4313314":[22,"浜松市天竜区","二俣町二俣"],"4310102":[22,"浜松市西区","雄踏町宇布見"],"4312205":[22,"浜松市北区","引佐町伊平"],"4313312":[22,"浜松市天竜区","二俣町南鹿島"],"4311406":[22,"浜松市北区","三ヶ日町駒場"],"4310441":[22,"湖西市","吉美"],"4314121":[23,"北設楽郡豊根村","富山"],"4312211":[22,"浜松市北区","引佐町花平"],"4310213":[22,"浜松市西区","舞阪町浜田"],"4313762":[22,"浜松市天竜区","伊砂"],"4313643":[22,"浜松市天竜区","神沢"],"4310452":[22,"湖西市","境宿"],"4313906":[22,"浜松市天竜区","佐久間町浦川"],"4312532":[22,"浜松市北区","引佐町西久留女木"],"4313126":[22,"浜松市東区","有玉台"],"4313905":[22,"浜松市天竜区","佐久間町半場"],"4313303":[22,"浜松市天竜区","山東"],"4310301":[22,"浜名郡新居町","中之郷"],"4310423":[22,"湖西市","新所・岡崎・梅田入会地"],"4310492":[22,"湖西市","吉美","３２６８"],"4312213":[22,"浜松市北区","引佐町金指"],"4311202":[22,"浜松市西区","呉松町"],"4312226":[22,"浜松市北区","引佐町谷沢"],"4313642":[22,"浜松市天竜区","大栗安"],"4310402":[22,"湖西市","利木"],"4311113":[22,"浜松市西区","古人見町"],"4311417":[22,"浜松市北区","三ヶ日町平山"],"4313193":[22,"浜松市東区","有玉南町","１９７５"],"4313428":[22,"浜松市天竜区","石神"],"4313531":[22,"浜松市天竜区","東藤平"],"4311403":[22,"浜松市北区","三ヶ日町大崎"],"4310211":[22,"浜松市西区","舞阪町舞阪"],"4310303":[22,"浜名郡新居町","浜名"],"4313104":[22,"浜松市東区","貴平町"],"4313107":[22,"浜松市東区","笠井町"],"4310292":[22,"浜松市西区","舞阪町舞阪","２７０１番地の９"],"4310421":[22,"湖西市","新所"],"4313801":[22,"浜松市天竜区","龍山町瀬尻"],"4311424":[22,"浜松市北区","三ヶ日町下尾奈"],"4310214":[22,"浜松市西区","舞阪町弁天島"],"4313424":[22,"浜松市天竜区","緑恵台"],"4313101":[22,"浜松市東区","豊町"],"4310432":[22,"湖西市","風の杜"],"4312221":[22,"浜松市北区","引佐町田畑"],"4312224":[22,"浜松市北区","引佐町奥山"],"4310395":[22,"浜名郡新居町","浜名","５０１－１"],"4311401":[22,"浜松市北区","三ヶ日町佐久米"],"4312202":[22,"浜松市北区","引佐町川名"],"4313763":[22,"浜松市天竜区","月"],"4310425":[22,"湖西市","梅田"],"4310101":[22,"浜松市西区","雄踏町山崎"],"4313103":[22,"浜松市東区","常光町"],"4311393":[22,"浜松市北区","細江町中川","７３９９"],"4313113":[22,"浜松市東区","大瀬町"],"4313106":[22,"浜松市東区","笠井上町"],"4313902":[22,"浜松市天竜区","佐久間町大井"],"4311204":[22,"浜松市西区","白洲町"],"4310427":[22,"湖西市","駅南"],"4311103":[22,"浜松市西区","湖東町"],"4312204":[22,"浜松市北区","引佐町兎荷"],"4313196":[22,"浜松市東区","常光町","８１２"],"4311112":[22,"浜松市西区","大人見町"],"4313423":[22,"浜松市天竜区","渡ケ島"],"4313804":[22,"浜松市天竜区","龍山町大嶺"],"4311101":[22,"浜松市西区","和光町"],"4311497":[22,"浜松市北区","三ヶ日町三ヶ日","８８５"],"4310495":[22,"湖西市","鷲津","２２８１番地"],"4310192":[22,"浜松市西区","雄踏町宇布見","７１１１"],"4314195":[22,"浜松市天竜区","水窪町奥領家","２９５５の１"],"4312104":[22,"浜松市北区","鷲沢町"],"4310411":[22,"湖西市","入出"],"4310431":[22,"湖西市","鷲津"],"4311405":[22,"浜松市北区","三ヶ日町津々崎"],"4313756":[22,"浜松市天竜区","谷山"],"4312535":[22,"浜松市北区","引佐町的場"],"4313115":[22,"浜松市東区","西ケ崎町"],"4311407":[22,"浜松市北区","三ヶ日町大谷"],"4311392":[22,"浜松市北区","細江町中川","７２２０－９９"],"4310203":[22,"浜松市西区","馬郡町"],"4312536":[22,"浜松市北区","引佐町田沢"],"4311303":[22,"浜松市北区","細江町三和"],"4311207":[22,"浜松市西区","村櫛町"],"4311413":[22,"浜松市北区","三ヶ日町摩訶耶"],"4313532":[22,"浜松市天竜区","西藤平"],"4313306":[22,"浜松市天竜区","船明"],"4310400":[22,"湖西市",""],"4310429":[22,"湖西市","南台"],"4310442":[22,"湖西市","古見"],"4313301":[22,"浜松市天竜区","横川"],"4313426":[22,"浜松市天竜区","両島"],"4313761":[22,"浜松市天竜区","西雲名"],"4310295":[22,"浜松市西区","篠原町","１８３０３－９"],"4313754":[22,"浜松市天竜区","相津"],"4313195":[22,"浜松市東区","有玉西町","３００"],"4311305":[22,"浜松市北区","細江町気賀"],"4313802":[22,"浜松市天竜区","龍山町下平山"],"4312214":[22,"浜松市北区","引佐町横尾"],"4310493":[22,"湖西市","梅田","３９０"],"4313192":[22,"浜松市東区","半田山","１丁目２０－１"],"4310201":[22,"浜松市西区","篠原町"],"4310405":[22,"湖西市","神座"],"4312537":[22,"浜松市北区","引佐町渋川"],"4313122":[22,"浜松市東区","有玉南町"],"4312102":[22,"浜松市北区","都田町"],"4313535":[22,"浜松市天竜区","芦窪"],"4313121":[22,"浜松市東区","有玉北町"],"4311115":[22,"浜松市西区","和地町"],"4311415":[22,"浜松市北区","三ヶ日町岡本"],"4312531":[22,"浜松市北区","引佐町東久留女木"],"4313111":[22,"浜松市東区","中郡町"],"4311205":[22,"浜松市西区","協和町"],"4313313":[22,"浜松市天竜区","二俣町鹿島"],"4310404":[22,"湖西市","太田"],"4310300":[22,"浜名郡新居町",""],"4311411":[22,"浜松市北区","三ヶ日町福長"],"4311201":[22,"浜松市西区","深萩町"],"4314102":[22,"浜松市天竜区","水窪町地頭方"],"4313311":[22,"浜松市天竜区","二俣町阿蔵"],"4313392":[22,"浜松市天竜区","二俣町二俣","４８１"],"4311423":[22,"浜松市北区","三ヶ日町鵺代"],"4312533":[22,"浜松市北区","引佐町四方浄"],"4311301":[22,"浜松市北区","細江町小野"],"4311402":[22,"浜松市北区","三ヶ日町都筑"],"4311209":[22,"浜松市西区","舘山寺町"],"4313903":[22,"浜松市天竜区","佐久間町上平山"],"4311425":[22,"浜松市北区","三ヶ日町上尾奈"],"4313123":[22,"浜松市東区","有玉西町"],"4311412":[22,"浜松市北区","三ヶ日町只木"],"4310193":[22,"浜松市西区","雄踏町宇布見","９５７１番地の３１"],"4313124":[22,"浜松市東区","半田町"],"4310422":[22,"湖西市","岡崎"],"4313901":[22,"浜松市天竜区","佐久間町佐久間"],"4310302":[22,"浜名郡新居町","新居"],"4313304":[22,"浜松市天竜区","次郎八新田"],"4310212":[22,"浜松市西区","舞阪町長十新田"],"4312206":[22,"浜松市北区","引佐町西黒田"],"4313105":[22,"浜松市東区","笠井新田町"],"4311114":[22,"浜松市西区","佐浜町"],"4313194":[22,"浜松市東区","豊町","５０８－１"],"4312534":[22,"浜松市北区","引佐町別所"],"4310304":[22,"浜名郡新居町","内山"],"4313492":[22,"浜松市天竜区","渡ケ島","２１７－３"],"4313755":[22,"浜松市天竜区","大川"],"4311414":[22,"浜松市北区","三ヶ日町三ヶ日"],"4312203":[22,"浜松市北区","引佐町三岳"],"4313803":[22,"浜松市天竜区","龍山町戸倉"],"4311395":[22,"浜松市北区","細江町気賀","３０５"],"4310424":[22,"湖西市","新所原"],"4313112":[22,"浜松市東区","大島町"],"4311104":[22,"浜松市西区","桜台"],"4314103":[22,"浜松市天竜区","水窪町山住"],"4310401":[22,"湖西市","横山"],"4311206":[22,"浜松市西区","庄和町"],"4311203":[22,"浜松市西区","平松町"],"4313425":[22,"浜松市天竜区","青谷"],"4311495":[22,"浜松市北区","三ヶ日町三ヶ日","５００－１"],"4312103":[22,"浜松市北区","新都田"],"4311416":[22,"浜松市北区","三ヶ日町釣"],"4310428":[22,"湖西市","ときわ"],"4313102":[22,"浜松市東区","豊西町"],"4313752":[22,"浜松市天竜区","小川"],"4313422":[22,"浜松市天竜区","米沢"],"4313302":[22,"浜松市天竜区","只来"],"4311102":[22,"浜松市西区","大山町"],"4313125":[22,"浜松市東区","半田山"],"4310412":[22,"湖西市","内浦"],"4310444":[22,"湖西市","坊瀬"],"4310426":[22,"湖西市","新所原東"]}
