{"0370612":[2,"五所川原市","福山"],"0370535":[2,"北津軽郡中泊町","小泊尾崎道"],"0370091":[2,"五所川原市","太刀打"],"0370101":[2,"つがる市","稲垣町下繁田"],"0370315":[2,"北津軽郡中泊町","豊岡"],"0370611":[2,"五所川原市","神山"],"0370067":[2,"五所川原市","敷島町"],"0370614":[2,"五所川原市","野里"],"0370203":[2,"五所川原市","金木町喜良市"],"0370033":[2,"五所川原市","鎌谷町"],"0370054":[2,"五所川原市","上平井町"],"0370300":[2,"北津軽郡中泊町",""],"0370103":[2,"つがる市","稲垣町穂積"],"0370006":[2,"五所川原市","松島町"],"0370011":[2,"五所川原市","金山"],"0370206":[2,"五所川原市","金木町神原"],"0370538":[2,"北津軽郡中泊町","小泊下前"],"0370543":[2,"北津軽郡中泊町","小泊坊主沢"],"0370301":[2,"北津軽郡中泊町","今泉"],"0370541":[2,"北津軽郡中泊町","小泊嗽沢"],"0370107":[2,"つがる市","稲垣町沼舘"],"0370017":[2,"五所川原市","漆川"],"0370074":[2,"五所川原市","岩木町"],"0370109":[2,"つがる市","稲垣町千年"],"0370043":[2,"五所川原市","蓮沼"],"0370066":[2,"五所川原市","中平井町"],"0370511":[2,"北津軽郡中泊町","小泊砂山"],"0370084":[2,"五所川原市","蘇鉄"],"0370086":[2,"五所川原市","田川"],"0370042":[2,"五所川原市","不魚住"],"0370522":[2,"北津軽郡中泊町","小泊小泊"],"0370024":[2,"五所川原市","みどり町"],"0370632":[2,"五所川原市","高野"],"0370403":[2,"五所川原市","十三"],"0370013":[2,"五所川原市","米田"],"0370309":[2,"北津軽郡中泊町","八幡"],"0370065":[2,"五所川原市","幾世森"],"0370405":[2,"五所川原市","脇元"],"0370023":[2,"五所川原市","広田"],"0370201":[2,"五所川原市","金木町川倉"],"0370401":[2,"五所川原市","相内"],"0370003":[2,"五所川原市","吹畑"],"0370061":[2,"五所川原市","雛田"],"0370317":[2,"北津軽郡中泊町","長泥"],"0370022":[2,"五所川原市","梅田"],"0370001":[2,"五所川原市","下岩崎"],"0370523":[2,"北津軽郡中泊町","小泊稲荷"],"0370051":[2,"五所川原市","弥生町"],"0370102":[2,"つがる市","稲垣町繁田"],"0370536":[2,"北津軽郡中泊町","小泊中間"],"0370513":[2,"北津軽郡中泊町","小泊割長根"],"0370631":[2,"五所川原市","前田野目"],"0370108":[2,"つがる市","稲垣町吉出"],"0370063":[2,"五所川原市","大町"],"0370622":[2,"五所川原市","原子"],"0370313":[2,"北津軽郡中泊町","富野"],"0370004":[2,"五所川原市","唐笠柳"],"0370021":[2,"五所川原市","中泉"],"0370094":[2,"五所川原市","川山"],"0370532":[2,"北津軽郡中泊町","小泊梨子木平"],"0370082":[2,"五所川原市","種井"],"0370303":[2,"北津軽郡中泊町","高根"],"0370305":[2,"北津軽郡中泊町","中里"],"0370525":[2,"北津軽郡中泊町","小泊鮫貝"],"0370602":[2,"五所川原市","松野木"],"0370642":[2,"五所川原市","持子沢"],"0370055":[2,"五所川原市","柏原町"],"0370318":[2,"北津軽郡中泊町","田茂木"],"0370016":[2,"五所川原市","一ツ谷"],"0370096":[2,"五所川原市","毘沙門"],"0370105":[2,"つがる市","稲垣町福富"],"0370032":[2,"五所川原市","烏森"],"0370613":[2,"五所川原市","浅井"],"0370534":[2,"北津軽郡中泊町","小泊漆流"],"0370093":[2,"五所川原市","一野坪"],"0370071":[2,"五所川原市","本町"],"0370205":[2,"五所川原市","金木町中柏木"],"0370512":[2,"北津軽郡中泊町","小泊朝間"],"0370041":[2,"五所川原市","田町"],"0370025":[2,"五所川原市","七ツ館"],"0370314":[2,"北津軽郡中泊町","福浦"],"0370521":[2,"北津軽郡中泊町","小泊折戸"],"0370053":[2,"五所川原市","布屋町"],"0378655":[2,"五所川原市","大字唐笠柳","字藤巻５０７番地１０"],"0370056":[2,"五所川原市","末広町"],"0370034":[2,"五所川原市","八重菊"],"0370035":[2,"五所川原市","湊"],"0370014":[2,"五所川原市","稲実"],"0370095":[2,"五所川原市","桜田"],"0370075":[2,"五所川原市","寺町"],"0370404":[2,"五所川原市","磯松"],"0370092":[2,"五所川原市","沖飯詰"],"0370087":[2,"五所川原市","高瀬"],"0370306":[2,"北津軽郡中泊町","宮川"],"0370015":[2,"五所川原市","姥萢"],"0370046":[2,"五所川原市","栄町"],"0370073":[2,"五所川原市","柳町"],"0370104":[2,"つがる市","稲垣町豊川"],"0370085":[2,"五所川原市","芭蕉"],"0370542":[2,"北津軽郡中泊町","小泊大山長根"],"0370068":[2,"五所川原市","長橋"],"0370064":[2,"五所川原市","下平井町"],"0370641":[2,"五所川原市","羽野木沢"],"0370392":[2,"北津軽郡中泊町","大字中里","字亀山４３４番地１"],"0370044":[2,"五所川原市","元町"],"0370531":[2,"北津軽郡中泊町","小泊長坂"],"0370207":[2,"五所川原市","金木町蒔田"],"0370623":[2,"五所川原市","俵元"],"0370057":[2,"五所川原市","幾島町"],"0370308":[2,"北津軽郡中泊町","深郷田"],"0370058":[2,"五所川原市","錦町"],"0370031":[2,"五所川原市","下り枝"],"0370072":[2,"五所川原市","川端町"],"0370208":[2,"五所川原市","金木町藤枝"],"0370601":[2,"五所川原市","戸沢"],"0370069":[2,"五所川原市","若葉"],"0378686":[2,"五所川原市","字岩木町","１２"],"0370052":[2,"五所川原市","東町"],"0370204":[2,"五所川原市","金木町嘉瀬"],"0370524":[2,"北津軽郡中泊町","小泊水澗"],"0370312":[2,"北津軽郡中泊町","豊島"],"0370045":[2,"五所川原市","新町"],"0370062":[2,"五所川原市","旭町"],"0370307":[2,"北津軽郡中泊町","宮野沢"],"0370076":[2,"五所川原市","小曲"],"0370089":[2,"五所川原市","藻川"],"0370106":[2,"つがる市","稲垣町沼崎"],"0370316":[2,"北津軽郡中泊町","芦野"],"0370621":[2,"五所川原市","豊成"],"0370088":[2,"五所川原市","鶴ケ岡"],"0370514":[2,"北津軽郡中泊町","小泊浜野"],"0370002":[2,"五所川原市","飯詰"],"0370537":[2,"北津軽郡中泊町","小泊渕岩"],"0370402":[2,"五所川原市","太田"],"0370302":[2,"北津軽郡中泊町","薄市"],"0370083":[2,"五所川原市","新宮町"],"0370304":[2,"北津軽郡中泊町","尾別"],"0370000":[2,"五所川原市",""],"0370005":[2,"五所川原市","石岡"],"0370533":[2,"北津軽郡中泊町","小泊白倉"],"0370081":[2,"五所川原市","新宮"],"0370202":[2,"五所川原市","金木町"],"0370097":[2,"五所川原市","長富"],"0370311":[2,"北津軽郡中泊町","大沢内"],"0370012":[2,"五所川原市","水野尾"]}
