{"3850041":[20,"佐久市","鍛冶屋"],"3850047":[20,"佐久市","小宮山"],"3850056":[20,"佐久市","桜井"],"3850044":[20,"佐久市","本新町"],"3850033":[20,"佐久市","太田部"],"3850000":[20,"佐久市",""],"3850014":[20,"佐久市","三河田"],"3850003":[20,"佐久市","下平尾"],"3850009":[20,"佐久市","小田井"],"3850053":[20,"佐久市","野沢"],"3850005":[20,"佐久市","香坂"],"3850027":[20,"佐久市","佐久平駅北"],"3850004":[20,"佐久市","安原"],"3858533":[20,"佐久市","大字跡部","６５－１"],"3850043":[20,"佐久市","取出町"],"3850028":[20,"佐久市","佐久平駅東"],"3858501":[20,"佐久市","大字中込","３０５６"],"3850034":[20,"佐久市","平賀"],"3858522":[20,"佐久市","佐久平駅南","１１－１"],"3850023":[20,"佐久市","岩村田北"],"3850045":[20,"佐久市","大沢"],"3850012":[20,"佐久市","根々井"],"3850001":[20,"佐久市","横根"],"3850025":[20,"佐久市","塚原"],"3858558":[20,"佐久市","岩村田","１８６２－１"],"3858586":[20,"佐久市","大字中込中込原北","３６００"],"3850021":[20,"佐久市","長土呂"],"3858588":[20,"佐久市","岩村田","９５１"],"3850007":[20,"佐久市","新子田"],"3850031":[20,"佐久市","内山"],"3850054":[20,"佐久市","跡部"],"3850062":[20,"佐久市","根岸"],"3850042":[20,"佐久市","高柳"],"3850006":[20,"佐久市","志賀"],"3858601":[20,"佐久市","小田井","４６２－１"],"3850063":[20,"佐久市","東立科"],"3850051":[20,"佐久市","中込"],"3858585":[20,"佐久市","猿久保","８８２"],"3850046":[20,"佐久市","前山"],"3850015":[20,"佐久市","今井"],"3850013":[20,"佐久市","横和"],"3850032":[20,"佐久市","常和"],"3850029":[20,"佐久市","佐久平駅南"],"3850052":[20,"佐久市","原"],"3850002":[20,"佐久市","上平尾"],"3858611":[20,"佐久市","大字岩村田","１２０１－２"],"3850022":[20,"佐久市","岩村田"],"3850011":[20,"佐久市","猿久保"],"3850024":[20,"佐久市","平塚"],"3850055":[20,"佐久市","三塚"],"3850026":[20,"佐久市","常田"],"3858555":[20,"佐久市","小田井","５４３"],"3858511":[20,"佐久市","根々井","１５－１０"],"3850016":[20,"佐久市","鳴瀬"],"3850061":[20,"佐久市","伴野"],"3850035":[20,"佐久市","瀬戸"]}
