{"4670825":[23,"名古屋市瑞穂区","柳ケ枝町"],"4670068":[23,"名古屋市瑞穂区","内方町"],"4678588":[23,"名古屋市瑞穂区","神穂町","７－１"],"4670834":[23,"名古屋市瑞穂区","姫宮町"],"4670821":[23,"名古屋市瑞穂区","上坂町"],"4670062":[23,"名古屋市瑞穂区","山下通"],"4670015":[23,"名古屋市瑞穂区","十六町"],"4670852":[23,"名古屋市瑞穂区","明前町"],"4670043":[23,"名古屋市瑞穂区","岳見町"],"4670041":[23,"名古屋市瑞穂区","密柑山町"],"4670023":[23,"名古屋市瑞穂区","南山町"],"4670007":[23,"名古屋市瑞穂区","大殿町"],"4670877":[23,"名古屋市瑞穂区","雁道町"],"4670832":[23,"名古屋市瑞穂区","神前町"],"4670037":[23,"名古屋市瑞穂区","弥富町上山"],"4670846":[23,"名古屋市瑞穂区","荒崎町"],"4678530":[23,"名古屋市瑞穂区","須田町","２－５６"],"4670012":[23,"名古屋市瑞穂区","豊岡通"],"4670056":[23,"名古屋市瑞穂区","白砂町"],"4670864":[23,"名古屋市瑞穂区","豆田町"],"4678525":[23,"名古屋市瑞穂区","高辻町","１４－１８"],"4670039":[23,"名古屋市瑞穂区","弥富町茨山"],"4670822":[23,"名古屋市瑞穂区","大喜町"],"4678639":[23,"名古屋市瑞穂区","玉水町","１丁目１８"],"4670802":[23,"名古屋市瑞穂区","瑞穂町"],"4670058":[23,"名古屋市瑞穂区","関取町"],"4678630":[23,"名古屋市瑞穂区","内方町","２丁目２５"],"4678562":[23,"名古屋市瑞穂区","河岸","１丁目１－１"],"4678521":[23,"名古屋市瑞穂区","春敲町","２丁目１３"],"4670048":[23,"名古屋市瑞穂区","弥富ケ丘町"],"4670053":[23,"名古屋市瑞穂区","仁所町"],"4670017":[23,"名古屋市瑞穂区","東栄町"],"4670035":[23,"名古屋市瑞穂区","弥富町月見ケ岡"],"4670046":[23,"名古屋市瑞穂区","玉水町"],"4670844":[23,"名古屋市瑞穂区","河岸町"],"4670854":[23,"名古屋市瑞穂区","浮島町"],"4670871":[23,"名古屋市瑞穂区","須田町"],"4670027":[23,"名古屋市瑞穂区","田辺通"],"4670843":[23,"名古屋市瑞穂区","土市町"],"4670853":[23,"名古屋市瑞穂区","内浜町"],"4670811":[23,"名古屋市瑞穂区","北原町"],"4670836":[23,"名古屋市瑞穂区","佃町"],"4670841":[23,"名古屋市瑞穂区","苗代町"],"4678633":[23,"名古屋市瑞穂区","玉水町","１丁目３－２"],"4670051":[23,"名古屋市瑞穂区","釜塚町"],"4670002":[23,"名古屋市瑞穂区","川澄町"],"4678501":[23,"名古屋市瑞穂区","瑞穂町","字山の畑１"],"4678555":[23,"名古屋市瑞穂区","新開町","１２－６"],"4670873":[23,"名古屋市瑞穂区","竹田町"],"4678610":[23,"名古屋市瑞穂区","汐路町","３丁目４０"],"4678510":[23,"名古屋市瑞穂区","瑞穂町","字西藤塚１－４"],"4678580":[23,"名古屋市瑞穂区","内浜町","３１－２５"],"4670805":[23,"名古屋市瑞穂区","桜見町"],"4678571":[23,"名古屋市瑞穂区","塩入町","１９－１２"],"4670064":[23,"名古屋市瑞穂区","弥富通"],"4670835":[23,"名古屋市瑞穂区","井戸田町"],"4678602":[23,"名古屋市瑞穂区","瑞穂町","字川澄１"],"4670824":[23,"名古屋市瑞穂区","甲山町"],"4670801":[23,"名古屋市瑞穂区","瑞穂町"],"4670862":[23,"名古屋市瑞穂区","堀田通"],"4670036":[23,"名古屋市瑞穂区","弥富町密柑山"],"4670005":[23,"名古屋市瑞穂区","石川町"],"4670022":[23,"名古屋市瑞穂区","上山町"],"4670066":[23,"名古屋市瑞穂区","洲山町"],"4670826":[23,"名古屋市瑞穂区","白龍町"],"4678651":[23,"名古屋市瑞穂区","松園町","１丁目５０"],"4670876":[23,"名古屋市瑞穂区","亀城町"],"4670808":[23,"名古屋市瑞穂区","高田町"],"4670831":[23,"名古屋市瑞穂区","惣作町"],"4670807":[23,"名古屋市瑞穂区","駒場町"],"4678611":[23,"名古屋市瑞穂区","汐路町","４丁目２１"],"4670025":[23,"名古屋市瑞穂区","松栄町"],"4670875":[23,"名古屋市瑞穂区","御劔町"],"4678531":[23,"名古屋市瑞穂区","瑞穂通","３丁目３２"],"4670001":[23,"名古屋市瑞穂区","瑞穂町"],"4678522":[23,"名古屋市瑞穂区","豆田町","５丁目２"],"4678581":[23,"名古屋市瑞穂区","塩入町","１５－１３"],"4678533":[23,"名古屋市瑞穂区","瑞穂通","３丁目２１"],"4670031":[23,"名古屋市瑞穂区","弥富町緑ケ岡"],"4670013":[23,"名古屋市瑞穂区","膳棚町"],"4670024":[23,"名古屋市瑞穂区","春山町"],"4670061":[23,"名古屋市瑞穂区","師長町"],"4670865":[23,"名古屋市瑞穂区","直来町"],"4670851":[23,"名古屋市瑞穂区","塩入町"],"4670828":[23,"名古屋市瑞穂区","田光町"],"4678686":[23,"名古屋市瑞穂区","松園町","１丁目５０"],"4678558":[23,"名古屋市瑞穂区","高田町","３丁目２８"],"4670004":[23,"名古屋市瑞穂区","松月町"],"4670042":[23,"名古屋市瑞穂区","八勝通"],"4670833":[23,"名古屋市瑞穂区","鍵田町"],"4670006":[23,"名古屋市瑞穂区","御莨町"],"4670033":[23,"名古屋市瑞穂区","弥富町円山"],"4670026":[23,"名古屋市瑞穂区","陽明町"],"4678622":[23,"名古屋市瑞穂区","彌富町","字密柑山１－２"],"4678566":[23,"名古屋市瑞穂区","苗代町","２－１"],"4678615":[23,"名古屋市瑞穂区","萩山町","１丁目１１"],"4670814":[23,"名古屋市瑞穂区","本願寺町"],"4670038":[23,"名古屋市瑞穂区","弥富町清水ケ岡"],"4670845":[23,"名古屋市瑞穂区","河岸"],"4670867":[23,"名古屋市瑞穂区","春敲町"],"4670868":[23,"名古屋市瑞穂区","大喜新町"],"4670047":[23,"名古屋市瑞穂区","日向町"],"4670059":[23,"名古屋市瑞穂区","軍水町"],"4670803":[23,"名古屋市瑞穂区","中山町"],"4670812":[23,"名古屋市瑞穂区","薩摩町"],"4670016":[23,"名古屋市瑞穂区","佐渡町"],"4670855":[23,"名古屋市瑞穂区","桃園町"],"4670054":[23,"名古屋市瑞穂区","丸根町"],"4678585":[23,"名古屋市瑞穂区","桃園町","６－２３"],"4670052":[23,"名古屋市瑞穂区","片坂町"],"4678626":[23,"名古屋市瑞穂区","汐路町","１丁目２６"],"4670057":[23,"名古屋市瑞穂区","井の元町"],"4670014":[23,"名古屋市瑞穂区","白羽根町"],"4670816":[23,"名古屋市瑞穂区","牧町"],"4670878":[23,"名古屋市瑞穂区","船原町"],"4670055":[23,"名古屋市瑞穂区","中根町"],"4670008":[23,"名古屋市瑞穂区","村上町"],"4670823":[23,"名古屋市瑞穂区","津賀田町"],"4670837":[23,"名古屋市瑞穂区","花目町"],"4670804":[23,"名古屋市瑞穂区","洲雲町"],"4670003":[23,"名古屋市瑞穂区","汐路町"],"4670045":[23,"名古屋市瑞穂区","茨木町"],"4670806":[23,"名古屋市瑞穂区","瑞穂通"],"4670815":[23,"名古屋市瑞穂区","前田町"],"4678601":[23,"名古屋市瑞穂区","瑞穂町","字川澄１"],"4670028":[23,"名古屋市瑞穂区","初日町"],"4678577":[23,"名古屋市瑞穂区","苗代町","１５－１"],"4670067":[23,"名古屋市瑞穂区","石田町"],"4670856":[23,"名古屋市瑞穂区","新開町"],"4670874":[23,"名古屋市瑞穂区","太田町"],"4678561":[23,"名古屋市瑞穂区","苗代町","１５－１"],"4670872":[23,"名古屋市瑞穂区","高辻町"],"4670866":[23,"名古屋市瑞穂区","宝田町"],"4678567":[23,"名古屋市瑞穂区","明前町","６－１４"],"4670863":[23,"名古屋市瑞穂区","牛巻町"],"4670842":[23,"名古屋市瑞穂区","妙音通"],"4670065":[23,"名古屋市瑞穂区","松園町"],"4670063":[23,"名古屋市瑞穂区","市丘町"],"4678520":[23,"名古屋市瑞穂区","洲雲町","４丁目４５番地"],"4670021":[23,"名古屋市瑞穂区","檀渓通"],"4670847":[23,"名古屋市瑞穂区","神穂町"],"4670879":[23,"名古屋市瑞穂区","平郷町"],"4670044":[23,"名古屋市瑞穂区","柏木町"],"4670032":[23,"名古屋市瑞穂区","弥富町紅葉園"],"4670000":[23,"名古屋市瑞穂区",""],"4670049":[23,"名古屋市瑞穂区","下山町"],"4678603":[23,"名古屋市瑞穂区","田辺通","３丁目１"],"4670861":[23,"名古屋市瑞穂区","二野町"],"4670011":[23,"名古屋市瑞穂区","萩山町"],"4670827":[23,"名古屋市瑞穂区","下坂町"],"4678511":[23,"名古屋市瑞穂区","高田町","４丁目１９"],"4678563":[23,"名古屋市瑞穂区","内浜町","２４－１"],"4670813":[23,"名古屋市瑞穂区","西ノ割町"],"4670034":[23,"名古屋市瑞穂区","弥富町桜ケ岡"]}
