{"3080864":[8,"筑西市","掉ケ島"],"3080052":[8,"筑西市","菅谷"],"3080836":[8,"筑西市","旭ケ丘"],"3080063":[8,"筑西市","神分"],"3080127":[8,"筑西市","関本下"],"3080061":[8,"筑西市","栗島"],"3080103":[8,"筑西市","辻"],"3080064":[8,"筑西市","飯島"],"3080001":[8,"筑西市","樋口"],"3080055":[8,"筑西市","石原田"],"3080113":[8,"筑西市","関舘"],"3088608":[8,"筑西市","二木成","８２３－２"],"3080000":[8,"筑西市",""],"3088540":[8,"筑西市","下岡崎","３丁目１番地１３"],"3080126":[8,"筑西市","関本中"],"3080012":[8,"筑西市","奥田"],"3080806":[8,"筑西市","小林"],"3080844":[8,"筑西市","下野殿"],"3080053":[8,"筑西市","外塚"],"3080031":[8,"筑西市","丙"],"3080014":[8,"筑西市","羽方"],"3080862":[8,"筑西市","小塙"],"3080832":[8,"筑西市","西榎生"],"3088524":[8,"筑西市","五所宮","１１５０"],"3080867":[8,"筑西市","西山田"],"3080056":[8,"筑西市","谷中"],"3080067":[8,"筑西市","上平塚"],"3088511":[8,"筑西市","二木成","６１５"],"3080117":[8,"筑西市","犬塚"],"3080825":[8,"筑西市","下中山"],"3080125":[8,"筑西市","関本分中"],"3080072":[8,"筑西市","柴山"],"3080116":[8,"筑西市","板橋"],"3080835":[8,"筑西市","飯田"],"3080042":[8,"筑西市","みどり町"],"3080062":[8,"筑西市","西大島"],"3080804":[8,"筑西市","金丸"],"3080106":[8,"筑西市","稲荷"],"3080816":[8,"筑西市","徳持"],"3080845":[8,"筑西市","西方"],"3080843":[8,"筑西市","野殿"],"3080857":[8,"筑西市","小川"],"3080815":[8,"筑西市","上川中子"],"3080108":[8,"筑西市","中村新田"],"3080854":[8,"筑西市","女方"],"3080041":[8,"筑西市","乙"],"3080111":[8,"筑西市","舟生"],"3080193":[8,"筑西市","関館","３６７－２"],"3080114":[8,"筑西市","花田"],"3080071":[8,"筑西市","口戸"],"3080051":[8,"筑西市","岡芹"],"3080824":[8,"筑西市","蕨"],"3080115":[8,"筑西市","花橋"],"3088520":[8,"筑西市","菅谷","字大道１７２０"],"3080107":[8,"筑西市","梶内"],"3088521":[8,"筑西市","小川","１５００"],"3080856":[8,"筑西市","伊佐山"],"3080865":[8,"筑西市","山崎"],"3080801":[8,"筑西市","川澄"],"3080128":[8,"筑西市","江"],"3080102":[8,"筑西市","黒子"],"3080834":[8,"筑西市","西石田"],"3080821":[8,"筑西市","成田"],"3080837":[8,"筑西市","嘉家佐和"],"3080129":[8,"筑西市","上野"],"3080002":[8,"筑西市","落合"],"3080803":[8,"筑西市","直井"],"3080016":[8,"筑西市","野"],"3080007":[8,"筑西市","折本"],"3080015":[8,"筑西市","大関"],"3080842":[8,"筑西市","一本松"],"3080011":[8,"筑西市","下高田"],"3080075":[8,"筑西市","石塔"],"3080802":[8,"筑西市","横島"],"3080838":[8,"筑西市","榎生"],"3080861":[8,"筑西市","森添島"],"3080851":[8,"筑西市","下江連"],"3080121":[8,"筑西市","船玉"],"3088616":[8,"筑西市","下中山","７３２－１"],"3080826":[8,"筑西市","下岡崎"],"3080863":[8,"筑西市","灰塚"],"3080017":[8,"筑西市","上中山"],"3080076":[8,"筑西市","泉"],"3080123":[8,"筑西市","関本上中"],"3080855":[8,"筑西市","下川島"],"3080846":[8,"筑西市","布川"],"3080003":[8,"筑西市","蒔田"],"3080122":[8,"筑西市","関本上"],"3080054":[8,"筑西市","西谷貝"],"3080065":[8,"筑西市","笹塚"],"3080104":[8,"筑西市","木戸"],"3088510":[8,"筑西市","二木成","６１５"],"3080004":[8,"筑西市","国府田"],"3080074":[8,"筑西市","筑瀬"],"3080066":[8,"筑西市","下平塚"],"3080866":[8,"筑西市","五所宮"],"3080822":[8,"筑西市","塚原"],"3080073":[8,"筑西市","林"],"3080005":[8,"筑西市","中舘"],"3080105":[8,"筑西市","西保末"],"3080811":[8,"筑西市","茂田"],"3088523":[8,"筑西市","下江連","１２５０"],"3080841":[8,"筑西市","二木成"],"3080813":[8,"筑西市","大塚"],"3080827":[8,"筑西市","市野辺"],"3088638":[8,"筑西市","乙","５８９"],"3080805":[8,"筑西市","稲野辺"],"3080833":[8,"筑西市","野田"],"3080077":[8,"筑西市","子思儀"],"3080124":[8,"筑西市","関本肥土"],"3080814":[8,"筑西市","川連"],"3080101":[8,"筑西市","井上"],"3080807":[8,"筑西市","高島"],"3080013":[8,"筑西市","八田"],"3088513":[8,"筑西市","みどり町","２丁目１－１"],"3080021":[8,"筑西市","甲"],"3080847":[8,"筑西市","玉戸"],"3080853":[8,"筑西市","伊讃美"],"3080812":[8,"筑西市","深見"],"3080112":[8,"筑西市","藤ケ谷"],"3080006":[8,"筑西市","谷部"],"3080194":[8,"筑西市","舟生","１０４０"],"3080823":[8,"筑西市","島"],"3080848":[8,"筑西市","幸町"],"3080852":[8,"筑西市","大谷"],"3088522":[8,"筑西市","伊佐山","２１８－３"],"3088512":[8,"筑西市","一本松","１７５５－２"],"3080831":[8,"筑西市","東榎生"]}
