{"4328561":[22,"浜松市中区","城北","３丁目５－１"],"4328031":[22,"浜松市中区","平田町"],"4328045":[22,"浜松市中区","西浅田"],"4328043":[22,"浜松市中区","浅田町"],"4328016":[22,"浜松市中区","中山町"],"4328021":[22,"浜松市中区","佐鳴台"],"4328056":[22,"浜松市南区","米津町"],"4328688":[22,"浜松市中区","佐藤","２丁目２４－１"],"4328011":[22,"浜松市中区","城北"],"4328015":[22,"浜松市中区","高町"],"4328007":[22,"浜松市西区","神原町"],"4328522":[22,"浜松市南区","高塚町","４８８８"],"4328035":[22,"浜松市中区","成子町"],"4328065":[22,"浜松市南区","高塚町"],"4328023":[22,"浜松市中区","鴨江"],"4328521":[22,"浜松市南区","高塚町","４８３０"],"4328034":[22,"浜松市中区","塩町"],"4328562":[22,"浜松市中区","布橋","２丁目６－１"],"4328025":[22,"浜松市中区","栄町"],"4328532":[22,"浜松市中区","神田町","５１０－１"],"4328044":[22,"浜松市中区","南浅田"],"4328006":[22,"浜松市西区","大久保町"],"4320000":[22,"浜松市中区",""],"4328508":[22,"浜松市南区","小沢渡町","１５３３"],"4328004":[22,"浜松市中区","文丘町"],"4328017":[22,"浜松市中区","三組町"],"4328042":[22,"浜松市中区","上浅田"],"4328580":[22,"浜松市中区","富塚町","３２８"],"4328046":[22,"浜松市中区","春日町"],"4328005":[22,"浜松市西区","神ケ谷町"],"4328024":[22,"浜松市中区","鴨江町"],"4328608":[22,"浜松市中区","神田町","１１６０"],"4328520":[22,"浜松市西区","入野町","１０３"],"4328066":[22,"浜松市西区","志都呂町"],"4328054":[22,"浜松市南区","田尻町"],"4328037":[22,"浜松市中区","南伊場町"],"4328555":[22,"浜松市中区","元魚町","１４６"],"4328022":[22,"浜松市中区","山手町"],"4328611":[22,"浜松市南区","高塚町","３００"],"4328038":[22,"浜松市中区","西伊場町"],"4328052":[22,"浜松市南区","東若林町"],"4328550":[22,"浜松市中区","鴨江","２丁目１１－２"],"4328026":[22,"浜松市中区","元魚町"],"4328626":[22,"浜松市中区","高町","３０２－１"],"4328528":[22,"浜松市南区","新橋町","１４００"],"4328001":[22,"浜松市西区","西山町"],"4328063":[22,"浜松市南区","小沢渡町"],"4328057":[22,"浜松市南区","堤町"],"4328551":[22,"浜松市西区","西山町","無番地"],"4328003":[22,"浜松市中区","和地山"],"4328531":[22,"浜松市中区","神田町","１３６６"],"4328002":[22,"浜松市中区","富塚町"],"4328033":[22,"浜松市中区","海老塚"],"4328032":[22,"浜松市中区","海老塚町"],"4328507":[22,"浜松市中区","東伊場","１丁目３－１"],"4328036":[22,"浜松市中区","東伊場"],"4328013":[22,"浜松市中区","広沢"],"4328055":[22,"浜松市南区","卸本町"],"4328053":[22,"浜松市中区","法枝町"],"4328523":[22,"浜松市南区","小沢渡町","１３５６"],"4328541":[22,"浜松市中区","鴨江町","２２－１"],"4328501":[22,"浜松市中区","東伊場","２丁目７－１"],"4328027":[22,"浜松市中区","旅籠町"],"4328014":[22,"浜松市中区","鹿谷町"],"4328062":[22,"浜松市南区","増楽町"],"4328068":[22,"浜松市西区","大平台"],"4328064":[22,"浜松市南区","倉松町"],"4328067":[22,"浜松市西区","西鴨江町"],"4328051":[22,"浜松市南区","若林町"],"4328058":[22,"浜松市南区","新橋町"],"4328537":[22,"浜松市中区","浅田町","５０－２"],"4328012":[22,"浜松市中区","布橋"],"4328680":[22,"浜松市南区","新橋町","１０３"],"4328048":[22,"浜松市中区","森田町"],"4328018":[22,"浜松市中区","蜆塚"],"4328041":[22,"浜松市中区","菅原町"],"4328686":[22,"浜松市西区","大平台","４丁目２５番地"],"4328061":[22,"浜松市西区","入野町"],"4328047":[22,"浜松市中区","神田町"]}
