{"5148635":[24,"津市","中央","１－１"],"5140314":[24,"津市","香良洲町"],"5142324":[24,"津市","安濃町粟加"],"5141293":[24,"津市","榊原町","１０３３番地の４"],"5148601":[24,"津市","丸之内","３２－１８"],"5140393":[24,"津市","雲出鋼管町","１番地"],"5140065":[24,"津市","河辺町"],"5148524":[24,"津市","島崎町","３２７番２号津第二地方合同庁舎"],"5141256":[24,"津市","中村町"],"5140061":[24,"津市","一身田上津部田"],"5140114":[24,"津市","一身田町"],"5140111":[24,"津市","一身田平野"],"5140813":[24,"津市","八幡町"],"5142212":[24,"津市","芸濃町岡本"],"5140012":[24,"津市","末広町"],"5148513":[24,"津市","岩田","７－２３"],"5140053":[24,"津市","博多町"],"5142202":[24,"津市","芸濃町林"],"5148505":[24,"津市","観音寺町","焼尾１０４３－１"],"5140035":[24,"津市","西丸之内"],"5140044":[24,"津市","川添町"],"5140831":[24,"津市","本町"],"5142301":[24,"津市","安濃町荒木"],"5140071":[24,"津市","分部"],"5141123":[24,"津市","牧町"],"5140836":[24,"津市","野崎垣内岩田"],"5141102":[24,"津市","久居藤ケ丘町"],"5141115":[24,"津市","木造町"],"5140123":[24,"津市","大里小野田町"],"5148543":[24,"津市","柳山津興","３３０９"],"5142205":[24,"津市","芸濃町多門"],"5142214":[24,"津市","芸濃町萩野"],"5140023":[24,"津市","北町津"],"5141134":[24,"津市","久居旅籠町"],"5148611":[24,"津市","西丸之内","２３－１"],"5140043":[24,"津市","南新町"],"5142315":[24,"津市","安濃町光明寺"],"5148588":[24,"津市","栄町","２丁目３６１"],"5140304":[24,"津市","雲出本郷町"],"5141122":[24,"津市","川方町"],"5141257":[24,"津市","大鳥町"],"5140326":[24,"津市","香良洲町"],"5140052":[24,"津市","神納町"],"5140392":[24,"津市","香良洲町","１８７８番地"],"5148520":[24,"津市","丸之内","２６－８"],"5141111":[24,"津市","久居桜が丘町"],"5140313":[24,"津市","香良洲町"],"5142113":[24,"津市","美里町三郷"],"5141108":[24,"津市","久居射場町"],"5140103":[24,"津市","栗真中山町"],"5140082":[24,"津市","片田井戸町"],"5141117":[24,"津市","久居野口町"],"5148530":[24,"津市","高茶屋","７丁目１－１"],"5140075":[24,"津市","片田志袋町"],"5148570":[24,"津市","広明町","１３"],"5142393":[24,"津市","安濃町東観音寺","４８３"],"5140115":[24,"津市","一身田豊野"],"5140804":[24,"津市","上弁財町津興"],"5140821":[24,"津市","垂水"],"5141131":[24,"津市","久居西鷹跡町"],"5142398":[24,"津市","安濃町安濃","２５６０の８"],"5142105":[24,"津市","美里町五百野"],"5142328":[24,"津市","安濃町草生"],"5140801":[24,"津市","船頭町津興"],"5140004":[24,"津市","栄町"],"5148568":[24,"津市","桜橋","３丁目４４６"],"5141124":[24,"津市","須ケ瀬町"],"5140823":[24,"津市","半田"],"5140396":[24,"津市","雲出鋼管町","６２番地２"],"5140018":[24,"津市","中河原"],"5140803":[24,"津市","柳山津興"],"5140034":[24,"津市","南丸之内"],"5140076":[24,"津市","産品"],"5140013":[24,"津市","海岸町"],"5140814":[24,"津市","藤枝町"],"5140054":[24,"津市","神納"],"5142201":[24,"津市","芸濃町楠原"],"5140072":[24,"津市","小舟"],"5141114":[24,"津市","久居井戸山町"],"5148560":[24,"津市","桜橋","２丁目１２９"],"5142326":[24,"津市","安濃町東観音寺"],"5142213":[24,"津市","芸濃町北神山"],"5140824":[24,"津市","神戸"],"5140045":[24,"津市","美川町"],"5148546":[24,"津市","桜橋","３丁目５３－５"],"5148553":[24,"津市","桜橋","２丁目９６"],"5142303":[24,"津市","安濃町内多"],"5140031":[24,"津市","北丸之内"],"5148518":[24,"津市","垂水","２５６６"],"5140002":[24,"津市","島崎町"],"5148528":[24,"津市","桜橋","３丁目４４６－６８"],"5140121":[24,"津市","大里山室町"],"5142206":[24,"津市","芸濃町小野平"],"5142112":[24,"津市","美里町北長野"],"5140085":[24,"津市","片田久保町"],"5140818":[24,"津市","城山"],"5148515":[24,"津市","桜橋","３丁目５３－１１"],"5148558":[24,"津市","丸之内","２－２１"],"5140011":[24,"津市","高洲町"],"5140046":[24,"津市","大園町"],"5142311":[24,"津市","安濃町神田"],"5140311":[24,"津市","香良洲町"],"5142317":[24,"津市","安濃町前野"],"5140039":[24,"津市","押加部町"],"5141252":[24,"津市","稲葉町"],"5140104":[24,"津市","栗真小川町"],"5142203":[24,"津市","芸濃町中縄"],"5140125":[24,"津市","大里窪田町"],"5141138":[24,"津市","戸木町"],"5142327":[24,"津市","安濃町安部"],"5141296":[24,"津市","久居一色町","１８６５"],"5141107":[24,"津市","久居中町"],"5141105":[24,"津市","久居北口町"],"5140081":[24,"津市","片田田中町"],"5148585":[24,"津市","桜橋","２丁目１７７－１"],"5140057":[24,"津市","一色町"],"5141118":[24,"津市","久居新町"],"5140038":[24,"津市","西古河町"],"5140305":[24,"津市","雲出島貫町"],"5142307":[24,"津市","安濃町浄土寺"],"5140006":[24,"津市","広明町"],"5142102":[24,"津市","美里町船山"],"5148511":[24,"津市","観音寺町","２５５"],"5140825":[24,"津市","緑が丘"],"5142316":[24,"津市","安濃町南神山"],"5140835":[24,"津市","幸町"],"5140033":[24,"津市","丸之内"],"5148514":[24,"津市","栄町","１丁目１００"],"5140811":[24,"津市","阿漕町"],"5140026":[24,"津市","新東町塔世"],"5140116":[24,"津市","夢が丘"],"5148545":[24,"津市","桜橋","２丁目９９"],"5142104":[24,"津市","美里町家所"],"5142304":[24,"津市","安濃町太田"],"5140131":[24,"津市","あのつ台"],"5140323":[24,"津市","香良洲町"],"5148666":[24,"津市","岩田","２１番２７号"],"5140312":[24,"津市","香良洲町"],"5140806":[24,"津市","上弁財町"],"5140041":[24,"津市","八町"],"5140055":[24,"津市","南河路"],"5140819":[24,"津市","高茶屋"],"5141132":[24,"津市","久居幸町"],"5142322":[24,"津市","安濃町戸島"],"5142314":[24,"津市","安濃町妙法寺"],"5148503":[24,"津市","丸之内","２６－８"],"5141125":[24,"津市","久居元町"],"5140822":[24,"津市","南が丘"],"5142207":[24,"津市","芸濃町河内"],"5140021":[24,"津市","万町津"],"5148686":[24,"津市","中央","６－３０"],"5140834":[24,"津市","大倉"],"5142115":[24,"津市","美里町桂畑"],"5140001":[24,"津市","江戸橋"],"5140024":[24,"津市","新立町津"],"5140037":[24,"津市","東古河町"],"5140113":[24,"津市","一身田大古曽"],"5140301":[24,"津市","雲出鋼管町"],"5148540":[24,"津市","栄町","１丁目８９１三重県勤労者福祉会館内"],"5141136":[24,"津市","久居東鷹跡町"],"5140077":[24,"津市","片田長谷町"],"5140302":[24,"津市","雲出伊倉津町"],"5140084":[24,"津市","片田町"],"5148586":[24,"津市","大倉","１９－１"],"5141113":[24,"津市","久居野村町"],"5140047":[24,"津市","桜田町"],"5148507":[24,"津市","","上浜１５１５"],"5140051":[24,"津市","納所町"],"5148532":[24,"津市","垂水","字入江１１９－１"],"5148633":[24,"津市","渋見町","６９３－１"],"5140017":[24,"津市","相生町"],"5142111":[24,"津市","美里町平木"],"5142306":[24,"津市","安濃町曽根"],"5141292":[24,"津市","榊原町","７７７"],"5148566":[24,"津市","栄町","２丁目３０９"],"5142294":[24,"津市","高野尾町","５０１０"],"5141133":[24,"津市","久居万町"],"5140816":[24,"津市","高茶屋小森上野町"],"5140007":[24,"津市","大谷町"],"5140832":[24,"津市","南中央"],"5140073":[24,"津市","殿村"],"5140815":[24,"津市","藤方"],"5140058":[24,"津市","安東町"],"5140027":[24,"津市","大門"],"5141137":[24,"津市","久居小戸木町"],"5141295":[24,"津市","大鳥町","４２４番地の１"],"5142302":[24,"津市","安濃町安濃"],"5148533":[24,"津市","片田町","壱町田５９４"],"5142107":[24,"津市","美里町穴倉"],"5141103":[24,"津市","久居相川町"],"5140315":[24,"津市","香良洲町"],"5140826":[24,"津市","野田"],"5140397":[24,"津市","雲出島貫町","１２７２"],"5140062":[24,"津市","観音寺町"],"5140812":[24,"津市","津興"],"5140014":[24,"津市","港町"],"5140324":[24,"津市","香良洲町"],"5140028":[24,"津市","東丸之内"],"5142323":[24,"津市","安濃町大塚"],"5148552":[24,"津市","桜橋","２丁目１３１"],"5142395":[24,"津市","安濃町荒木","５８０－１"],"5142208":[24,"津市","芸濃町忍田"],"5141297":[24,"津市","久居一色町","１８６５"],"5142325":[24,"津市","安濃町田端上野"],"5140101":[24,"津市","白塚町"],"5140008":[24,"津市","上浜町"],"5142192":[24,"津市","美里町三郷","４８番地の１"],"5142101":[24,"津市","美里町高座原"],"5142103":[24,"津市","美里町日南田"],"5141192":[24,"津市","久居東鷹跡町","２４６"],"5142308":[24,"津市","安濃町川西"],"5148555":[24,"津市","藤方","１６６８"],"5140112":[24,"津市","一身田中野"],"5140025":[24,"津市","東町津"],"5141112":[24,"津市","久居小野辺町"],"5141255":[24,"津市","庄田町"],"5142114":[24,"津市","美里町南長野"],"5142313":[24,"津市","安濃町今徳"],"5141104":[24,"津市","久居持川町"],"5142292":[24,"津市","芸濃町椋本","６１４１－１"],"5141294":[24,"津市","庄田町","字若林２２０２－２"],"5140000":[24,"津市",""],"5148550":[24,"津市","桜橋","２丁目１７７－３"],"5140083":[24,"津市","片田新町"],"5140303":[24,"津市","雲出長常町"],"5141195":[24,"津市","久居新町","３００６ポルタ久居南棟"],"5148512":[24,"津市","中央","３－１２"],"5142221":[24,"津市","高野尾町"],"5141253":[24,"津市","久居一色町"],"5140837":[24,"津市","修成町"],"5148526":[24,"津市","中央","３－１"],"5141109":[24,"津市","久居烏木町"],"5140022":[24,"津市","愛宕町"],"5142321":[24,"津市","安濃町野口"],"5140036":[24,"津市","丸之内養正町"],"5140086":[24,"津市","片田薬王寺町"],"5148508":[24,"津市","西丸之内","２９－２９"],"5141135":[24,"津市","久居本町"],"5141251":[24,"津市","榊原町"],"5140102":[24,"津市","栗真町屋町"],"5142293":[24,"津市","高野尾町","１８６８番地の３"],"5142211":[24,"津市","芸濃町椋本"],"5140056":[24,"津市","北河路町"],"5141106":[24,"津市","久居寺町"],"5148567":[24,"津市","桜橋","３丁目４４６－３４"],"5148521":[24,"津市","島崎町","３２７－２津第２地方合同庁舎"],"5140074":[24,"津市","片田長谷場町"],"5140032":[24,"津市","中央"],"5142312":[24,"津市","安濃町連部"],"5140124":[24,"津市","大里川北町"],"5140064":[24,"津市","長岡町"],"5142396":[24,"津市","安濃町内多","４００"],"5141139":[24,"津市","青葉台"],"5142204":[24,"津市","芸濃町雲林院"],"5141258":[24,"津市","久居緑が丘町"],"5148577":[24,"津市","桜橋","２丁目１４２"],"5140016":[24,"津市","乙部"],"5141116":[24,"津市","新家町"],"5148538":[24,"津市","桜橋","２丁目１９１－４"],"5140802":[24,"津市","三重町津興"],"5148531":[24,"津市","丸之内養正町","４－８"],"5140321":[24,"津市","香良洲町"],"5141254":[24,"津市","森町"],"5140833":[24,"津市","西阿漕町岩田"],"5140042":[24,"津市","新町"],"5140010":[24,"津市","なぎさまち"],"5140063":[24,"津市","渋見町"],"5140817":[24,"津市","高茶屋小森町"],"5142318":[24,"津市","安濃町中川"],"5140126":[24,"津市","大里睦合町"],"5140122":[24,"津市","大里野田町"],"5140838":[24,"津市","岩田"],"5140015":[24,"津市","寿町"],"5148502":[24,"津市","広明町","２９７"],"5141121":[24,"津市","久居二ノ町"],"5148501":[24,"津市","島崎町","２４－１"],"5140005":[24,"津市","鳥居町"],"5140003":[24,"津市","桜橋"],"5140805":[24,"津市","下弁財町津興"],"5142106":[24,"津市","美里町足坂"],"5148578":[24,"津市","広明町","３４９－１"],"5148571":[24,"津市","羽所町","３４５"],"5140395":[24,"津市","雲出長常町","字六ノ割１１９０－９"],"5141101":[24,"津市","久居明神町"],"5140009":[24,"津市","羽所町"],"5140019":[24,"津市","住吉町"],"5142305":[24,"津市","安濃町清水"],"5140325":[24,"津市","香良洲町"]}
