{"0600016":[1,"札幌市中央区","北十六条西"],"0600034":[1,"札幌市中央区","北四条東"],"0608720":[1,"札幌市中央区","北三条西","４丁目"],"0608506":[1,"札幌市中央区","北二条西","１９丁目"],"0608511":[1,"札幌市北区","北八条西","２丁目札幌第一合同庁舎"],"0608607":[1,"札幌市中央区","北一条西","７丁目１番地"],"0608577":[1,"札幌市中央区","北一条西","６丁目１－２アーバンネット札幌ビル５Ｆ"],"0608541":[1,"札幌市中央区","北二条西","１９丁目"],"0600814":[1,"札幌市北区","北十四条西"],"0608618":[1,"札幌市中央区","北一条東","３丁目３番地"],"0608549":[1,"札幌市中央区","北三条西","７丁目"],"0608666":[1,"札幌市中央区","南一条西","３丁目８"],"0600018":[1,"札幌市中央区","北十八条西"],"0608670":[1,"札幌市中央区","大通西","１４丁目１"],"0608557":[1,"札幌市北区","北七条西","４丁目３－１"],"0608647":[1,"札幌市中央区","南二条西","６丁目"],"0600041":[1,"札幌市中央区","大通東"],"0608510":[1,"札幌市中央区","大通西","４丁目１新大通ビル"],"0608586":[1,"札幌市北区","北十三条西","７丁目"],"0608610":[1,"札幌市中央区","北一条西","２丁目経済センタービル"],"0608676":[1,"札幌市中央区","大通西","４丁目１"],"0608581":[1,"札幌市中央区","大通西","１９丁目"],"0600908":[1,"札幌市東区","北八条東"],"0608643":[1,"札幌市中央区","北四条西","６丁目１"],"0608792":[1,"札幌市中央区","大通東","２丁目１"],"0600053":[1,"札幌市中央区","南三条東"],"0600819":[1,"札幌市北区","北十九条西"],"0600009":[1,"札幌市中央区","北九条西"],"0608629":[1,"札幌市中央区","北五条西","２丁目ＪＲタワーオフィス１５階札幌駅総合開発内"],"0608611":[1,"札幌市中央区","北一条西","２丁目"],"0600055":[1,"札幌市中央区","南五条東"],"0608644":[1,"札幌市中央区","北十一条西","１５丁目"],"0600815":[1,"札幌市北区","北十五条西"],"0608651":[1,"札幌市中央区","北四条西","１丁目３"],"0600811":[1,"札幌市北区","北十一条西"],"0608502":[1,"札幌市中央区","南一条西","３丁目"],"0608767":[1,"札幌市中央区","南一条東","６丁目２番５号"],"0600004":[1,"札幌市中央区","北四条西"],"0608602":[1,"札幌市中央区","北二条西","１丁目１番地"],"0608552":[1,"札幌市中央区","北一条西","６丁目２番地"],"0608516":[1,"札幌市中央区","北一条西","７丁目５番"],"0608532":[1,"札幌市中央区","北一条西","２丁目１番地札幌時計台ビル"],"0600906":[1,"札幌市東区","北六条東"],"0608658":[1,"札幌市中央区","北四条西","１９丁目"],"0608627":[1,"札幌市中央区","大通西","６丁目６番地"],"0600905":[1,"札幌市東区","北五条東"],"0608553":[1,"札幌市北区","北七条西","５丁目３号札幌千代田ビル"],"0608523":[1,"札幌市中央区","大通西","１７丁目１番地２３"],"0608555":[1,"札幌市中央区","北四条西","３丁目１"],"0608630":[1,"札幌市中央区","北二条東","１７丁目２番地"],"0608668":[1,"札幌市中央区","南一条西","２丁目１８"],"0608558":[1,"札幌市中央区","北三条西","７丁目"],"0608614":[1,"札幌市中央区","大通西","５丁目地下鉄大通駅西側コンコース内"],"0608642":[1,"札幌市中央区","北二条西","１丁目１マルイト札幌ビル７Ｆ"],"0608515":[1,"札幌市中央区","北一条西","７丁目３北１条第一生命ビルディング２Ｆ"],"0608706":[1,"札幌市中央区","北一条西","８丁目１－１"],"0600057":[1,"札幌市中央区","南七条東"],"0608543":[1,"札幌市中央区","南一条西","１６丁目２９１"],"0608525":[1,"札幌市中央区","北三条西","１５丁目１－５０"],"0608528":[1,"札幌市中央区","南二条東","１丁目"],"0608677":[1,"札幌市中央区","大通東","１丁目２"],"0600052":[1,"札幌市中央区","南二条東"],"0608568":[1,"札幌市中央区","南二条西","４丁目６"],"0600810":[1,"札幌市北区","北十条西"],"0600032":[1,"札幌市中央区","北二条東"],"0608545":[1,"札幌市中央区","大通西","５丁目１１－１"],"0608620":[1,"札幌市中央区","大通西","１８丁目１道新西ビル"],"0608519":[1,"札幌市中央区","北一条西","６丁目１"],"0608648":[1,"札幌市北区","北十四条西","５丁目"],"0608570":[1,"札幌市中央区","南一条西","１４丁目"],"0608542":[1,"札幌市中央区","北二条東","４丁目１－２"],"0608560":[1,"札幌市中央区","北一条西","６丁目２番地損保ジャパン札幌ビル"],"0608794":[1,"札幌市中央区","北二条西","４丁目３"],"0600006":[1,"札幌市中央区","北六条西"],"0608529":[1,"札幌市中央区","北一条西","５丁目２番地北１条三井ビルディング３Ｆ"],"0608514":[1,"札幌市中央区","北三条西","２丁目２番１号ライラックビル２Ｆ"],"0608609":[1,"札幌市中央区","北一条西","７丁目１"],"0608638":[1,"札幌市北区","北十五条西","７丁目"],"0600063":[1,"札幌市中央区","南三条西"],"0608612":[1,"札幌市中央区","南三条西","１１丁目"],"0608616":[1,"札幌市中央区","北四条西","１２丁目ほくろうビル６階"],"0608565":[1,"札幌市中央区","南二条西","１丁目３北専ビル"],"0608547":[1,"札幌市中央区","北三条西","４丁目１番地第一生命ビル"],"0608795":[1,"札幌市北区","北八条西","２丁目１－１"],"0600809":[1,"札幌市北区","北九条西"],"0608655":[1,"札幌市北区","北七条西","９丁目２－１１"],"0608624":[1,"札幌市中央区","大通西","３丁目１１番地"],"0608576":[1,"札幌市東区","北六条東","２丁目１"],"0608589":[1,"札幌市北区","北九条西","９丁目"],"0600807":[1,"札幌市北区","北七条西"],"0608608":[1,"札幌市中央区","南二条西","２丁目１４番地"],"0608517":[1,"札幌市中央区","大通東","６丁目１２"],"0600014":[1,"札幌市中央区","北十四条西"],"0600813":[1,"札幌市北区","北十三条西"],"0600000":[1,"札幌市中央区",""],"0608721":[1,"札幌市中央区","北三条西","１４丁目２"],"0608507":[1,"札幌市中央区","北二条西","２丁目１５ＳＴＶ北二条ビル１０Ｆ"],"0608531":[1,"札幌市中央区","北一条西","３丁目３番地"],"0608703":[1,"札幌市中央区","大通西","１丁目１"],"0608530":[1,"札幌市中央区","大通西","７丁目３－１"],"0608505":[1,"札幌市中央区","北十二条西","２０丁目２番１号"],"0600806":[1,"札幌市北区","北六条西"],"0608636":[1,"札幌市中央区","南一条東","１丁目５番大通バスセンタービル１号館"],"0600042":[1,"札幌市中央区","大通西"],"0608512":[1,"札幌市中央区","南一条西","１２丁目４扶洋第一ビル"],"0608580":[1,"札幌市中央区","北一条東","１丁目２"],"0608582":[1,"札幌市東区","北九条東","２丁目４０番地２３"],"0608551":[1,"札幌市中央区","北七条西","１４丁目２８－２２"],"0608554":[1,"札幌市中央区","北四条西","４丁目１番地"],"0600012":[1,"札幌市中央区","北十二条西"],"0608520":[1,"札幌市中央区","北二条西","７丁目"],"0600820":[1,"札幌市北区","北二十条西"],"0600015":[1,"札幌市中央区","北十五条西"],"0608509":[1,"札幌市中央区","北三条西","１丁目１０番地東芝札幌ビル９Ｆ"],"0608536":[1,"札幌市中央区","南二条西","９丁目１－１７"],"0608540":[1,"札幌市中央区","北一条東","９丁目９９番地１９"],"0608791":[1,"札幌市東区","北六条東","１丁目１番２号"],"0600035":[1,"札幌市中央区","北五条東"],"0608646":[1,"札幌市中央区","大通西","５丁目１１番地１"],"0600051":[1,"札幌市中央区","南一条東"],"0608667":[1,"札幌市中央区","南一条西","２丁目１１"],"0600021":[1,"札幌市中央区","北二十一条西"],"0608619":[1,"札幌市中央区","北四条西","２丁目１"],"0608522":[1,"札幌市中央区","北三条西","４丁目１－１日本生命札幌ビル２２Ｆ"],"0608533":[1,"札幌市東区","北六条東","３丁目１"],"0608617":[1,"札幌市中央区","北一条西","２丁目１番地"],"0608656":[1,"札幌市中央区","北四条西","４丁目１－８"],"0600005":[1,"札幌市中央区","北五条西"],"0608578":[1,"札幌市中央区","北四条西","６丁目２番地北海道自治会館５階"],"0600054":[1,"札幌市中央区","南四条東"],"0608654":[1,"札幌市中央区","北二条西","４丁目"],"0608501":[1,"札幌市中央区","北一条西","５丁目"],"0608634":[1,"札幌市北区","北七条西","４丁目３－１新北海道ビル５階"],"0608585":[1,"札幌市中央区","北三条西","１１丁目２－１"],"0600002":[1,"札幌市中央区","北二条西"],"0600017":[1,"札幌市中央区","北十七条西"],"0608678":[1,"札幌市中央区","北四条西","５丁目１番３号"],"0600909":[1,"札幌市東区","北九条東"],"0608579":[1,"札幌市北区","北八条西","２丁目１番１号札幌第一合同庁舎"],"0608583":[1,"札幌市中央区","北九条西","１５丁目２８番１９６札幌ＩＴフロントビル２階"],"0608572":[1,"札幌市中央区","南一条東","２丁目大通バスセンタービル２号館"],"0600010":[1,"札幌市中央区","北十条西"],"0600033":[1,"札幌市中央区","北三条東"],"0600816":[1,"札幌市北区","北十六条西"],"0600007":[1,"札幌市中央区","北七条西"],"0608538":[1,"札幌市中央区","北三条西","７丁目１緑苑ビル"],"0608793":[1,"札幌市中央区","北二条西","４丁目３番地"],"0608537":[1,"札幌市中央区","南一条西","４丁目２０番地"],"0608626":[1,"札幌市中央区","北一条西","３丁目札幌メダルビル２Ｆ"],"0600008":[1,"札幌市中央区","北八条西"],"0600818":[1,"札幌市北区","北十八条西"],"0608621":[1,"札幌市中央区","北一条西","６丁目１－２アーバンネット札幌ビル２Ｆ"],"0608639":[1,"札幌市中央区","大通東","１丁目２"],"0608711":[1,"札幌市中央区","大通西","３丁目６"],"0608556":[1,"札幌市中央区","南一条西","１７丁目"],"0608503":[1,"札幌市中央区","北五条西","２丁目ＪＲタワーオフィスプラザさっぽろ８Ｆ"],"0608615":[1,"札幌市中央区","南二条西","１１丁目"],"0600062":[1,"札幌市中央区","南二条西"],"0600817":[1,"札幌市北区","北十七条西"],"0608544":[1,"札幌市中央区","北三条西","７丁目"],"0608601":[1,"札幌市中央区","南一条西","４丁目１３番地"],"0608527":[1,"札幌市中央区","北一条西","１４丁目"],"0608550":[1,"札幌市北区","北七条西","１丁目２－６ＮＳＳビル８Ｆ"],"0608574":[1,"札幌市中央区","北三条西","４丁目１－４札幌第一生命ビル７階"],"0608526":[1,"札幌市中央区","北四条西","５丁目三井生命札幌共同ビル７Ｆ"],"0600020":[1,"札幌市中央区","北二十条西"],"0608661":[1,"札幌市中央区","大通西","３丁目１１"],"0608604":[1,"札幌市中央区","北十一条西","１３丁目"],"0600013":[1,"札幌市中央区","北十三条西"],"0600812":[1,"札幌市北区","北十二条西"],"0608645":[1,"札幌市中央区","南二条西","２丁目１２"],"0608566":[1,"札幌市北区","北八条西","２丁目第一合同庁舎"],"0608707":[1,"札幌市中央区","北一条西","８丁目１－１"],"0608628":[1,"札幌市北区","北十三条西","８丁目"],"0600031":[1,"札幌市中央区","北一条東"],"0608613":[1,"札幌市中央区","北一条西","４丁目２－２札幌ノースプラザ１０Ｆ"],"0608513":[1,"札幌市中央区","南二条西","２丁目１２"],"0608521":[1,"札幌市中央区","北三条東","３丁目１－３０"],"0608524":[1,"札幌市北区","北七条西","４丁目３番地１新北海道ビル"],"0608637":[1,"札幌市中央区","南二条西","５丁目メゾン本府７０１号"],"0608546":[1,"札幌市中央区","北二条東","４丁目１番地２"],"0608563":[1,"札幌市中央区","南一条西","２丁目５番地南一条Ｋビル"],"0608796":[1,"札幌市中央区","北二条西","４丁目３番地"],"0608650":[1,"札幌市中央区","北二条西","４丁目１"],"0600061":[1,"札幌市中央区","南一条西"],"0600003":[1,"札幌市中央区","北三条西"],"0608705":[1,"札幌市中央区","北一条西","８丁目１－１"],"0600056":[1,"札幌市中央区","南六条東"],"0600808":[1,"札幌市北区","北八条西"],"0608561":[1,"札幌市中央区","北四条東","５丁目"],"0608649":[1,"札幌市中央区","南一条東","２丁目大通バスセンタービル２号館２階"],"0608797":[1,"札幌市中央区","北二条西","４丁目３番地"],"0600011":[1,"札幌市中央区","北十一条西"],"0608671":[1,"札幌市中央区","北十二条西","２０丁目１－１０"],"0600001":[1,"札幌市中央区","北一条西"],"0608603":[1,"札幌市中央区","北五条西","６丁目札幌センタービル１２階"],"0608631":[1,"札幌市中央区","北三条西","２丁目札幌ＭＴビル"],"0608725":[1,"札幌市中央区","北一条西","５丁目３－１０"],"0608548":[1,"札幌市中央区","北三条西","３丁目２番地札幌北三条ビル"],"0608508":[1,"札幌市中央区","南二条西","２丁目１３"],"0608623":[1,"札幌市中央区","南一条西","１丁目１番地札幌東ビル"],"0600907":[1,"札幌市東区","北七条東"],"0608635":[1,"札幌市中央区","南一条西","６丁目２０番１号"],"0608605":[1,"札幌市中央区","北一条西","６丁目１番地２アーバンネット札幌ビル２Ｆ"],"0608640":[1,"札幌市中央区","南二条西","５丁目１０番２号南２西５ビル"],"0608588":[1,"札幌市中央区","北三条西","６丁目"],"0608633":[1,"札幌市中央区","大通西","１０丁目４番１３２号"],"0608625":[1,"札幌市中央区","北三条西","４丁目１－１日本生命札幌ビル"],"0600022":[1,"札幌市中央区","北二十二条西"]}
