{"1808550":[13,"武蔵野市","中町","３丁目７－３"],"1808580":[13,"武蔵野市","西久保","１丁目２５－８"],"1808608":[13,"武蔵野市","境南町","２丁目１０－２１"],"1800022":[13,"武蔵野市","境"],"1808611":[13,"武蔵野市","境南町","５丁目１－２１"],"1808602":[13,"武蔵野市","境南町","１丁目７－１"],"1808777":[13,"武蔵野市","緑町","２丁目２－２８"],"1808660":[13,"武蔵野市","中町","３丁目７－３"],"1808610":[13,"武蔵野市","境南町","１丁目２６－１"],"1808505":[13,"武蔵野市","吉祥寺本町","２丁目１６－３"],"1808571":[13,"武蔵野市","西久保","１丁目６－２７"],"1808633":[13,"武蔵野市","吉祥寺北町","３丁目３－１"],"1808577":[13,"武蔵野市","西久保","１丁目６－２４"],"1800011":[13,"武蔵野市","八幡町"],"1800006":[13,"武蔵野市","中町"],"1800014":[13,"武蔵野市","関前"],"1808566":[13,"武蔵野市","吉祥寺東町","３丁目３－７"],"1808508":[13,"武蔵野市","吉祥寺本町","２丁目６－８"],"1800004":[13,"武蔵野市","吉祥寺本町"],"1800013":[13,"武蔵野市","西久保"],"1800003":[13,"武蔵野市","吉祥寺南町"],"1800021":[13,"武蔵野市","桜堤"],"1800012":[13,"武蔵野市","緑町"],"1808538":[13,"武蔵野市","中町","１丁目１７－３ミタカタカギビル"],"1808519":[13,"武蔵野市","吉祥寺本町","２丁目３－１"],"1808618":[13,"武蔵野市","境南町","１丁目２６－３３"],"1800023":[13,"武蔵野市","境南町"],"1800005":[13,"武蔵野市","御殿山"],"1808567":[13,"武蔵野市","吉祥寺南町","１丁目５－９くまもとビル５階"],"1800000":[13,"武蔵野市",""],"1808517":[13,"武蔵野市","吉祥寺本町","１丁目１７－１２吉祥寺永楽ビル３階"],"1808533":[13,"武蔵野市","中町","２丁目４－５"],"1808750":[13,"武蔵野市","中町","２丁目９－３２"],"1808527":[13,"武蔵野市","吉祥寺本町","２丁目２４－１"],"1808630":[13,"武蔵野市","吉祥寺北町","４丁目１３－１４"],"1808629":[13,"武蔵野市","境","５丁目２４－１０"],"1800001":[13,"武蔵野市","吉祥寺北町"],"1800002":[13,"武蔵野市","吉祥寺東町"],"1808522":[13,"武蔵野市","吉祥寺本町","３丁目２７－１"],"1808531":[13,"武蔵野市","中町","１丁目２０－８"],"1808555":[13,"武蔵野市","吉祥寺南町","４丁目４－１３"],"1808001":[13,"千代田区","神田駿河台","１丁目６"]}
