{"1688503":[13,"杉並区","久我山","１丁目７－４１"],"1688550":[13,"杉並区","高井戸西","１丁目１２－１"],"1688533":[13,"杉並区","高井戸東","２丁目４－５"],"1688681":[13,"杉並区","永福","２丁目５４－１２"],"1688570":[13,"杉並区","大宮","２丁目３－１"],"1680061":[13,"杉並区","大宮"],"1688558":[13,"杉並区","高井戸西","３丁目２－３０"],"1680063":[13,"杉並区","和泉"],"1688601":[13,"杉並区","宮前","５丁目２６－１２"],"1688611":[13,"杉並区","永福","２丁目５４－１２"],"1680082":[13,"杉並区","久我山"],"1688502":[13,"杉並区","久我山","１丁目７－４１"],"1680065":[13,"杉並区","浜田山"],"1688525":[13,"杉並区","高井戸西","１丁目１２－１"],"1680081":[13,"杉並区","宮前"],"1688686":[13,"杉並区","永福","３丁目５７－１４"],"1680071":[13,"杉並区","高井戸西"],"1688506":[13,"杉並区","和泉","１丁目２２－１９"],"1680074":[13,"杉並区","上高井戸"],"1688510":[13,"杉並区","高井戸西","１丁目１２－１"],"1688520":[13,"杉並区","高井戸西","１丁目１２－１"],"1680062":[13,"杉並区","方南"],"1688530":[13,"杉並区","高井戸西","１丁目１２－１"],"1688512":[13,"杉並区","久我山","１丁目７－４１"],"1688585":[13,"杉並区","高井戸東","３丁目２９－２１"],"1688511":[13,"杉並区","久我山","１丁目７－４１"],"1688081":[13,"杉並区","上高井戸","３丁目１－９"],"1688504":[13,"杉並区","久我山","１丁目７－４１"],"1688555":[13,"杉並区","永福","１丁目９－１"],"1688626":[13,"杉並区","久我山","４丁目２９－２３"],"1688560":[13,"杉並区","高井戸西","１丁目１２－１"],"1688616":[13,"杉並区","久我山","４丁目２９－６０"],"1680064":[13,"杉並区","永福"],"1688508":[13,"杉並区","大宮","２丁目１９－１"],"1688501":[13,"杉並区","久我山","１丁目７－４１"],"1680072":[13,"杉並区","高井戸東"],"1680073":[13,"杉並区","下高井戸"]}
