{"0648520":[1,"札幌市中央区","南九条西","７丁目２番５号"],"0640920":[1,"札幌市中央区","南二十条西"],"0648641":[1,"札幌市中央区","宮の森三条","１丁目５－４６"],"0648639":[1,"札幌市中央区","北三条西","２０丁目２番２８号"],"0648564":[1,"札幌市中央区","円山西町","２丁目１番１号"],"0640927":[1,"札幌市中央区","南二十七条西"],"0648550":[1,"札幌市中央区","南九条西","１丁目１３番地"],"0640951":[1,"札幌市中央区","宮の森一条"],"0640925":[1,"札幌市中央区","南二十五条西"],"0640953":[1,"札幌市中央区","宮の森三条"],"0648798":[1,"札幌市中央区","南二十条西","１５丁目１番１号"],"0648588":[1,"札幌市中央区","南四条西","７丁目６番地"],"0640823":[1,"札幌市中央区","北三条西"],"0648537":[1,"札幌市中央区","宮の森三条","７丁目７０"],"0648502":[1,"札幌市中央区","南九条西","４丁目１０"],"0648545":[1,"札幌市中央区","南九条西","１２丁目１番１号"],"0648581":[1,"札幌市中央区","大通西","２８丁目１番２号"],"0640917":[1,"札幌市中央区","南十七条西"],"0648633":[1,"札幌市中央区","南十条西","１５丁目１番８号ビッグビル３Ｆ"],"0648512":[1,"札幌市中央区","南一条西","２５丁目１番１号"],"0640929":[1,"札幌市中央区","南二十九条西"],"0640942":[1,"札幌市中央区","伏見"],"0648629":[1,"札幌市中央区","伏見","４丁目４番２１号"],"0640826":[1,"札幌市中央区","北六条西"],"0640959":[1,"札幌市中央区","宮ケ丘"],"0648601":[1,"札幌市中央区","南五条西","１１丁目関東アカデミービル"],"0648556":[1,"札幌市中央区","南二条西","２３丁目１番１８号"],"0648624":[1,"札幌市中央区","宮の森四条","８丁目１番地"],"0648516":[1,"札幌市中央区","南二十二条西","１３丁目１番１号"],"0648562":[1,"札幌市中央区","南七条西","１丁目２１番１－２号第３弘安ビル８Ｆ"],"0648528":[1,"札幌市中央区","大通西","２８丁目４番１号"],"0640811":[1,"札幌市中央区","南十一条西"],"0640801":[1,"札幌市中央区","南一条西"],"0648535":[1,"札幌市中央区","旭ケ丘","６丁目５番１８号"],"0640945":[1,"札幌市中央区","盤渓"],"0648507":[1,"札幌市中央区","宮の森三条","１丁目３番１５号"],"0648560":[1,"札幌市中央区","南八条西","１５丁目２番１号"],"0648554":[1,"札幌市中央区","南十二条西","１５丁目４番３号"],"0648524":[1,"札幌市中央区","南四条西","１７丁目２番２号"],"0648552":[1,"札幌市中央区","南十一条西","１１丁目２番１号"],"0648509":[1,"札幌市中央区","南四条西","５丁目１"],"0648540":[1,"札幌市中央区","宮の森二条","１６丁目１０－１"],"0640803":[1,"札幌市中央区","南三条西"],"0640914":[1,"札幌市中央区","南十四条西"],"0648506":[1,"札幌市中央区","南四条西","１０丁目"],"0640921":[1,"札幌市中央区","南二十一条西"],"0648546":[1,"札幌市中央区","南九条西","１４丁目"],"0648523":[1,"札幌市中央区","南四条西","１７丁目２番２号"],"0648622":[1,"札幌市中央区","南二十七条西","１３丁目１番３０号"],"0640825":[1,"札幌市中央区","北五条西"],"0648621":[1,"札幌市中央区","南十三条西","１１丁目２番３２号"],"0648519":[1,"札幌市中央区","南十四条西","１３丁目ＮＴＴ南ビル"],"0648530":[1,"札幌市中央区","北一条西","２２丁目"],"0640916":[1,"札幌市中央区","南十六条西"],"0648542":[1,"札幌市中央区","南七条西","５丁目１番地丙の１"],"0648532":[1,"札幌市中央区","南七条西","１丁目２１番地１"],"0640809":[1,"札幌市中央区","南九条西"],"0640822":[1,"札幌市中央区","北二条西"],"0648609":[1,"札幌市中央区","南十条西","１４丁目"],"0640930":[1,"札幌市中央区","南三十条西"],"0648544":[1,"札幌市中央区","宮の森四条","１丁目１番１号"],"0640820":[1,"札幌市中央区","大通西"],"0648558":[1,"札幌市中央区","南四条西","６丁目"],"0640941":[1,"札幌市中央区","旭ケ丘"],"0640923":[1,"札幌市中央区","南二十三条西"],"0640943":[1,"札幌市中央区","界川"],"0648510":[1,"札幌市中央区","南二十六条西","１０丁目"],"0640926":[1,"札幌市中央区","南二十六条西"],"0640913":[1,"札幌市中央区","南十三条西"],"0648586":[1,"札幌市中央区","南四条西","１０丁目"],"0648565":[1,"札幌市中央区","南九条西","１丁目"],"0640919":[1,"札幌市中央区","南十九条西"],"0648648":[1,"札幌市中央区","南八条西","４丁目４２２番地"],"0640802":[1,"札幌市中央区","南二条西"],"0648585":[1,"札幌市中央区","南九条西","７丁目１－３０"],"0648561":[1,"札幌市中央区","南十条西","６丁目１番２１号"],"0648577":[1,"札幌市中央区","宮の森二条","１丁目２－５５"],"0640952":[1,"札幌市中央区","宮の森二条"],"0648515":[1,"札幌市中央区","南十四条西","１５丁目２番２号"],"0648575":[1,"札幌市中央区","旭ケ丘","５丁目６番５０号"],"0640807":[1,"札幌市中央区","南七条西"],"0648605":[1,"札幌市中央区","大通西","２６丁目１－２円山公園ビル２階"],"0648567":[1,"札幌市中央区","南十四条西","１５丁目３－１"],"0640946":[1,"札幌市中央区","双子山"],"0648611":[1,"札幌市中央区","南十八条西","６丁目１－１"],"0640924":[1,"札幌市中央区","南二十四条西"],"0648536":[1,"札幌市中央区","南二十二条西","１４丁目"],"0648551":[1,"札幌市中央区","南五条西","１丁目１"],"0640958":[1,"札幌市中央区","宮の森"],"0640805":[1,"札幌市中央区","南五条西"],"0648630":[1,"札幌市中央区","大通","２０丁目３－２４ダブルス大通ビル５Ｆ"],"0648571":[1,"札幌市中央区","南四条西","９丁目１００７"],"0648503":[1,"札幌市中央区","南六条西","１７丁目１番１号"],"0648505":[1,"札幌市中央区","宮ケ丘","４７４番地"],"0648563":[1,"札幌市中央区","南十二条西","１１丁目１番３号"],"0648525":[1,"札幌市中央区","南一条西","２５丁目１番１７号"],"0648620":[1,"札幌市中央区","南九条西","５丁目４２１番地"],"0648644":[1,"札幌市中央区","宮の森四条","１丁目１番３５号"],"0640824":[1,"札幌市中央区","北四条西"],"0648589":[1,"札幌市中央区","南十条西","３丁目"],"0640944":[1,"札幌市中央区","円山西町"],"0648522":[1,"札幌市中央区","南二十二条西","９丁目アートパレスビル３Ｆ"],"0640821":[1,"札幌市中央区","北一条西"],"0648645":[1,"札幌市中央区","南九条西","１丁目"],"0640915":[1,"札幌市中央区","南十五条西"],"0648587":[1,"札幌市中央区","南六条西","８丁目５番地"],"0640806":[1,"札幌市中央区","南六条西"],"0640804":[1,"札幌市中央区","南四条西"],"0648555":[1,"札幌市中央区","北四条西","２３丁目"],"0640918":[1,"札幌市中央区","南十八条西"],"0640954":[1,"札幌市中央区","宮の森四条"],"0648686":[1,"札幌市中央区","南八条西","１４丁目３－１５"],"0648642":[1,"札幌市中央区","南四条西","１１丁目１２９２－４"],"0648566":[1,"札幌市中央区","南十条西","１丁目６番１号ホテルライフォート札幌５Ｆ"],"0648570":[1,"札幌市中央区","宮の森三条","７丁目５番２５号"],"0648628":[1,"札幌市中央区","南六条西","１３丁目１番２８号"],"0640810":[1,"札幌市中央区","南十条西"],"0640808":[1,"札幌市中央区","南八条西"],"0648533":[1,"札幌市中央区","南七条西","３丁目４２５番地"],"0648668":[1,"札幌市中央区","南四条西","１０丁目１００４"],"0648584":[1,"札幌市中央区","南八条西","４丁目４２２－５札幌第３大京ビル７階"],"0648521":[1,"札幌市中央区","南十一条西","２０丁目４番３号"],"0648526":[1,"札幌市中央区","南五条西","２６丁目"],"0648501":[1,"札幌市中央区","中島公園","１番５号"],"0648541":[1,"札幌市中央区","宮の森四条","１丁目３番地"],"0648543":[1,"札幌市中央区","南十条西","１丁目１番５０号"],"0640931":[1,"札幌市中央区","中島公園"],"0648610":[1,"札幌市中央区","南十三条西","１１丁目２番３２号"],"0640928":[1,"札幌市中央区","南二十八条西"],"0640922":[1,"札幌市中央区","南二十二条西"],"0648557":[1,"札幌市中央区","円山西町","４丁目７番２５号"],"0648511":[1,"札幌市中央区","南十一条西","１丁目２－１６"],"0648649":[1,"札幌市中央区","北一条西","２丁目"],"0640912":[1,"札幌市中央区","南十二条西"]}
