{"3340073":[11,"川口市","赤井"],"3340056":[11,"川口市","峯"],"3340062":[11,"川口市","榛松"],"3340074":[11,"川口市","江戸"],"3340068":[11,"川口市","新堀町"],"3340000":[11,"鳩ケ谷市",""],"3340067":[11,"川口市","大竹"],"3340071":[11,"川口市","安行慈林"],"3340057":[11,"川口市","安行原"],"3340075":[11,"川口市","江戸袋"],"3348511":[11,"鳩ケ谷市","三ツ和","１丁目１４－３"],"3340059":[11,"川口市","安行"],"3340053":[11,"川口市","安行吉蔵"],"3340012":[11,"鳩ケ谷市","八幡木"],"3340066":[11,"川口市","東貝塚"],"3340003":[11,"鳩ケ谷市","坂下町"],"3340004":[11,"鳩ケ谷市","辻"],"3340051":[11,"川口市","安行藤八"],"3340072":[11,"川口市","安行吉岡"],"3340011":[11,"鳩ケ谷市","三ツ和"],"3340005":[11,"鳩ケ谷市","里"],"3340064":[11,"川口市","蓮沼"],"3340061":[11,"川口市","新堀"],"3340054":[11,"川口市","安行北谷"],"3340063":[11,"川口市","東本郷"],"3340001":[11,"鳩ケ谷市","桜町"],"3348501":[11,"鳩ケ谷市","南","３丁目２１－４"],"3340055":[11,"川口市","安行小山"],"3340015":[11,"鳩ケ谷市","緑町"],"3340065":[11,"川口市","前野宿"],"3340058":[11,"川口市","安行領家"],"3340013":[11,"鳩ケ谷市","南"],"3340076":[11,"川口市","本蓮"],"3340052":[11,"川口市","安行出羽"],"3340014":[11,"鳩ケ谷市","前田"],"3340002":[11,"鳩ケ谷市","本町"]}
