{"0110912":[5,"秋田市","飯島川端"],"0110911":[5,"秋田市","飯島"],"0110906":[5,"秋田市","寺内後城"],"0110904":[5,"秋田市","寺内蛭根"],"0118555":[5,"秋田市","飯島","字古道下川端２１７－９"],"0110936":[5,"秋田市","将軍野南"],"0110913":[5,"秋田市","飯島鼠田"],"0110909":[5,"秋田市","寺内児桜"],"0110942":[5,"秋田市","土崎港東"],"0110947":[5,"秋田市","飯島新町"],"0110948":[5,"秋田市","飯島西袋"],"0118520":[5,"秋田市","寺内","字イサノ１３４ノ１"],"0110914":[5,"秋田市","飯島美砂町"],"0110932":[5,"秋田市","将軍野青山町"],"0110938":[5,"秋田市","寺内鵜ノ木"],"0110945":[5,"秋田市","土崎港西"],"0110951":[5,"秋田市","土崎港相染町"],"0110925":[5,"秋田市","飯島長野中町"],"0110921":[5,"秋田市","飯島松根西町"],"0110935":[5,"秋田市","将軍野向山"],"0110943":[5,"秋田市","土崎港南"],"0118686":[5,"秋田市","土崎港中央","３丁目３－１１"],"0110923":[5,"秋田市","飯島文京町"],"0110907":[5,"秋田市","寺内焼山"],"0110941":[5,"秋田市","土崎港北"],"0118611":[5,"秋田市","寺内","字将軍野１"],"0118585":[5,"秋田市","土崎港西","２丁目５－９"],"0118577":[5,"秋田市","土崎港中央","６丁目９番地１３号"],"0110949":[5,"秋田市","飯島飯田"],"0110928":[5,"秋田市","飯島長野上町"],"0110933":[5,"秋田市","将軍野堰越"],"0110927":[5,"秋田市","港北新町"],"0110922":[5,"秋田市","飯島松根東町"],"0110905":[5,"秋田市","寺内神屋敷"],"0110916":[5,"秋田市","飯島穀丁"],"0110903":[5,"秋田市","寺内油田"],"0110931":[5,"秋田市","将軍野東"],"0110915":[5,"秋田市","飯島緑丘町"],"0110901":[5,"秋田市","寺内"],"0110917":[5,"秋田市","飯島道東"],"0110908":[5,"秋田市","寺内大小路"],"0118510":[5,"秋田市","土崎港相染町","字中島下２７－４"],"0110944":[5,"秋田市","土崎港穀保町"],"0118501":[5,"秋田市","土崎港中央","１丁目６－３３"],"0110937":[5,"秋田市","寺内高野"],"0110924":[5,"秋田市","飯島長野本町"],"0110902":[5,"秋田市","寺内堂ノ沢"],"0110946":[5,"秋田市","土崎港中央"],"0110934":[5,"秋田市","将軍野桂町"],"0118605":[5,"秋田市","土崎港中央","１丁目１６－３７"],"0110926":[5,"秋田市","港北松野町"],"0118511":[5,"秋田市","飯島文京町","１－１"],"0110939":[5,"秋田市","寺内大畑"]}
