{"0200172":[3,"岩手郡滝沢村","鵜飼"],"0200883":[3,"盛岡市","志家町"],"0200021":[3,"盛岡市","中央通"],"0200003":[3,"盛岡市","下米内"],"0200545":[3,"岩手郡雫石町","谷地"],"0200102":[3,"盛岡市","上田"],"0208530":[3,"盛岡市","内丸","１２－２"],"0200053":[3,"盛岡市","上太田"],"0200887":[3,"盛岡市","上ノ橋町"],"0200801":[3,"盛岡市","浅岸"],"0200180":[3,"岩手郡滝沢村","滝沢","字土沢２２０－３"],"0208515":[3,"盛岡市","上田","３丁目２－１"],"0200813":[3,"盛岡市","東山"],"0200520":[3,"岩手郡雫石町","下町東"],"0200506":[3,"岩手郡雫石町","沼返"],"0200004":[3,"盛岡市","山岸"],"0208510":[3,"盛岡市","山王町","４－１"],"0200805":[3,"盛岡市","東新庄"],"0200100":[3,"岩手郡滝沢村",""],"0200527":[3,"岩手郡雫石町","中町"],"0200552":[3,"岩手郡雫石町","下平"],"0200184":[3,"盛岡市","青山","４丁目１０－５"],"0200831":[3,"盛岡市","三本柳"],"0200016":[3,"盛岡市","名須川町"],"0200012":[3,"盛岡市","岩清水"],"0200530":[3,"岩手郡雫石町","上町南"],"0208667":[3,"盛岡市","湯沢","１６地割１５－４"],"0200828":[3,"盛岡市","大慈寺町"],"0200873":[3,"盛岡市","松尾町"],"0200522":[3,"岩手郡雫石町","下久保"],"0200872":[3,"盛岡市","八幡町"],"0200123":[3,"盛岡市","下厨川"],"0200146":[3,"盛岡市","長橋町"],"0200581":[3,"岩手郡雫石町","御明神"],"0200496":[3,"盛岡市","乙部","５－１４６"],"0200542":[3,"岩手郡雫石町","万田渡"],"0200113":[3,"盛岡市","上田堤"],"0200845":[3,"盛岡市","湯沢南"],"0200126":[3,"盛岡市","安倍館町"],"0200851":[3,"盛岡市","向中野"],"0208672":[3,"盛岡市","流通センター北","１丁目１０－５"],"0200521":[3,"岩手郡雫石町","麁津田"],"0208602":[3,"盛岡市","大通","３丁目３－１０"],"0200876":[3,"盛岡市","馬場町"],"0200837":[3,"盛岡市","津志田町"],"0208580":[3,"盛岡市","開運橋通","５－１"],"0200572":[3,"岩手郡雫石町","西安庭"],"0200117":[3,"盛岡市","緑が丘"],"0200063":[3,"盛岡市","材木町"],"0200513":[3,"岩手郡雫石町","下兎野"],"0208550":[3,"盛岡市","上田","３丁目１８－８"],"0208585":[3,"盛岡市","永井","１４地割４２"],"0200543":[3,"岩手郡雫石町","高前田"],"0208575":[3,"盛岡市","盛岡駅西通","２丁目９番１号"],"0200043":[3,"盛岡市","中川町"],"0200026":[3,"盛岡市","開運橋通"],"0208612":[3,"紫波郡矢巾町","流通センター南","１丁目６－１６"],"0200402":[3,"盛岡市","黒川"],"0200203":[3,"盛岡市","玉山区川又"],"0200821":[3,"盛岡市","山王町"],"0200134":[3,"盛岡市","南青山町"],"0200865":[3,"盛岡市","仙北町"],"0200557":[3,"岩手郡雫石町","上平"],"0200161":[3,"岩手郡滝沢村","篠木"],"0200107":[3,"盛岡市","松園"],"0200066":[3,"盛岡市","上田"],"0200539":[3,"岩手郡雫石町","上町東"],"0208666":[3,"盛岡市","中央通","１丁目６－７"],"0200878":[3,"盛岡市","肴町"],"0208633":[3,"盛岡市","本宮","字松幅８９"],"0200844":[3,"盛岡市","湯沢東"],"0208605":[3,"盛岡市","大通","１丁目２－１"],"0208611":[3,"紫波郡矢巾町","流通センター南","１丁目７－１６"],"0208678":[3,"紫波郡矢巾町","流通センター南","３丁目３－１"],"0200022":[3,"盛岡市","大通"],"0200555":[3,"岩手郡雫石町","上曽根田"],"0200143":[3,"盛岡市","上厨川"],"0208688":[3,"盛岡市","中央通","１丁目２－３"],"0200551":[3,"岩手郡雫石町","笹森"],"0200854":[3,"盛岡市","上飯岡"],"0200147":[3,"盛岡市","大館町"],"0200031":[3,"盛岡市","北夕顔瀬町"],"0208520":[3,"盛岡市","内丸","９－１"],"0200886":[3,"盛岡市","若園町"],"0200814":[3,"盛岡市","東中野町"],"0200515":[3,"岩手郡雫石町","下長根"],"0208620":[3,"盛岡市","中央通","１丁目１－２３"],"0208570":[3,"盛岡市","内丸","１０－１"],"0200832":[3,"盛岡市","東見前"],"0200112":[3,"盛岡市","東緑が丘"],"0208588":[3,"盛岡市","下太田","杉田５２番地１"],"0200882":[3,"盛岡市","住吉町"],"0200198":[3,"盛岡市","下厨川","字赤平４"],"0208533":[3,"盛岡市","盛岡駅前通","１－４１"],"0200493":[3,"盛岡市","乙部","５地割３１０"],"0200833":[3,"盛岡市","西見前"],"0200000":[3,"盛岡市",""],"0200116":[3,"盛岡市","箱清水"],"0200825":[3,"盛岡市","高崩"],"0200584":[3,"岩手郡雫石町","西根"],"0200103":[3,"盛岡市","西松園"],"0208567":[3,"盛岡市","羽場","１０地割１００番地"],"0200511":[3,"岩手郡雫石町","長畑"],"0200495":[3,"盛岡市","黒川","２３地割７０－１"],"0200595":[3,"岩手郡雫石町","千刈田","５番地１"],"0200171":[3,"岩手郡滝沢村","大沢"],"0200559":[3,"岩手郡雫石町","上笹森"],"0200531":[3,"岩手郡雫石町","麻見田"],"0200101":[3,"盛岡市","岩脇町"],"0200836":[3,"盛岡市","津志田西"],"0200144":[3,"盛岡市","土淵"],"0200544":[3,"岩手郡雫石町","柿木"],"0200064":[3,"盛岡市","梨木町"],"0200193":[3,"岩手郡滝沢村","滝沢","字巣子１５２－５２"],"0208641":[3,"盛岡市","中ノ橋通","１丁目４－６"],"0200187":[3,"盛岡市","みたけ","１丁目６－３０"],"0208586":[3,"盛岡市","長田町","２－２０"],"0208518":[3,"盛岡市","盛岡駅前通","１番４４号"],"0200204":[3,"盛岡市","玉山区上田"],"0208661":[3,"紫波郡矢巾町","流通センター南","１丁目９－７"],"0200188":[3,"岩手郡滝沢村","滝沢","字外山３０９"],"0200841":[3,"盛岡市","羽場"],"0200137":[3,"盛岡市","天昌寺町"],"0208555":[3,"盛岡市","上田","４丁目１－３"],"0208513":[3,"盛岡市","中ノ橋通","１丁目５－２３"],"0200512":[3,"岩手郡雫石町","塩ケ森"],"0200124":[3,"盛岡市","厨川"],"0200554":[3,"岩手郡雫石町","町裏"],"0200864":[3,"盛岡市","西仙北"],"0200404":[3,"盛岡市","大ケ生"],"0200104":[3,"盛岡市","小鳥沢"],"0208540":[3,"盛岡市","内丸","８－１０"],"0208677":[3,"盛岡市","本町通","３丁目８－３７"],"0200183":[3,"岩手郡滝沢村","滝沢","字砂込８０８"],"0200585":[3,"岩手郡雫石町","長山"],"0200133":[3,"盛岡市","青山"],"0200312":[3,"盛岡市","砂子沢"],"0200502":[3,"岩手郡雫石町","板橋"],"0200573":[3,"岩手郡雫石町","南畑"],"0208507":[3,"盛岡市","清水町","１４－１２"],"0200538":[3,"岩手郡雫石町","上町北"],"0200044":[3,"盛岡市","城西町"],"0200862":[3,"盛岡市","東仙北"],"0200034":[3,"盛岡市","盛岡駅前通"],"0208794":[3,"盛岡市","中央通","１丁目１２－７仁王惣門ビル"],"0208522":[3,"盛岡市","内丸","７－２５"],"0200148":[3,"盛岡市","前潟"],"0200817":[3,"盛岡市","東中野"],"0208553":[3,"盛岡市","中ノ橋通","１丁目１４－２１"],"0200032":[3,"盛岡市","夕顔瀬町"],"0200401":[3,"盛岡市","手代森"],"0200529":[3,"岩手郡雫石町","下町西"],"0200877":[3,"盛岡市","下ノ橋町"],"0200804":[3,"盛岡市","東桜山"],"0200556":[3,"岩手郡雫石町","名子"],"0200111":[3,"盛岡市","黒石野"],"0200023":[3,"盛岡市","内丸"],"0200856":[3,"盛岡市","下鹿妻"],"0200839":[3,"盛岡市","津志田南"],"0208577":[3,"盛岡市","飯岡新田","１丁目３６－１"],"0200504":[3,"岩手郡雫石町","中沼"],"0208573":[3,"盛岡市","中ノ橋通","１丁目６－８"],"0208501":[3,"盛岡市","愛宕下","１－１０"],"0200853":[3,"盛岡市","下飯岡"],"0200803":[3,"盛岡市","新庄"],"0200537":[3,"岩手郡雫石町","上町西"],"0208610":[3,"盛岡市","菜園","２丁目７－２１"],"0200891":[3,"紫波郡矢巾町","流通センター南"],"0200826":[3,"盛岡市","神子田町"],"0200842":[3,"盛岡市","湯沢"],"0200195":[3,"盛岡市","みたけ","２丁目８－１"],"0200054":[3,"盛岡市","猪去"],"0200145":[3,"盛岡市","平賀新田"],"0200823":[3,"盛岡市","門"],"0200045":[3,"盛岡市","盛岡駅西通"],"0200866":[3,"盛岡市","本宮"],"0200141":[3,"盛岡市","中屋敷町"],"0200065":[3,"盛岡市","西下台町"],"0200574":[3,"岩手郡雫石町","鶯宿"],"0200835":[3,"盛岡市","津志田"],"0200115":[3,"盛岡市","館向町"],"0200403":[3,"盛岡市","乙部"],"0200014":[3,"盛岡市","愛宕下"],"0200885":[3,"盛岡市","紺屋町"],"0200822":[3,"盛岡市","茶畑"],"0200807":[3,"盛岡市","加賀野"],"0200051":[3,"盛岡市","下太田"],"0200514":[3,"岩手郡雫石町","野中"],"0200528":[3,"岩手郡雫石町","下町"],"0200535":[3,"岩手郡雫石町","小日谷地"],"0200182":[3,"盛岡市","みたけ","２丁目２２－５０"],"0200553":[3,"岩手郡雫石町","下曽根田"],"0200121":[3,"盛岡市","月が丘"],"0200517":[3,"岩手郡雫石町","黒沢川"],"0200505":[3,"岩手郡雫石町","中黒沢川"],"0200105":[3,"盛岡市","北松園"],"0200583":[3,"岩手郡雫石町","上野"],"0200013":[3,"盛岡市","愛宕町"],"0208544":[3,"盛岡市","松尾町","１７－８"],"0200024":[3,"盛岡市","菜園"],"0200201":[3,"盛岡市","玉山区日戸"],"0200811":[3,"盛岡市","川目町"],"0208566":[3,"盛岡市","志家町","６－１"],"0208512":[3,"盛岡市","内丸","２番１０号－７階"],"0200061":[3,"盛岡市","北山"],"0200005":[3,"盛岡市","紅葉が丘"],"0200816":[3,"盛岡市","中野"],"0200532":[3,"岩手郡雫石町","払川"],"0208622":[3,"盛岡市","内丸","３－７"],"0200884":[3,"盛岡市","神明町"],"0208532":[3,"盛岡市","津志田","１４地割３７－２"],"0200125":[3,"盛岡市","上堂"],"0208508":[3,"盛岡市","中央通","１丁目７－２５朝日生命盛岡中央通ビル"],"0200547":[3,"岩手郡雫石町","晴山"],"0208560":[3,"盛岡市","三本柳","６地割１－１"],"0200001":[3,"盛岡市","上米内"],"0200501":[3,"岩手郡雫石町","仁佐瀬"],"0200863":[3,"盛岡市","南仙北"],"0208654":[3,"盛岡市","内丸","３－４６"],"0208561":[3,"盛岡市","南大通","２丁目３－２０"],"0200592":[3,"岩手郡雫石町","町裏","７５番地１"],"0200525":[3,"岩手郡雫石町","源大堂"],"0200033":[3,"盛岡市","盛岡駅前北通"],"0200136":[3,"盛岡市","北天昌寺町"],"0200523":[3,"岩手郡雫石町","根堀"],"0200132":[3,"盛岡市","西青山"],"0200546":[3,"岩手郡雫石町","稲荷下"],"0200181":[3,"岩手郡滝沢村","滝沢","字土沢２２０－５"],"0200846":[3,"盛岡市","流通センター北"],"0200011":[3,"盛岡市","三ツ割"],"0200106":[3,"盛岡市","東松園"],"0200536":[3,"岩手郡雫石町","八卦"],"0200855":[3,"盛岡市","上鹿妻"],"0200127":[3,"盛岡市","前九年"],"0200500":[3,"岩手郡雫石町",""],"0200861":[3,"盛岡市","仙北"],"0200524":[3,"岩手郡雫石町","寺の下"],"0200055":[3,"盛岡市","繋"],"0208543":[3,"盛岡市","上田","２丁目３－１"],"0200185":[3,"盛岡市","上堂","１丁目１９－５５"],"0200108":[3,"盛岡市","東黒石野"],"0208558":[3,"盛岡市","中央通","１丁目２－２"],"0200041":[3,"盛岡市","境田町"],"0208511":[3,"盛岡市","松尾町","１７－１３"],"0200052":[3,"盛岡市","中太田"],"0200202":[3,"盛岡市","玉山区玉山"],"0200802":[3,"盛岡市","つつじが丘"],"0200507":[3,"岩手郡雫石町","丸谷地"],"0200596":[3,"岩手郡雫石町","板橋","６１番地１"],"0200871":[3,"盛岡市","中ノ橋通"],"0200812":[3,"盛岡市","川目"],"0200122":[3,"盛岡市","みたけ"],"0200015":[3,"盛岡市","本町通"],"0208531":[3,"盛岡市","若園町","２－１８"],"0200192":[3,"岩手郡滝沢村","鵜飼","字中鵜飼５５"],"0200874":[3,"盛岡市","南大通"],"0208525":[3,"盛岡市","内丸","２－５"],"0200503":[3,"岩手郡雫石町","七ツ森"],"0200824":[3,"盛岡市","東安庭"],"0208686":[3,"紫波郡矢巾町","流通センター南","１丁目９－１７"],"0200875":[3,"盛岡市","清水町"],"0208601":[3,"盛岡市","長田町","６－７"],"0208551":[3,"盛岡市","上田","４丁目３－５"],"0200025":[3,"盛岡市","大沢川原"],"0200534":[3,"岩手郡雫石町","川原"],"0200042":[3,"盛岡市","新田町"],"0200852":[3,"盛岡市","飯岡新田"],"0208584":[3,"盛岡市","菜園","２丁目８番２０号"],"0200131":[3,"盛岡市","中堤町"],"0200815":[3,"盛岡市","小杉山"],"0200843":[3,"盛岡市","湯沢西"],"0200135":[3,"盛岡市","大新町"],"0200571":[3,"岩手郡雫石町","繋"],"0208521":[3,"盛岡市","紺屋町","１－２５"],"0200173":[3,"岩手郡滝沢村","滝沢"],"0200582":[3,"岩手郡雫石町","橋場"],"0200881":[3,"盛岡市","天神町"],"0200533":[3,"岩手郡雫石町","林"],"0200558":[3,"岩手郡雫石町","下笹森"],"0208505":[3,"盛岡市","内丸","１９－１"],"0200838":[3,"盛岡市","津志田中央"],"0200114":[3,"盛岡市","高松"],"0208557":[3,"盛岡市","中ノ橋通","１丁目１４番２１号"],"0200827":[3,"盛岡市","鉈屋町"],"0208650":[3,"盛岡市","内丸","２－１０"],"0200151":[3,"岩手郡滝沢村","大釜"],"0200313":[3,"盛岡市","根田茂"],"0200196":[3,"盛岡市","みたけ","３丁目３８－２０"],"0208655":[3,"盛岡市","菜園","１丁目１０－１"],"0200806":[3,"盛岡市","新庄町"],"0200834":[3,"盛岡市","永井"],"0200002":[3,"盛岡市","桜台"],"0200311":[3,"盛岡市","簗川"],"0200142":[3,"盛岡市","稲荷町"],"0200593":[3,"岩手郡雫石町","","高倉温泉"],"0208606":[3,"盛岡市","内丸","３－１"],"0200062":[3,"盛岡市","長田町"],"0200541":[3,"岩手郡雫石町","千刈田"]}
