{"1820006":[13,"調布市","西つつじケ丘"],"1820005":[13,"調布市","東つつじケ丘"],"1828522":[13,"調布市","深大寺東町","７丁目４４－１"],"1820031":[13,"調布市","野水"],"1828525":[13,"調布市","緑ケ丘","１丁目２５"],"1828508":[13,"調布市","深大寺東町","４丁目３５－３"],"1828601":[13,"調布市","国領町","４丁目３４－１"],"1820000":[13,"調布市",""],"1820032":[13,"調布市","西町"],"1820021":[13,"調布市","調布ケ丘"],"1828602":[13,"調布市","柴崎","２丁目１－３"],"1828621":[13,"調布市","国領町","４丁目３４－１"],"1828511":[13,"調布市","小島町","２丁目３５－１"],"1820003":[13,"調布市","若葉町"],"1820035":[13,"調布市","上石原"],"1820034":[13,"調布市","下石原"],"1828558":[13,"調布市","仙川町","２丁目５"],"1820024":[13,"調布市","布田"],"1820036":[13,"調布市","飛田給"],"1820015":[13,"調布市","八雲台"],"1828520":[13,"調布市","調布ケ丘","３丁目５－１"],"1828512":[13,"調布市","小島町","２丁目５６－３"],"1828570":[13,"調布市","国領町","８丁目３－１"],"1828001":[13,"調布市","小島町","２丁目４８－２６"],"1820004":[13,"調布市","入間町"],"1828655":[13,"調布市","国領町","８丁目２－１"],"1820007":[13,"調布市","菊野台"],"1828686":[13,"調布市","柴崎","１丁目６７－１"],"1828510":[13,"調布市","若葉町","１丁目４１－１"],"1820022":[13,"調布市","国領町"],"1820017":[13,"調布市","深大寺元町"],"1820013":[13,"調布市","深大寺南町"],"1820014":[13,"調布市","柴崎"],"1820012":[13,"調布市","深大寺東町"],"1828555":[13,"調布市","富士見町","２丁目１３"],"1820026":[13,"調布市","小島町"],"1820023":[13,"調布市","染地"],"1828567":[13,"調布市","仙川町","２丁目１９－５"],"1820011":[13,"調布市","深大寺北町"],"1820002":[13,"調布市","仙川町"],"1820033":[13,"調布市","富士見町"],"1820025":[13,"調布市","多摩川"],"1820001":[13,"調布市","緑ケ丘"],"1820016":[13,"調布市","佐須町"],"1828585":[13,"調布市","調布ケ丘","１丁目５－１"]}
