{"2560806":[14,"小田原市","小船"],"2560817":[14,"小田原市","西酒匂"],"2560811":[14,"小田原市","田島"],"2568510":[14,"小田原市","国府津","２８８０"],"2560805":[14,"小田原市","上町"],"2560813":[14,"小田原市","前川"],"2560801":[14,"小田原市","沼代"],"2560807":[14,"小田原市","山西"],"2560815":[14,"小田原市","小八幡"],"2560804":[14,"小田原市","羽根尾"],"2560814":[14,"小田原市","川匂"],"2560812":[14,"小田原市","国府津"],"2560802":[14,"小田原市","小竹"],"2560808":[14,"小田原市","東ヶ丘"],"2560803":[14,"小田原市","中村原"],"2560816":[14,"小田原市","酒匂"]}
