{"5280207":[25,"甲賀市","土山町猪鼻"],"5280049":[25,"甲賀市","水口町貴生川"],"5288502":[25,"甲賀市","水口町水口","６０５３番地"],"5280206":[25,"甲賀市","土山町山中"],"5280048":[25,"甲賀市","水口町高山"],"5280073":[25,"甲賀市","水口町古城が丘"],"5280011":[25,"甲賀市","水口町高塚"],"5280233":[25,"甲賀市","土山町市場"],"5280221":[25,"甲賀市","土山町青土"],"5280203":[25,"甲賀市","土山町黒滝"],"5280033":[25,"甲賀市","水口町綾野"],"5280071":[25,"甲賀市","水口町秋葉"],"5280205":[25,"甲賀市","土山町笹路"],"5280017":[25,"甲賀市","水口町京町"],"5280208":[25,"甲賀市","土山町黒川"],"5280034":[25,"甲賀市","水口町日電"],"5280224":[25,"甲賀市","土山町野上野"],"5280213":[25,"甲賀市","土山町大澤"],"5280231":[25,"甲賀市","土山町頓宮"],"5280047":[25,"甲賀市","水口町岩坂"],"5280065":[25,"甲賀市","水口町春日"],"5280056":[25,"甲賀市","水口町泉"],"5280053":[25,"甲賀市","水口町宇田"],"5280012":[25,"甲賀市","水口町暁"],"5280045":[25,"甲賀市","水口町牛飼"],"5280058":[25,"甲賀市","水口町北泉"],"5280020":[25,"甲賀市","水口町的場"],"5280036":[25,"甲賀市","水口町東名坂"],"5280025":[25,"甲賀市","水口町西林口"],"5288666":[25,"甲賀市","水口町水口","６０５３番地"],"5280027":[25,"甲賀市","水口町城内"],"5288555":[25,"甲賀市","水口町水口","５５８７－３"],"5280031":[25,"甲賀市","水口町本町"],"5280007":[25,"甲賀市","水口町新城"],"5280005":[25,"甲賀市","水口町水口"],"5280041":[25,"甲賀市","水口町虫生野"],"5280055":[25,"甲賀市","水口町植"],"5280223":[25,"甲賀市","土山町瀬ノ音"],"5280064":[25,"甲賀市","水口町伴中山"],"5280026":[25,"甲賀市","水口町東林口"],"5280054":[25,"甲賀市","水口町酒人"],"5288501":[25,"甲賀市","水口町日電","３－１"],"5280042":[25,"甲賀市","水口町虫生野中央"],"5280235":[25,"甲賀市","土山町大野"],"5280052":[25,"甲賀市","水口町宇川"],"5280212":[25,"甲賀市","土山町南土山"],"5280000":[25,"甲賀市",""],"5280043":[25,"甲賀市","水口町杣中"],"5280006":[25,"甲賀市","水口町元町"],"5280021":[25,"甲賀市","水口町八光"],"5280068":[25,"甲賀市","水口町ひのきが丘"],"5280014":[25,"甲賀市","水口町鹿深"],"5280069":[25,"甲賀市","水口町虫生野虹の町"],"5280062":[25,"甲賀市","水口町さつきが丘"],"5280002":[25,"甲賀市","水口町今郷"],"5280015":[25,"甲賀市","水口町松栄"],"5280022":[25,"甲賀市","水口町梅が丘"],"5280202":[25,"甲賀市","土山町鮎河"],"5280051":[25,"甲賀市","水口町北内貴"],"5288510":[25,"甲賀市","水口町さつきが丘","３７"],"5280211":[25,"甲賀市","土山町北土山"],"5280029":[25,"甲賀市","水口町南林口"],"5280024":[25,"甲賀市","水口町中邸"],"5280028":[25,"甲賀市","水口町城東"],"5288511":[25,"甲賀市","水口町水口","６２００"],"5280035":[25,"甲賀市","水口町名坂"],"5280023":[25,"甲賀市","水口町本丸"],"5280013":[25,"甲賀市","水口町宮の前"],"5280001":[25,"甲賀市","水口町中畑"],"5280063":[25,"甲賀市","水口町下山"],"5280222":[25,"甲賀市","土山町平子"],"5280072":[25,"甲賀市","水口町朝日が丘"],"5280057":[25,"甲賀市","水口町北脇"],"5280044":[25,"甲賀市","水口町山上"],"5288585":[25,"甲賀市","水口町泉","１２５９"],"5280204":[25,"甲賀市","土山町山女原"],"5280234":[25,"甲賀市","土山町徳原"],"5280061":[25,"甲賀市","水口町笹が丘"],"5280004":[25,"甲賀市","水口町嶬峨"],"5280046":[25,"甲賀市","水口町三大寺"],"5280067":[25,"甲賀市","水口町山"],"5280038":[25,"甲賀市","水口町新町"],"5280232":[25,"甲賀市","土山町前野"],"5280037":[25,"甲賀市","水口町本綾野"],"5280003":[25,"甲賀市","水口町和野"],"5280201":[25,"甲賀市","土山町大河原"],"5280016":[25,"甲賀市","水口町神明"],"5280066":[25,"甲賀市","水口町八田"],"5280074":[25,"甲賀市","水口町松尾"],"5280032":[25,"甲賀市","水口町八坂"]}
