{"1770045":[13,"練馬区","石神井台"],"1778510":[13,"練馬区","石神井町","４丁目２７－３７"],"1770054":[13,"練馬区","立野町"],"1770035":[13,"練馬区","南田中"],"1770053":[13,"練馬区","関町南"],"1770043":[13,"練馬区","上石神井南町"],"1770031":[13,"練馬区","三原台"],"1778501":[13,"練馬区","三原台","１丁目１５－１７"],"1778508":[13,"練馬区","高野台","２丁目２３－２０"],"1770042":[13,"練馬区","下石神井"],"1770034":[13,"練馬区","富士見台"],"1770032":[13,"練馬区","谷原"],"1778511":[13,"練馬区","石神井町","４丁目１－３"],"1778507":[13,"練馬区","高野台","５丁目１－１"],"1770051":[13,"練馬区","関町北"],"1770033":[13,"練馬区","高野台"],"1778505":[13,"練馬区","大泉町","６丁目２９－２０スカイマンション２Ｆ"],"1778509":[13,"練馬区","石神井町","３丁目３０－２６"],"1778521":[13,"練馬区","高野台","３丁目１－１０"],"1770041":[13,"練馬区","石神井町"],"1778502":[13,"練馬区","上石神井","４丁目８－２３"],"1778503":[13,"練馬区","谷原","２丁目１－２６"],"1770044":[13,"練馬区","上石神井"],"1770052":[13,"練馬区","関町東"]}
