{"5291301":[25,"愛知郡愛荘町","山川原"],"5291566":[25,"東近江市","葛巻町"],"5291664":[25,"蒲生郡日野町","蓮花寺"],"5291402":[25,"東近江市","五個荘七里町"],"5291164":[25,"犬上郡豊郷町","日栄"],"5290505":[25,"伊香郡余呉町","小原"],"5290713":[25,"伊香郡西浅井町","八田部"],"5290335":[25,"東浅井郡湖北町","猫口"],"5291645":[25,"蒲生郡日野町","十禅師"],"5290103":[25,"東浅井郡虎姫町","中野"],"5291601":[25,"蒲生郡日野町","松尾"],"5291380":[25,"愛知郡愛荘町","愛知川","７２"],"5291443":[25,"東近江市","五個荘北町屋町"],"5291404":[25,"東近江市","宮荘町"],"5291169":[25,"犬上郡豊郷町","石畑"],"5291237":[25,"愛知郡愛荘町","西出"],"5290412":[25,"伊香郡木之本町","石道"],"5291415":[25,"東近江市","五個荘五位田町"],"5291615":[25,"蒲生郡日野町","小野"],"5291174":[25,"犬上郡豊郷町","下枝"],"5291536":[25,"東近江市","合戸町"],"5291522":[25,"東近江市","鋳物師町"],"5291834":[25,"甲賀市","信楽町杉山"],"5291608":[25,"蒲生郡日野町","大谷"],"5290536":[25,"伊香郡余呉町","池原"],"5290112":[25,"東浅井郡虎姫町","宮部"],"5290424":[25,"伊香郡木之本町","廣瀬"],"5290354":[25,"東浅井郡湖北町","山本"],"5291206":[25,"愛知郡愛荘町","蚊野"],"5291311":[25,"愛知郡愛荘町","石橋"],"5291656":[25,"蒲生郡日野町","増田"],"5291565":[25,"東近江市","外原町"],"5290332":[25,"東浅井郡湖北町","青名"],"5291634":[25,"蒲生郡日野町","深山口"],"5291495":[25,"東近江市","宮荘町","６１０"],"5290521":[25,"伊香郡余呉町","下余呉"],"5291202":[25,"愛知郡愛荘町","松尾寺"],"5291411":[25,"東近江市","五個荘河曲町"],"5290232":[25,"伊香郡高月町","落川"],"5290514":[25,"伊香郡余呉町","下丹生"],"5291802":[25,"甲賀市","信楽町黄瀬"],"5290435":[25,"伊香郡木之本町","赤尾"],"5291561":[25,"東近江市","稲垂町"],"5290525":[25,"伊香郡余呉町","文室"],"5291811":[25,"甲賀市","信楽町江田"],"5291228":[25,"愛知郡愛荘町","矢守"],"5291423":[25,"東近江市","五個荘奥町"],"5290708":[25,"伊香郡西浅井町","沓掛"],"5290122":[25,"東浅井郡虎姫町","酢"],"5291213":[25,"愛知郡愛荘町","沖"],"5291533":[25,"東近江市","市子沖町"],"5290423":[25,"伊香郡木之本町","千田"],"5291624":[25,"蒲生郡日野町","平子"],"5291655":[25,"蒲生郡日野町","石原"],"5291211":[25,"愛知郡愛荘町","香之庄"],"5290221":[25,"伊香郡高月町","高野"],"5291616":[25,"蒲生郡日野町","奥師"],"5291100":[25,"犬上郡豊郷町",""],"5290132":[25,"東浅井郡虎姫町","長田"],"5291421":[25,"東近江市","五個荘竜田町"],"5291631":[25,"蒲生郡日野町","鎌掛"],"5291803":[25,"甲賀市","信楽町牧"],"5291644":[25,"蒲生郡日野町","内池"],"5291321":[25,"愛知郡愛荘町","豊満"],"5291201":[25,"愛知郡愛荘町","斧磨"],"5291571":[25,"東近江市","川合町"],"5291648":[25,"蒲生郡日野町","いせの"],"5291231":[25,"愛知郡愛荘町","円城寺"],"5291233":[25,"愛知郡愛荘町","東出"],"5291151":[25,"彦根市","楡町"],"5291502":[25,"東近江市","平林町"],"5290253":[25,"伊香郡高月町","西阿閉"],"5290214":[25,"伊香郡高月町","洞戸"],"5290726":[25,"伊香郡西浅井町","菅浦"],"5291403":[25,"東近江市","五個荘日吉町"],"5290322":[25,"東浅井郡湖北町","小今"],"5290511":[25,"伊香郡余呉町","菅並"],"5291161":[25,"犬上郡豊郷町","四十九院"],"5291381":[25,"愛知郡愛荘町","市","７０１"],"5290365":[25,"東浅井郡湖北町","今西"],"5290532":[25,"伊香郡余呉町","椿坂"],"5291692":[25,"蒲生郡日野町","大字中在寺","１２２５"],"5290311":[25,"東浅井郡湖北町","美濃山"],"5291155":[25,"彦根市","賀田山町"],"5291831":[25,"甲賀市","信楽町西"],"5291314":[25,"愛知郡愛荘町","中宿"],"5290402":[25,"伊香郡木之本町","杉野"],"5291432":[25,"東近江市","五個荘新堂町"],"5290706":[25,"伊香郡西浅井町","余"],"5290415":[25,"伊香郡木之本町","大見"],"5291445":[25,"東近江市","五個荘清水鼻町"],"5291208":[25,"愛知郡愛荘町","竹原"],"5291325":[25,"愛知郡愛荘町","東円堂"],"5291598":[25,"東近江市","鈴町","１１２０"],"5291441":[25,"東近江市","五個荘川並町"],"5290133":[25,"東浅井郡虎姫町","旭町"],"5290274":[25,"伊香郡高月町","松尾"],"5291652":[25,"蒲生郡日野町","小御門"],"5291173":[25,"犬上郡豊郷町","高野瀬"],"5291618":[25,"蒲生郡日野町","鳥居平"],"5290533":[25,"伊香郡余呉町","柳ケ瀬"],"5291512":[25,"東近江市","大塚町"],"5291605":[25,"蒲生郡日野町","小井口"],"5291223":[25,"愛知郡愛荘町","島川"],"5291393":[25,"愛知郡愛荘町","長野","３８０"],"5290314":[25,"東浅井郡湖北町","留目"],"5291698":[25,"蒲生郡日野町","河原","１丁目１番地"],"5290434":[25,"伊香郡木之本町","北布施"],"5291607":[25,"蒲生郡日野町","木津"],"5290143":[25,"東浅井郡虎姫町","本町"],"5291493":[25,"東近江市","五個荘簗瀬町","１１－３"],"5291836":[25,"甲賀市","信楽町柞原"],"5290315":[25,"東浅井郡湖北町","別所"],"5290411":[25,"伊香郡木之本町","古橋"],"5291315":[25,"愛知郡愛荘町","沓掛"],"5291541":[25,"東近江市","蒲生堂町"],"5291625":[25,"蒲生郡日野町","蔵王"],"5291654":[25,"蒲生郡日野町","小谷"],"5291609":[25,"蒲生郡日野町","中道"],"5291412":[25,"東近江市","五個荘和田町"],"5290346":[25,"東浅井郡湖北町","南速水"],"5291814":[25,"甲賀市","信楽町田代"],"5290702":[25,"伊香郡西浅井町","祝山"],"5290522":[25,"伊香郡余呉町","坂口"],"5291617":[25,"蒲生郡日野町","中之郷"],"5290251":[25,"伊香郡高月町","宇根"],"5291224":[25,"愛知郡愛荘町","長塚"],"5291312":[25,"愛知郡愛荘町","川久保"],"5291610":[25,"蒲生郡日野町","奥之池"],"5290725":[25,"伊香郡西浅井町","黒山"],"5291663":[25,"蒲生郡日野町","北脇"],"5291324":[25,"愛知郡愛荘町","苅間"],"5291203":[25,"愛知郡愛荘町","上蚊野"],"5291614":[25,"蒲生郡日野町","原"],"5291532":[25,"東近江市","市子松井町"],"5291165":[25,"犬上郡豊郷町","吉田"],"5290271":[25,"伊香郡高月町","熊野"],"5291604":[25,"蒲生郡日野町","村井"],"5290714":[25,"伊香郡西浅井町","小山"],"5291537":[25,"東近江市","市子殿町"],"5290526":[25,"伊香郡余呉町","国安"],"5291562":[25,"東近江市","木村町"],"5291401":[25,"東近江市","五個荘石馬寺町"],"5291665":[25,"蒲生郡日野町","野出"],"5291551":[25,"東近江市","宮川町"],"5291514":[25,"東近江市","蒲生大森町"],"5291835":[25,"甲賀市","信楽町中野"],"5291641":[25,"蒲生郡日野町","日田"],"5290100":[25,"東浅井郡虎姫町",""],"5290303":[25,"東浅井郡湖北町","二俣"],"5291212":[25,"愛知郡愛荘町","元持"],"5291156":[25,"彦根市","清崎町"],"5291172":[25,"犬上郡豊郷町","安食南"],"5291662":[25,"蒲生郡日野町","中在寺"],"5291431":[25,"東近江市","五個荘山本町"],"5290252":[25,"伊香郡高月町","東阿閉"],"5290201":[25,"伊香郡高月町","横山"],"5291154":[25,"彦根市","千尋町"],"5291572":[25,"東近江市","桜川西町"],"5291207":[25,"愛知郡愛荘町","岩倉"],"5290111":[25,"東浅井郡虎姫町","三川"],"5290513":[25,"伊香郡余呉町","摺墨"],"5290312":[25,"東浅井郡湖北町","郡上"],"5290215":[25,"伊香郡高月町","尾山"],"5291647":[25,"蒲生郡日野町","別所"],"5290300":[25,"東浅井郡湖北町",""],"5291628":[25,"蒲生郡日野町","西大路"],"5291804":[25,"甲賀市","信楽町勅旨"],"5290362":[25,"東浅井郡湖北町","津里"],"5291892":[25,"甲賀市","信楽町長野","１２０３"],"5291611":[25,"蒲生郡日野町","杣"],"5290275":[25,"伊香郡高月町","重則"],"5291236":[25,"愛知郡愛荘町","深草"],"5291227":[25,"愛知郡愛荘町","野々目"],"5290101":[25,"東浅井郡虎姫町","唐国"],"5290414":[25,"伊香郡木之本町","川合"],"5290433":[25,"伊香郡木之本町","西山"],"5291523":[25,"東近江市","上麻生町"],"5291162":[25,"犬上郡豊郷町","八町"],"5290265":[25,"伊香郡高月町","西柳野"],"5290204":[25,"伊香郡高月町","布施"],"5291442":[25,"東近江市","五個荘塚本町"],"5290342":[25,"東浅井郡湖北町","高田"],"5290222":[25,"伊香郡高月町","雨森"],"5290142":[25,"東浅井郡虎姫町","田"],"5290422":[25,"伊香郡木之本町","田部"],"5290493":[25,"伊香郡木之本町","大字黒田","１２２１"],"5291503":[25,"東近江市","綺田町"],"5290123":[25,"東浅井郡虎姫町","西大井"],"5290531":[25,"伊香郡余呉町","中河内"],"5291592":[25,"東近江市","市子川原町","６７６番地"],"5291435":[25,"東近江市","五個荘伊野部町"],"5291841":[25,"甲賀市","信楽町上朝宮"],"5291300":[25,"愛知郡愛荘町",""],"5290343":[25,"東浅井郡湖北町","小倉"],"5290261":[25,"伊香郡高月町","東物部"],"5291424":[25,"東近江市","五個荘三俣町"],"5290364":[25,"東浅井郡湖北町","尾上"],"5291657":[25,"蒲生郡日野町","豊田"],"5290272":[25,"伊香郡高月町","片山"],"5290205":[25,"伊香郡高月町","唐川"],"5291492":[25,"東近江市","五個荘竜田町","２－３"],"5291234":[25,"愛知郡愛荘町","安孫子"],"5291331":[25,"愛知郡愛荘町","愛知川"],"5290707":[25,"伊香郡西浅井町","集福寺"],"5290711":[25,"伊香郡西浅井町","岩熊"],"5290705":[25,"伊香郡西浅井町","横波"],"5290502":[25,"伊香郡余呉町","尾羽梨"],"5291597":[25,"東近江市","石塔町","９８３－１５０"],"5291214":[25,"愛知郡愛荘町","宮後"],"5290223":[25,"伊香郡高月町","馬上"],"5291613":[25,"蒲生郡日野町","川原"],"5290701":[25,"伊香郡西浅井町","塩津浜"],"5291501":[25,"東近江市","石塔町"],"5290211":[25,"伊香郡高月町","保延寺"],"5290234":[25,"伊香郡高月町","柏原"],"5291832":[25,"甲賀市","信楽町小川出"],"5291606":[25,"蒲生郡日野町","寺尻"],"5291232":[25,"愛知郡愛荘町","常安寺"],"5291658":[25,"蒲生郡日野町","中山"],"5291563":[25,"東近江市","横山町"],"5290403":[25,"伊香郡木之本町","音羽"],"5291842":[25,"甲賀市","信楽町下朝宮"],"5291513":[25,"東近江市","田井町"],"5291636":[25,"蒲生郡日野町","清田"],"5290262":[25,"伊香郡高月町","西物部"],"5290426":[25,"伊香郡木之本町","黒田"],"5290367":[25,"東浅井郡湖北町","海老江"],"5291813":[25,"甲賀市","信楽町畑"],"5290341":[25,"東浅井郡湖北町","速水"],"5291386":[25,"愛知郡愛荘町","愛知川","８２１－１"],"5291626":[25,"蒲生郡日野町","音羽"],"5290200":[25,"伊香郡高月町",""],"5291235":[25,"愛知郡愛荘町","目加田"],"5291524":[25,"東近江市","下麻生町"],"5291511":[25,"東近江市","桜川東町"],"5291632":[25,"蒲生郡日野町","上駒月"],"5290345":[25,"東浅井郡湖北町","大安寺"],"5291323":[25,"愛知郡愛荘町","畑田"],"5290304":[25,"東浅井郡湖北町","丁野"],"5291204":[25,"愛知郡愛荘町","蚊野外"],"5290361":[25,"東浅井郡湖北町","石川"],"5290523":[25,"伊香郡余呉町","川並"],"5291534":[25,"東近江市","鈴町"],"5291633":[25,"蒲生郡日野町","下駒月"],"5290321":[25,"東浅井郡湖北町","賀"],"5290292":[25,"伊香郡高月町","大字高月","１９７９"],"5291603":[25,"蒲生郡日野町","大窪"],"5290437":[25,"伊香郡木之本町","飯浦"],"5291195":[25,"彦根市","清崎町","６０"],"5291166":[25,"犬上郡豊郷町","上枝"],"5290366":[25,"東浅井郡湖北町","延勝寺"],"5291653":[25,"蒲生郡日野町","三十坪"],"5291642":[25,"蒲生郡日野町","上野田"],"5290273":[25,"伊香郡高月町","西野"],"5290363":[25,"東浅井郡湖北町","東尾上"],"5291177":[25,"犬上郡豊郷町","三ツ池"],"5291226":[25,"愛知郡愛荘町","南野々目"],"5290715":[25,"伊香郡西浅井町","山田"],"5291221":[25,"愛知郡愛荘町","下八木"],"5290724":[25,"伊香郡西浅井町","山門"],"5290333":[25,"東浅井郡湖北町","今"],"5291425":[25,"東近江市","五個荘石川町"],"5290231":[25,"伊香郡高月町","森本"],"5290425":[25,"伊香郡木之本町","木之本"],"5290400":[25,"伊香郡木之本町",""],"5291851":[25,"甲賀市","信楽町長野"],"5291801":[25,"甲賀市","信楽町宮町"],"5290722":[25,"伊香郡西浅井町","庄"],"5290317":[25,"東浅井郡湖北町","山脇"],"5291422":[25,"東近江市","五個荘小幡町"],"5290792":[25,"伊香郡西浅井町","大字大浦","２５９０"],"5290432":[25,"伊香郡木之本町","田居"],"5291661":[25,"蒲生郡日野町","安部居"],"5290413":[25,"伊香郡木之本町","小山"],"5290503":[25,"伊香郡余呉町","奥川並"],"5290537":[25,"伊香郡余呉町","新堂"],"5290203":[25,"伊香郡高月町","磯野"],"5290506":[25,"伊香郡余呉町","鷲見"],"5291434":[25,"東近江市","五個荘平阪町"],"5290492":[25,"伊香郡木之本町","大字木之本","１７５７－２"],"5291153":[25,"彦根市","太堂町"],"5290527":[25,"伊香郡余呉町","東野"],"5291388":[25,"愛知郡愛荘町","愛知川","６５８"],"5291413":[25,"東近江市","五個荘簗瀬町"],"5291621":[25,"蒲生郡日野町","西明寺"],"5291833":[25,"甲賀市","信楽町小川"],"5290316":[25,"東浅井郡湖北町","河毛"],"5291168":[25,"犬上郡豊郷町","八目"],"5291600":[25,"蒲生郡日野町",""],"5290535":[25,"伊香郡余呉町","今市"],"5291504":[25,"東近江市","蒲生寺町"],"5291531":[25,"東近江市","市子川原町"],"5291821":[25,"甲賀市","信楽町多羅尾"],"5290351":[25,"東浅井郡湖北町","大光寺"],"5290141":[25,"東浅井郡虎姫町","五村"],"5291163":[25,"犬上郡豊郷町","雨降野"],"5290431":[25,"伊香郡木之本町","大音"],"5290331":[25,"東浅井郡湖北町","八日市"],"5290723":[25,"伊香郡西浅井町","中"],"5290212":[25,"伊香郡高月町","井口"],"5291433":[25,"東近江市","五個荘木流町"],"5290501":[25,"伊香郡余呉町","針川"],"5291521":[25,"東近江市","蒲生岡本町"],"5291564":[25,"東近江市","宮井町"],"5291302":[25,"愛知郡愛荘町","川原"],"5290263":[25,"伊香郡高月町","東柳野"],"5290233":[25,"伊香郡高月町","渡岸寺"],"5290704":[25,"伊香郡西浅井町","塩津中"],"5290712":[25,"伊香郡西浅井町","月出"],"5291619":[25,"蒲生郡日野町","佐久良"],"5291627":[25,"蒲生郡日野町","仁本木"],"5290515":[25,"伊香郡余呉町","中之郷"],"5291175":[25,"犬上郡豊郷町","沢"],"5291405":[25,"東近江市","五個荘金堂町"],"5290264":[25,"伊香郡高月町","柳野中"],"5290700":[25,"伊香郡西浅井町",""],"5291643":[25,"蒲生郡日野町","里口"],"5290334":[25,"東浅井郡湖北町","沢"],"5290121":[25,"東浅井郡虎姫町","五"],"5290344":[25,"東浅井郡湖北町","馬渡"],"5291205":[25,"愛知郡愛荘町","軽野"],"5291171":[25,"犬上郡豊郷町","安食西"],"5291602":[25,"蒲生郡日野町","河原"],"5291812":[25,"甲賀市","信楽町神山"],"5290436":[25,"伊香郡木之本町","山梨子"],"5291176":[25,"犬上郡豊郷町","大町"],"5291535":[25,"東近江市","上南町"],"5290524":[25,"伊香郡余呉町","八戸"],"5290102":[25,"東浅井郡虎姫町","月ケ瀬"],"5291646":[25,"蒲生郡日野町","猫田"],"5290404":[25,"伊香郡木之本町","杉本"],"5290302":[25,"東浅井郡湖北町","下山田"],"5290301":[25,"東浅井郡湖北町","上山田"],"5290401":[25,"伊香郡木之本町","金居原"],"5290202":[25,"伊香郡高月町","東高田"],"5291444":[25,"東近江市","五個荘石塚町"],"5290498":[25,"伊香郡木之本町","大字黒田","３１３－２"],"5290353":[25,"東浅井郡湖北町","田中"],"5291167":[25,"犬上郡豊郷町","杉"],"5291651":[25,"蒲生郡日野町","山本"],"5291222":[25,"愛知郡愛荘町","北八木"],"5291322":[25,"愛知郡愛荘町","平居"],"5290131":[25,"東浅井郡虎姫町","柿ノ木"],"5290421":[25,"伊香郡木之本町","アツトリ"],"5291612":[25,"蒲生郡日野町","杉"],"5291622":[25,"蒲生郡日野町","北畑"],"5291225":[25,"愛知郡愛荘町","栗田"],"5291843":[25,"甲賀市","信楽町宮尻"],"5290213":[25,"伊香郡高月町","持寺"],"5290313":[25,"東浅井郡湖北町","伊部"],"5290534":[25,"伊香郡余呉町","小谷"],"5290504":[25,"伊香郡余呉町","田戸"],"5291382":[25,"愛知郡愛荘町","東円堂","土武５３３－３"],"5291623":[25,"蒲生郡日野町","熊野"],"5291635":[25,"蒲生郡日野町","迫"],"5291303":[25,"愛知郡愛荘町","長野"],"5291414":[25,"東近江市","五個荘中町"],"5290541":[25,"伊香郡木之本町","飯浦"],"5291383":[25,"愛知郡愛荘町","東円堂","９６１"],"5290241":[25,"伊香郡高月町","高月"],"5290500":[25,"伊香郡余呉町",""],"5290113":[25,"東浅井郡虎姫町","大井"],"5291313":[25,"愛知郡愛荘町","市"],"5290721":[25,"伊香郡西浅井町","大浦"],"5290703":[25,"伊香郡西浅井町","野坂"],"5290352":[25,"東浅井郡湖北町","五坪"],"5290512":[25,"伊香郡余呉町","上丹生"],"5291152":[25,"彦根市","安食中町"],"5290144":[25,"東浅井郡虎姫町","大寺"]}
