{"0620020":[1,"札幌市豊平区","月寒中央通"],"0620054":[1,"札幌市豊平区","月寒東四条"],"0620907":[1,"札幌市豊平区","豊平七条"],"0628539":[1,"札幌市豊平区","平岸三条","７丁目９番６号"],"0628517":[1,"札幌市豊平区","月寒東二条","１７丁目２番１号"],"0620035":[1,"札幌市豊平区","西岡五条"],"0628610":[1,"札幌市豊平区","平岸一条","１２丁目"],"0620004":[1,"札幌市豊平区","美園四条"],"0620053":[1,"札幌市豊平区","月寒東三条"],"0620021":[1,"札幌市豊平区","月寒西一条"],"0620003":[1,"札幌市豊平区","美園三条"],"0620922":[1,"札幌市豊平区","中の島二条"],"0628622":[1,"札幌市豊平区","平岸三条","５丁目４番２２号"],"0620002":[1,"札幌市豊平区","美園二条"],"0620034":[1,"札幌市豊平区","西岡四条"],"0628530":[1,"札幌市豊平区","福住一条","４丁目１３番１３号"],"0628605":[1,"札幌市豊平区","旭町","４丁目"],"0628686":[1,"札幌市豊平区","福住一条","４丁目１３番１３号"],"0620025":[1,"札幌市豊平区","月寒西五条"],"0628617":[1,"札幌市豊平区","豊平六条","６丁目"],"0628655":[1,"札幌市豊平区","羊ケ丘","１番地"],"0620000":[1,"札幌市豊平区",""],"0628642":[1,"札幌市豊平区","平岸三条","２丁目１番２４号"],"0620909":[1,"札幌市豊平区","豊平九条"],"0620936":[1,"札幌市豊平区","平岸六条"],"0620052":[1,"札幌市豊平区","月寒東二条"],"0620051":[1,"札幌市豊平区","月寒東一条"],"0620937":[1,"札幌市豊平区","平岸七条"],"0620022":[1,"札幌市豊平区","月寒西二条"],"0620031":[1,"札幌市豊平区","西岡一条"],"0620006":[1,"札幌市豊平区","美園六条"],"0628511":[1,"札幌市豊平区","月寒東二条","８丁目３－１"],"0620904":[1,"札幌市豊平区","豊平四条"],"0628558":[1,"札幌市豊平区","月寒東一条","１４丁目１番１号"],"0620906":[1,"札幌市豊平区","豊平六条"],"0620045":[1,"札幌市豊平区","羊ケ丘"],"0620023":[1,"札幌市豊平区","月寒西三条"],"0620042":[1,"札幌市豊平区","福住二条"],"0620024":[1,"札幌市豊平区","月寒西四条"],"0628635":[1,"札幌市豊平区","平岸六条","１４丁目６４８番"],"0620008":[1,"札幌市豊平区","美園八条"],"0620901":[1,"札幌市豊平区","豊平一条"],"0620041":[1,"札幌市豊平区","福住一条"],"0628630":[1,"札幌市豊平区","水車町","２丁目２番４号"],"0628607":[1,"札幌市豊平区","豊平六条","６丁目１０番"],"0620032":[1,"札幌市豊平区","西岡二条"],"0628520":[1,"札幌市豊平区","西岡三条","７丁目３番１号"],"0628612":[1,"札幌市豊平区","平岸六条","１０丁目"],"0628501":[1,"札幌市豊平区","平岸四条","１３丁目１０番１７号"],"0620931":[1,"札幌市豊平区","平岸一条"],"0628575":[1,"札幌市豊平区","平岸二条","５丁目２－１４第５平岸グランドビル２Ｆ"],"0620912":[1,"札幌市豊平区","水車町"],"0620905":[1,"札幌市豊平区","豊平五条"],"0620938":[1,"札幌市豊平区","平岸八条"],"0628668":[1,"札幌市豊平区","月寒東一条","１６丁目１－１"],"0620932":[1,"札幌市豊平区","平岸二条"],"0628601":[1,"札幌市豊平区","旭町","４丁目１－４１"],"0628532":[1,"札幌市豊平区","福住三条","２丁目４－５"],"0620935":[1,"札幌市豊平区","平岸五条"],"0620010":[1,"札幌市豊平区","美園十条"],"0628666":[1,"札幌市豊平区","美園三条","６丁目３番１号"],"0620001":[1,"札幌市豊平区","美園一条"],"0628603":[1,"札幌市豊平区","旭町","４丁目１番４２号"],"0620009":[1,"札幌市豊平区","美園九条"],"0620011":[1,"札幌市豊平区","美園十一条"],"0628555":[1,"札幌市豊平区","羊ケ丘","１番地"],"0620933":[1,"札幌市豊平区","平岸三条"],"0628602":[1,"札幌市豊平区","平岸一条","３丁目１番３４号"],"0628618":[1,"札幌市豊平区","中の島一条","８丁目"],"0620005":[1,"札幌市豊平区","美園五条"],"0620934":[1,"札幌市豊平区","平岸四条"],"0620007":[1,"札幌市豊平区","美園七条"],"0620908":[1,"札幌市豊平区","豊平八条"],"0628514":[1,"札幌市豊平区","月寒東一条","１５丁目１６番１号"],"0620039":[1,"札幌市豊平区","西岡"],"0628633":[1,"札幌市豊平区","水車町","５丁目１０－１０"],"0628510":[1,"札幌市豊平区","月寒東一条","１８丁目５番１号"],"0628513":[1,"札幌市豊平区","月寒東一条","１５丁目７番２０号"],"0620043":[1,"札幌市豊平区","福住三条"],"0620921":[1,"札幌市豊平区","中の島一条"],"0620012":[1,"札幌市豊平区","美園十二条"],"0620033":[1,"札幌市豊平区","西岡三条"],"0628631":[1,"札幌市豊平区","平岸一条","８丁目５番１２号"],"0628608":[1,"札幌市豊平区","豊平六条","８丁目１番１１号"],"0620903":[1,"札幌市豊平区","豊平三条"],"0628624":[1,"札幌市豊平区","月寒東二条","１８丁目７番地"],"0620911":[1,"札幌市豊平区","旭町"],"0628572":[1,"札幌市豊平区","豊平五条","１１丁目１番１４"],"0620055":[1,"札幌市豊平区","月寒東五条"],"0628609":[1,"札幌市豊平区","月寒東一条","３丁目２－１０"],"0628516":[1,"札幌市豊平区","羊ケ丘","７番地"],"0620902":[1,"札幌市豊平区","豊平二条"],"0628570":[1,"札幌市豊平区","豊平六条","３丁目２番１号"]}
