{"2050012":[13,"羽村市","羽"],"2050021":[13,"羽村市","川崎"],"2050022":[13,"羽村市","双葉町"],"2050013":[13,"羽村市","富士見平"],"2058660":[13,"羽村市","緑ケ丘","３丁目１－１"],"2050023":[13,"羽村市","神明台"],"2050000":[13,"羽村市",""],"2050015":[13,"羽村市","羽中"],"2050014":[13,"羽村市","羽東"],"2058607":[13,"羽村市","栄町","３丁目１－５"],"2058606":[13,"羽村市","神明台","２丁目１－１"],"2058555":[13,"羽村市","栄町","３丁目２－１"],"2058503":[13,"羽村市","緑ケ丘","３丁目５－８"],"2058501":[13,"羽村市","栄町","３丁目４－３"],"2058666":[13,"羽村市","栄町","３丁目２－３"],"2050016":[13,"羽村市","羽加美"],"2050002":[13,"羽村市","栄町"],"2050017":[13,"羽村市","羽西"],"2050003":[13,"羽村市","緑ケ丘"],"2058603":[13,"羽村市","神明台","４丁目９－８"],"2050001":[13,"羽村市","小作台"],"2050011":[13,"羽村市","五ノ神"],"2058511":[13,"羽村市","栄町","３丁目４"],"2050024":[13,"羽村市","玉川"],"2058604":[13,"羽村市","神明台","４丁目７－１５"],"2058601":[13,"羽村市","緑ケ丘","５丁目２－１"]}
