{"1618554":[13,"新宿区","下落合","２丁目１－６"],"1618557":[13,"新宿区","下落合","１丁目２－４"],"1618525":[13,"新宿区","中落合","２丁目７－５"],"1618520":[13,"新宿区","中落合","１丁目６－１２"],"1618508":[13,"新宿区","上落合","３丁目１０－８"],"1618556":[13,"新宿区","下落合","１丁目７－７"],"1618541":[13,"新宿区","下落合","２丁目３－１８"],"1618546":[13,"新宿区","下落合","１丁目５－２２アリミノビル２Ｆ"],"1618540":[13,"新宿区","下落合","１丁目４－１０"],"1618552":[13,"新宿区","下落合","１丁目１－１"],"1618570":[13,"新宿区","西落合","３丁目９－１９"],"1618558":[13,"新宿区","下落合","２丁目６－２２"],"1618528":[13,"新宿区","中落合","２丁目７－１"],"1610032":[13,"新宿区","中落合"],"1618551":[13,"新宿区","下落合","１丁目８－２"],"1618553":[13,"新宿区","下落合","３丁目２２－１５"],"1618521":[13,"新宿区","中落合","２丁目５－１"],"1618531":[13,"新宿区","中落合","３丁目１５－１５"],"1610033":[13,"新宿区","下落合"],"1618560":[13,"新宿区","西落合","１丁目３１－４"],"1610034":[13,"新宿区","上落合"],"1618511":[13,"新宿区","上落合","２丁目２６－５"],"1618575":[13,"新宿区","西落合","２丁目１８－１２"],"1610031":[13,"新宿区","西落合"],"1610035":[13,"新宿区","中井"],"1618565":[13,"新宿区","西落合","１丁目２０－８"],"1618567":[13,"新宿区","西落合","２丁目１－１２"],"1618510":[13,"新宿区","上落合","１丁目１６－７ＮＫビル７Ｆ"],"1618545":[13,"新宿区","下落合","２丁目３－１８"],"1618539":[13,"新宿区","中落合","４丁目３１－１"]}
