{"3900864":[20,"松本市","宮渕本村"],"3901197":[20,"松本市","大字今井","６９５５"],"3900836":[20,"松本市","高宮北"],"3901701":[20,"松本市","梓川倭"],"3900828":[20,"松本市","庄内"],"3901103":[20,"東筑摩郡朝日村","針尾"],"3900846":[20,"松本市","南原"],"3900834":[20,"松本市","高宮中"],"3908501":[20,"松本市","本庄","１丁目５－１４"],"3900313":[20,"松本市","岡田下岡田"],"3901703":[20,"松本市","梓川上野"],"3908602":[20,"松本市","美須々","２－１"],"3901183":[20,"松本市","大字今井","７１６０"],"3901514":[20,"松本市","安曇"],"3900841":[20,"松本市","渚"],"3900832":[20,"松本市","南松本"],"3900304":[20,"松本市","大村"],"3900811":[20,"松本市","中央"],"3901186":[20,"松本市","大字今井","松本道７１１０－４８"],"3900861":[20,"松本市","蟻ケ崎"],"3901611":[20,"松本市","奈川"],"3901394":[20,"東筑摩郡山形村","","字北野尻７９７７"],"3901504":[20,"松本市","安曇"],"3901501":[20,"松本市","安曇"],"3908712":[20,"松本市","丸の内","３－１"],"3908702":[20,"松本市","白板","２丁目５－１"],"3900867":[20,"松本市","蟻ケ崎台"],"3900316":[20,"松本市","原"],"3900805":[20,"松本市","清水"],"3900802":[20,"松本市","旭"],"3900852":[20,"松本市","島立"],"3900803":[20,"松本市","元町"],"3901131":[20,"松本市","今井"],"3908518":[20,"松本市","井川城","２丁目１－１"],"3901185":[20,"松本市","大字今井","７１１０－８０"],"3908511":[20,"松本市","深志","３丁目１０－３"],"3901182":[20,"松本市","大字今井","１５３５"],"3900823":[20,"松本市","中山"],"3908623":[20,"松本市","南松本","１丁目１３－２６"],"3900315":[20,"松本市","岡田町"],"3901100":[20,"東筑摩郡朝日村",""],"3901506":[20,"松本市","安曇"],"3901503":[20,"松本市","安曇"],"3908502":[20,"松本市","深志","３丁目１０－３"],"3901516":[20,"松本市","安曇"],"3908707":[20,"松本市","深志","２丁目５－２６"],"3908615":[20,"松本市","大手","１丁目５－５"],"3901102":[20,"東筑摩郡朝日村","小野沢"],"3908503":[20,"松本市","中央","１丁目２３－１"],"3908630":[20,"松本市","大字島内","３５０３"],"3908506":[20,"松本市","埋橋","１丁目５－３"],"3900872":[20,"松本市","北深志"],"3900842":[20,"松本市","征矢野"],"3908714":[20,"松本市","石芝","１丁目１－１"],"3900301":[20,"松本市","稲倉"],"3901592":[20,"松本市","安曇","１０６１－１"],"3900824":[20,"松本市","中山台"],"3900851":[20,"松本市","島内"],"3900844":[20,"松本市","高宮西"],"3900221":[20,"松本市","里山辺"],"3900303":[20,"松本市","浅間温泉"],"3908533":[20,"松本市","鎌田","１丁目１１－２２"],"3901511":[20,"松本市","安曇"],"3900816":[20,"松本市","中条"],"3908541":[20,"松本市","県","１丁目８－１"],"3908531":[20,"松本市","大字島立","２２３７－４"],"3908515":[20,"松本市","県","３丁目６－１"],"3901301":[20,"東筑摩郡山形村",""],"3900862":[20,"松本市","宮渕"],"3900865":[20,"松本市","新橋"],"3901243":[20,"松本市","神林"],"3900837":[20,"松本市","鎌田"],"3901193":[20,"東筑摩郡朝日村","大字小野沢","２５０"],"3908610":[20,"松本市","大字島内","３３１４"],"3900806":[20,"松本市","女鳥羽"],"3908648":[20,"松本市","城西","１丁目５－６"],"3900876":[20,"松本市","開智"],"3908543":[20,"松本市","県","２丁目１－１"],"3900821":[20,"松本市","筑摩"],"3901241":[20,"松本市","新村"],"3908639":[20,"松本市","宮渕","１丁目３－３０"],"3901298":[20,"松本市","大字和田","３９６７－１０"],"3900848":[20,"松本市","両島"],"3901393":[20,"東筑摩郡山形村","","４０８２－３"],"3908640":[20,"松本市","大字島内","４８９７"],"3908535":[20,"松本市","中央","２丁目６－１"],"3900807":[20,"松本市","城東"],"3900813":[20,"松本市","埋橋"],"3901187":[20,"松本市","大字今井","７２５０"],"3901181":[20,"松本市","大字今井","７１５５－２８"],"3901513":[20,"松本市","安曇"],"3908508":[20,"松本市","高宮西","１－１"],"3900306":[20,"松本市","南浅間"],"3900314":[20,"松本市","岡田伊深"],"3908530":[20,"松本市","庄内","３丁目４－３９"],"3908539":[20,"松本市","大字島立","８００"],"3908510":[20,"松本市","本庄","２丁目５－１"],"3908703":[20,"松本市","大手","３丁目３－９"],"3908711":[20,"松本市","渚","２丁目７－９"],"3908523":[20,"松本市","高宮北","３－６"],"3901702":[20,"松本市","梓川梓"],"3908540":[20,"松本市","渚","３丁目１０－１２"],"3900835":[20,"松本市","高宮東"],"3900826":[20,"松本市","出川町"],"3908505":[20,"松本市","巾上","９－２６"],"3908605":[20,"松本市","蟻ケ崎","１丁目１－５４"],"3900845":[20,"松本市","石芝"],"3908686":[20,"松本市","筑摩","２丁目２６－１７"],"3900827":[20,"松本市","出川"],"3900305":[20,"松本市","惣社"],"3900843":[20,"松本市","高宮南"],"3901792":[20,"松本市","梓川梓","２２８８－３"],"3900873":[20,"松本市","丸の内"],"3900804":[20,"松本市","横田"],"3908621":[20,"松本市","旭","３丁目１－１"],"3900863":[20,"松本市","白板"],"3901189":[20,"松本市","大字今井","７１５５－５５"],"3908513":[20,"松本市","大字島立","８０１"],"3900877":[20,"松本市","沢村"],"3901492":[20,"東筑摩郡波田町","","４４１７－１"],"3908701":[20,"松本市","大手","４丁目４－２"],"3900311":[20,"松本市","水汲"],"3908520":[20,"松本市","本庄","１丁目１３－５"],"3900222":[20,"松本市","入山辺"],"3900822":[20,"松本市","神田"],"3901101":[20,"東筑摩郡朝日村","西洗馬"],"3901512":[20,"松本市","安曇"],"3900815":[20,"松本市","深志"],"3901515":[20,"松本市","安曇"],"3901132":[20,"松本市","空港東"],"3901392":[20,"東筑摩郡山形村","","２０３０－１"],"3901520":[20,"松本市","安曇"],"3901295":[20,"松本市","大字新村","２０９５－１"],"3900817":[20,"松本市","巾上"],"3900317":[20,"松本市","洞"],"3900302":[20,"松本市","三才山"],"3900866":[20,"松本市","城山"],"3900871":[20,"松本市","桐"],"3908603":[20,"松本市","蟻ケ崎","３丁目８－１"],"3901293":[20,"松本市","大字和田","４０１０－１０"],"3900875":[20,"松本市","城西"],"3908710":[20,"松本市","城西","２丁目１－２０"],"3900312":[20,"松本市","岡田松岡"],"3908528":[20,"松本市","高宮北","４－１０"],"3900847":[20,"松本市","笹部"],"3900874":[20,"松本市","大手"],"3901188":[20,"東筑摩郡朝日村","大字小野沢","２９６－５"],"3900825":[20,"松本市","並柳"],"3900831":[20,"松本市","井川城"],"3900812":[20,"松本市","県"],"3901401":[20,"東筑摩郡波田町",""],"3908525":[20,"松本市","筑摩","４丁目１１－１"],"3908611":[20,"松本市","丸の内","４－１８"],"3901198":[20,"松本市","大字今井","７１１０－４５"],"3901242":[20,"松本市","和田"],"3900833":[20,"松本市","双葉"],"3908722":[20,"松本市","中央","３丁目２－２７"],"3901507":[20,"松本市","安曇"],"3908601":[20,"松本市","開智","２丁目３－５０"],"3901104":[20,"東筑摩郡朝日村","古見"],"3908555":[20,"松本市","南松本","１丁目２－１６"],"3908507":[20,"松本市","深志","２丁目３－１"],"3908715":[20,"松本市","大手","３丁目５－１５"],"3900814":[20,"松本市","本庄"],"3901502":[20,"松本市","安曇"],"3908620":[20,"松本市","丸の内","３－７"],"3900801":[20,"松本市","美須々"]}
