{"3250044":[9,"那須塩原市","弥生町"],"3250057":[9,"那須塩原市","黒磯幸町"],"3250031":[9,"那須塩原市","並木町"],"3250048":[9,"那須塩原市","材木町"],"3250301":[9,"那須郡那須町","湯本"],"3250102":[9,"那須塩原市","亀山"],"3250046":[9,"那須塩原市","大黒町"],"3250111":[9,"那須塩原市","板室"],"3250072":[9,"那須塩原市","豊住町"],"3250053":[9,"那須塩原市","本郷町"],"3250035":[9,"那須塩原市","小結"],"3250302":[9,"那須郡那須町","高久丙"],"3250002":[9,"那須郡那須町","高久丙"],"3250022":[9,"那須塩原市","東豊浦"],"3250043":[9,"那須塩原市","橋本町"],"3250105":[9,"那須塩原市","箕輪"],"3250108":[9,"那須塩原市","箭坪"],"3250051":[9,"那須塩原市","豊町"],"3250024":[9,"那須塩原市","渡辺"],"3250118":[9,"那須塩原市","鴫内"],"3250025":[9,"那須塩原市","下厚崎"],"3250114":[9,"那須塩原市","戸田"],"3250026":[9,"那須塩原市","上厚崎"],"3250052":[9,"那須塩原市","中央町"],"3250304":[9,"那須郡那須町","高久甲"],"3250064":[9,"那須塩原市","豊浦町"],"3250076":[9,"那須塩原市","西新町"],"3250392":[9,"那須郡那須町","大字湯本","２０３"],"3250034":[9,"那須塩原市","東原"],"3250395":[9,"那須郡那須町","大字湯本","２１２"],"3250113":[9,"那須塩原市","細竹"],"3250054":[9,"那須塩原市","新朝日"],"3250042":[9,"那須塩原市","桜町"],"3250074":[9,"那須塩原市","松浦町"],"3250041":[9,"那須塩原市","東大和町"],"3250039":[9,"那須塩原市","北栄町"],"3250065":[9,"那須塩原市","豊浦南町"],"3250393":[9,"那須郡那須町","大字湯本","５７９"],"3250027":[9,"那須塩原市","共墾社"],"3250115":[9,"那須塩原市","百村"],"3250104":[9,"那須塩原市","鹿野崎新田"],"3250037":[9,"那須塩原市","美原町"],"3250116":[9,"那須塩原市","木綿畑"],"3250071":[9,"那須塩原市","新町"],"3250075":[9,"那須塩原市","春日町"],"3250033":[9,"那須塩原市","埼玉"],"3250063":[9,"那須塩原市","豊浦中町"],"3250015":[9,"那須塩原市","原町"],"3250112":[9,"那須塩原市","油井"],"3250013":[9,"那須塩原市","鍋掛"],"3250062":[9,"那須塩原市","住吉町"],"3250397":[9,"那須郡那須町","大字高久丙","４１４－２"],"3250398":[9,"那須郡那須町","大字高久乙","字遅山３３７６"],"3250014":[9,"那須塩原市","野間"],"3250073":[9,"那須塩原市","阿波町"],"3250032":[9,"那須塩原市","若草町"],"3250101":[9,"那須塩原市","西岩崎"],"3250058":[9,"那須塩原市","錦町"],"3250012":[9,"那須塩原市","越堀"],"3250117":[9,"那須塩原市","湯宮"],"3250000":[9,"那須塩原市",""],"3250061":[9,"那須塩原市","末広町"],"3250023":[9,"那須塩原市","豊浦"],"3250036":[9,"那須塩原市","鳥野目"],"3250055":[9,"那須塩原市","宮町"],"3250038":[9,"那須塩原市","豊浦北町"],"3250017":[9,"那須塩原市","黒磯"],"3250016":[9,"那須塩原市","東栄"],"3250003":[9,"那須郡那須町","寺子乙"],"3250011":[9,"那須塩原市","寺子"],"3250047":[9,"那須塩原市","若葉町"],"3250001":[9,"那須郡那須町","高久甲"],"3250303":[9,"那須郡那須町","高久乙"],"3250067":[9,"那須塩原市","清住町"],"3250066":[9,"那須塩原市","新緑町"],"3250021":[9,"那須塩原市","安藤町"],"3250106":[9,"那須塩原市","洞島"],"3250103":[9,"那須塩原市","青木"],"3250045":[9,"那須塩原市","高砂町"],"3250107":[9,"那須塩原市","高林"],"3250056":[9,"那須塩原市","本町"]}
