{"0130345":[5,"横手市","大雄本庄道北堰間"],"0130019":[5,"横手市","二葉町"],"0130362":[5,"横手市","大雄柏木下"],"0130436":[5,"横手市","大雄小林西"],"0130443":[5,"横手市","大雄高津野"],"0130215":[5,"横手市","雄物川町常野"],"0130461":[5,"横手市","大雄三村東"],"0130327":[5,"横手市","大雄焼野"],"0130448":[5,"横手市","大雄乗阿気下"],"0130411":[5,"横手市","大雄剰水東"],"0130104":[5,"横手市","平鹿町樽見内"],"0130069":[5,"横手市","三枚橋"],"0130001":[5,"横手市","杉沢"],"0130011":[5,"横手市","城西町"],"0130309":[5,"横手市","大雄佐加里南"],"0130405":[5,"横手市","大雄南四津屋"],"0130214":[5,"横手市","雄物川町柏木"],"0130466":[5,"横手市","大雄三村"],"0130024":[5,"横手市","田中町"],"0130519":[5,"横手市","大森町持向"],"0130385":[5,"横手市","大雄万貝"],"0130344":[5,"横手市","大雄精兵西"],"0130518":[5,"横手市","大森町文天鏡田"],"0130561":[5,"横手市","大森町八沢木"],"0130425":[5,"横手市","大雄西館合"],"0130005":[5,"横手市","幸町"],"0130045":[5,"横手市","南町"],"0130203":[5,"横手市","雄物川町東里"],"0130823":[5,"横手市","下八丁"],"0130514":[5,"横手市","大森町大中島"],"0130454":[5,"横手市","大雄大谷地"],"0130474":[5,"横手市","大雄桜森"],"0130416":[5,"横手市","大雄藤巻中島"],"0130532":[5,"横手市","大森町久保"],"0130413":[5,"横手市","大雄宮田"],"0130212":[5,"横手市","雄物川町造山"],"0130333":[5,"横手市","大雄新町西"],"0130428":[5,"横手市","大雄鶴巻田"],"0130467":[5,"横手市","大雄三村西"],"0130464":[5,"横手市","大雄石持"],"0130824":[5,"横手市","下境"],"0130016":[5,"横手市","根岸町"],"0130484":[5,"横手市","大雄新処"],"0130321":[5,"横手市","大雄根田谷地西"],"0130054":[5,"横手市","柳田"],"0130523":[5,"横手市","大森町堂林"],"0130357":[5,"横手市","大雄向東"],"0130348":[5,"横手市","大雄田根森"],"0138504":[5,"横手市","旭川","１丁目５番８号"],"0130485":[5,"横手市","大雄下新処"],"0130502":[5,"横手市","大森町袴形"],"0130021":[5,"横手市","大町"],"0130562":[5,"横手市","大森町坂部"],"0130075":[5,"横手市","静町"],"0130103":[5,"横手市","平鹿町下鍋倉"],"0130442":[5,"横手市","大雄高津野下"],"0130051":[5,"横手市","大屋新町"],"0130063":[5,"横手市","婦気大堤"],"0130065":[5,"横手市","猪岡"],"0130071":[5,"横手市","八幡"],"0130382":[5,"横手市","大雄上堰東"],"0130326":[5,"横手市","大雄上田村東"],"0130031":[5,"横手市","鍛冶町"],"0130812":[5,"横手市","金沢本町"],"0130034":[5,"横手市","本郷町"],"0130421":[5,"横手市","大雄江原"],"0130306":[5,"横手市","大雄田村"],"0130408":[5,"横手市","大雄北四津屋"],"0130035":[5,"横手市","平和町"],"0130324":[5,"横手市","大雄根田谷地"],"0130813":[5,"横手市","金沢"],"0130337":[5,"横手市","大雄折橋南"],"0130412":[5,"横手市","大雄剰水"],"0130303":[5,"横手市","大雄福島南"],"0130363":[5,"横手市","大雄桜森西"],"0130417":[5,"横手市","大雄六町下"],"0130381":[5,"横手市","大雄八柏下村"],"0130002":[5,"横手市","追廻"],"0130025":[5,"横手市","寿町"],"0130341":[5,"横手市","大雄四ツ屋"],"0130406":[5,"横手市","大雄西四津屋"],"0130346":[5,"横手市","大雄四ツ屋西"],"0130482":[5,"横手市","大雄平柳"],"0130462":[5,"横手市","大雄樋脇"],"0130305":[5,"横手市","大雄柏木南"],"0130323":[5,"横手市","大雄根田谷地東"],"0130471":[5,"横手市","大雄板橋堰添"],"0130439":[5,"横手市","大雄山王西"],"0130006":[5,"横手市","新坂町"],"0130444":[5,"横手市","大雄向田東"],"0130431":[5,"横手市","大雄牛中島"],"0130822":[5,"横手市","上八丁"],"0130536":[5,"横手市","大森町真山"],"0130046":[5,"横手市","神明町"],"0130465":[5,"横手市","大雄石持下"],"0130204":[5,"横手市","雄物川町谷地新田"],"0130316":[5,"横手市","大雄潤井谷地"],"0130453":[5,"横手市","大雄三村北"],"0130531":[5,"横手市","大森町佐渡"],"0130213":[5,"横手市","雄物川町南形"],"0138503":[5,"横手市","旭川","１丁目３番４６号"],"0130374":[5,"横手市","大雄八柏中村東"],"0130447":[5,"横手市","大雄阿久戸"],"0130022":[5,"横手市","四日町"],"0130055":[5,"横手市","朝日が丘"],"0130524":[5,"横手市","大森町清水上"],"0130452":[5,"横手市","大雄大関"],"0130311":[5,"横手市","大雄中野東"],"0130202":[5,"横手市","雄物川町砂子田"],"0130422":[5,"横手市","大雄南阿気"],"0130332":[5,"横手市","大雄新町西野添"],"0130477":[5,"横手市","大雄桜森東"],"0130026":[5,"横手市","大水戸町"],"0130302":[5,"横手市","大雄新町北"],"0130061":[5,"横手市","横手町"],"0130373":[5,"横手市","大雄八柏谷地"],"0130041":[5,"横手市","大沢"],"0130486":[5,"横手市","大雄田町"],"0130543":[5,"横手市","大森町本郷"],"0130378":[5,"横手市","大雄八柏街道添"],"0130064":[5,"横手市","赤坂"],"0130076":[5,"横手市","杉目"],"0130012":[5,"横手市","城山町"],"0130475":[5,"横手市","大雄桜森前"],"0130517":[5,"横手市","大森町高口下水戸堤"],"0130459":[5,"横手市","大雄赤沼"],"0130036":[5,"横手市","駅前町"],"0130331":[5,"横手市","大雄東高津野"],"0130351":[5,"横手市","大雄上田村"],"0130336":[5,"横手市","大雄傾城塚南"],"0130811":[5,"横手市","安本"],"0130317":[5,"横手市","大雄大戸川端"],"0130521":[5,"横手市","大森町大森"],"0130541":[5,"横手市","大森町中嶋"],"0130418":[5,"横手市","大雄六町東"],"0130359":[5,"横手市","大雄柏木"],"0130072":[5,"横手市","卸町"],"0130498":[5,"横手市","大雄","字高津野１７５"],"0130429":[5,"横手市","大雄宮小路"],"0130073":[5,"横手市","赤川"],"0130445":[5,"横手市","大雄向田"],"0130501":[5,"横手市","大森町板井田"],"0130814":[5,"横手市","金沢中野"],"0130013":[5,"横手市","城南町"],"0130826":[5,"横手市","黒川"],"0130205":[5,"横手市","雄物川町今宿"],"0130032":[5,"横手市","清川町"],"0130007":[5,"横手市","大鳥町"],"0130313":[5,"横手市","大雄大森道北"],"0138602":[5,"横手市","根岸町","５番３１号"],"0130468":[5,"横手市","大雄中谷地"],"0130513":[5,"横手市","大森町湯ノ島"],"0130376":[5,"横手市","大雄八柏馬道添"],"0130503":[5,"横手市","大森町十日町"],"0130404":[5,"横手市","大雄上柏木"],"0130441":[5,"横手市","大雄野中"],"0130048":[5,"横手市","安田原町"],"0130535":[5,"横手市","大森町町田"],"0130107":[5,"横手市","平鹿町下吉田"],"0130546":[5,"横手市","大森町牛ケ沢"],"0130322":[5,"横手市","大雄伝蔵村"],"0130371":[5,"横手市","大雄文蔵開"],"0130102":[5,"横手市","平鹿町醍醐"],"0130207":[5,"横手市","雄物川町矢神"],"0130487":[5,"横手市","大雄下田町"],"0130334":[5,"横手市","大雄新町"],"0130335":[5,"横手市","大雄折橋"],"0130545":[5,"横手市","大森町鯲沼"],"0130414":[5,"横手市","大雄藤巻"],"0130352":[5,"横手市","大雄一ノ関東"],"0130042":[5,"横手市","前郷"],"0130312":[5,"横手市","大雄中野"],"0130023":[5,"横手市","中央町"],"0130438":[5,"横手市","大雄木戸口下"],"0130423":[5,"横手市","大雄土井尻"],"0130377":[5,"横手市","大雄八柏中村"],"0130301":[5,"横手市","大雄福島"],"0130516":[5,"横手市","大森町東中島"],"0130451":[5,"横手市","大雄折橋西"],"0130211":[5,"横手市","雄物川町深井"],"0130433":[5,"横手市","大雄西中島"],"0130384":[5,"横手市","大雄八柏村表"],"0130066":[5,"横手市","塚堀"],"0130201":[5,"横手市","雄物川町会塚"],"0130542":[5,"横手市","大森町高野中島"],"0130426":[5,"横手市","大雄木戸口"],"0130308":[5,"横手市","大雄佐加里"],"0130004":[5,"横手市","明永町"],"0130456":[5,"横手市","大雄大慈寺前"],"0130512":[5,"横手市","大森町湯ノ沢"],"0130552":[5,"横手市","大森町上溝"],"0130017":[5,"横手市","蛇の崎町"],"0130068":[5,"横手市","梅の木町"],"0130349":[5,"横手市","大雄上田村西"],"0130354":[5,"横手市","大雄狐塚"],"0130027":[5,"横手市","平城町"],"0130014":[5,"横手市","上内町"],"0130106":[5,"横手市","平鹿町中吉田"],"0130458":[5,"横手市","大雄大慈寺谷地"],"0130218":[5,"横手市","雄物川町大沢"],"0130003":[5,"横手市","台所町"],"0130355":[5,"横手市","大雄上桜森"],"0130361":[5,"横手市","大雄柏木西"],"0138592":[5,"横手市","安本","字下御所野１－２"],"0130525":[5,"横手市","大森町菅生田"],"0138502":[5,"横手市","旭川","１丁目３番４１号"],"0130342":[5,"横手市","大雄精兵村"],"0130481":[5,"横手市","雄物川町薄井"],"0130101":[5,"横手市","平鹿町上吉田"],"0130044":[5,"横手市","横山町"],"0130216":[5,"横手市","雄物川町西野"],"0130435":[5,"横手市","大雄木戸口西"],"0130415":[5,"横手市","大雄藤巻西"],"0130339":[5,"横手市","大雄耳取"],"0130379":[5,"横手市","大雄八柏家間"],"0130008":[5,"横手市","睦成"],"0130534":[5,"横手市","大森町峠町頭"],"0130356":[5,"横手市","大雄一ノ関南"],"0130551":[5,"横手市","大森町猿田"],"0130037":[5,"横手市","前郷二番町"],"0130056":[5,"横手市","清水町新田"],"0130533":[5,"横手市","大森町中田"],"0138610":[5,"横手市","駅前町","１－３０"],"0130402":[5,"横手市","大雄八柏"],"0130457":[5,"横手市","大雄大慈寺東"],"0130208":[5,"横手市","雄物川町沼館"],"0130515":[5,"横手市","大森町西中島"],"0130000":[5,"横手市",""],"0130074":[5,"横手市","三本柳"],"0130033":[5,"横手市","旭川"],"0130409":[5,"横手市","大雄東四津屋"],"0130358":[5,"横手市","大雄向"],"0130372":[5,"横手市","大雄上田村南"],"0130206":[5,"横手市","雄物川町二井山"],"0130105":[5,"横手市","平鹿町浅舞"],"0130318":[5,"横手市","大雄根田谷地南"],"0130343":[5,"横手市","大雄田根森西"],"0130473":[5,"横手市","大雄東桜森"],"0130018":[5,"横手市","本町"],"0130544":[5,"横手市","大森町長助巻"],"0130446":[5,"横手市","大雄乗阿気"],"0130432":[5,"横手市","大雄東中島"],"0130488":[5,"横手市","大雄東館合"],"0130483":[5,"横手市","大雄島田"],"0138609":[5,"横手市","旭川","１丁目２番２６号"],"0130314":[5,"横手市","大雄傾城塚"],"0130338":[5,"横手市","大雄耳取西"],"0130825":[5,"横手市","百万刈"],"0130047":[5,"横手市","松原町"],"0130053":[5,"横手市","外目"],"0130424":[5,"横手市","大雄中館合"],"0130375":[5,"横手市","大雄八柏釜蓋"],"0130455":[5,"横手市","大雄大谷地西"],"0130472":[5,"横手市","大雄東阿気"],"0138501":[5,"横手市","大町","６－１６"],"0130526":[5,"横手市","大森町西野"],"0130028":[5,"横手市","朝倉町"],"0130052":[5,"横手市","大屋寺内"],"0130821":[5,"横手市","上境"],"0130315":[5,"横手市","大雄下根田谷地"],"0130043":[5,"横手市","安田"],"0130347":[5,"横手市","大雄本庄道南"],"0130437":[5,"横手市","大雄小林"],"0130434":[5,"横手市","大雄山王"],"0130522":[5,"横手市","大森町町回"],"0130427":[5,"横手市","大雄阿気"],"0130319":[5,"横手市","大雄四ツ屋東"],"0130476":[5,"横手市","大雄西桜森"],"0130062":[5,"横手市","駅南"],"0130217":[5,"横手市","雄物川町道地"],"0130038":[5,"横手市","前郷一番町"],"0130015":[5,"横手市","羽黒町"],"0130307":[5,"横手市","大雄新町東"],"0130364":[5,"横手市","大雄袋谷地"],"0130365":[5,"横手市","大雄鍛治村"],"0130304":[5,"横手市","大雄新町南"],"0130463":[5,"横手市","大雄石持前"],"0130407":[5,"横手市","大雄四津屋下"],"0130511":[5,"横手市","大森町牛中島"],"0130353":[5,"横手市","大雄一ノ関"],"0138601":[5,"横手市","前郷","字下三枚橋２６９番地"],"0130419":[5,"横手市","大雄六町"],"0130383":[5,"横手市","大雄八柏村西"],"0130325":[5,"横手市","大雄田根森東"]}
