{"0880574":[1,"白糠郡白糠町","西庶路東一条南"],"0880566":[1,"白糠郡白糠町","庶路"],"0880311":[1,"白糠郡白糠町","西一条南"],"0882593":[1,"野付郡別海町","西春別","４２－１"],"0881527":[1,"厚岸郡浜中町","新川東"],"0881535":[1,"厚岸郡浜中町","養老散布"],"0882574":[1,"野付郡別海町","西春別昭栄町"],"0883351":[1,"川上郡弟子屈町","池の湯"],"0882313":[1,"川上郡標茶町","常盤"],"0881133":[1,"厚岸郡厚岸町","太田宏陽"],"0881193":[1,"厚岸郡厚岸町","字真栄町一条","５４番地"],"0882334":[1,"川上郡標茶町","厚生"],"0881125":[1,"厚岸郡厚岸町","白浜"],"0880332":[1,"白糠郡白糠町","東二条北"],"0882725":[1,"野付郡別海町","上春別"],"0881485":[1,"厚岸郡浜中町","浜中"],"0881102":[1,"厚岸郡厚岸町","登喜岱"],"0880352":[1,"白糠郡白糠町","川島"],"0881522":[1,"厚岸郡浜中町","湯沸"],"0880582":[1,"白糠郡白糠町","中庶路"],"0881784":[1,"根室市","昆布盛"],"0883157":[1,"川上郡標茶町","磯分内憩"],"0883292":[1,"川上郡弟子屈町","中央","２丁目３番１号"],"0881782":[1,"根室市","落石東"],"0882464":[1,"川上郡標茶町","虹別"],"0880114":[1,"釧路市","音別町海光"],"0881119":[1,"厚岸郡厚岸町","住の江"],"0882301":[1,"川上郡標茶町","旭"],"0881147":[1,"厚岸郡厚岸町","太田７の通り"],"0882144":[1,"釧路郡釧路町","鳥里"],"0882272":[1,"川上郡標茶町","阿歴内原野"],"0883222":[1,"川上郡弟子屈町","弟子屈原野"],"0880107":[1,"釧路市","音別町チヤンベツ"],"0881134":[1,"厚岸郡厚岸町","太田西"],"0880322":[1,"白糠郡白糠町","西二条北"],"0880344":[1,"白糠郡白糠町","左股"],"0880333":[1,"白糠郡白糠町","東三条北"],"0880192":[1,"釧路市","音別町本町","１丁目４０"],"0881524":[1,"厚岸郡浜中町","暮帰別東"],"0880625":[1,"釧路郡釧路町","北見団地"],"0882682":[1,"標津郡中標津町","計根別"],"0882685":[1,"標津郡中標津町","西竹"],"0882565":[1,"野付郡別海町","西春別駅前寿町"],"0882721":[1,"野付郡別海町","上春別緑町"],"0882602":[1,"野付郡別海町","本別"],"0883203":[1,"川上郡弟子屈町","湯の島"],"0881128":[1,"厚岸郡厚岸町","港町"],"0881371":[1,"厚岸郡浜中町","円朱別西"],"0880321":[1,"白糠郡白糠町","西一条北"],"0882686":[1,"標津郡中標津町","俣落"],"0882156":[1,"釧路郡釧路町","遠矢南"],"0880303":[1,"白糠郡白糠町","東三条南"],"0880134":[1,"釧路市","音別町キナシ別"],"0883462":[1,"川上郡弟子屈町","川湯駅前"],"0880592":[1,"白糠郡白糠町","西庶路東三条北","３丁目"],"0882141":[1,"釧路郡釧路町","達古武"],"0881106":[1,"厚岸郡厚岸町","東梅"],"0881554":[1,"厚岸郡浜中町","霧多布西四条"],"0881511":[1,"厚岸郡浜中町","霧多布東一条"],"0880304":[1,"白糠郡白糠町","岬"],"0881364":[1,"厚岸郡浜中町","茶内若葉"],"0880101":[1,"釧路市","音別町馬主来"],"0882147":[1,"釧路郡釧路町","鳥通東"],"0880833":[1,"釧路郡釧路町","仙鳳趾村"],"0883271":[1,"川上郡弟子屈町","南弟子屈"],"0883331":[1,"川上郡弟子屈町","美留和"],"0881301":[1,"厚岸郡浜中町","一番沢"],"0880181":[1,"十勝郡浦幌町","直別"],"0880598":[1,"白糠郡白糠町","庶路甲区","６－５８４"],"0880102":[1,"釧路市","音別町中音別"],"0883226":[1,"川上郡弟子屈町","奥オソベツ"],"0881532":[1,"厚岸郡浜中町","琵琶瀬"],"0881144":[1,"厚岸郡厚岸町","太田４の通り"],"0883213":[1,"川上郡弟子屈町","桜丘"],"0880112":[1,"釧路市","音別町中音別"],"0880124":[1,"釧路市","音別町緑町"],"0882273":[1,"川上郡標茶町","西和"],"0882571":[1,"野付郡別海町","西春別幸町"],"0881113":[1,"厚岸郡厚岸町","愛冠"],"0880835":[1,"釧路郡釧路町","仙鳳趾村"],"0881145":[1,"厚岸郡厚岸町","太田５の通り"],"0880875":[1,"厚岸郡厚岸町","苫多"],"0881648":[1,"厚岸郡浜中町","姉別北"],"0882265":[1,"川上郡標茶町","シラルトロ"],"0880612":[1,"釧路郡釧路町","雁来"],"0881409":[1,"厚岸郡浜中町","走古潭"],"0880567":[1,"白糠郡白糠町","庶路"],"0883146":[1,"川上郡標茶町","磯分内下"],"0880626":[1,"釧路郡釧路町","桂"],"0882148":[1,"釧路郡釧路町","鳥通"],"0881117":[1,"厚岸郡厚岸町","御供"],"0881103":[1,"厚岸郡厚岸町","小島"],"0881367":[1,"厚岸郡浜中町","茶内旭"],"0881140":[1,"厚岸郡厚岸町","サンヌシ"],"0883221":[1,"川上郡弟子屈町","鐺別"],"0883156":[1,"川上郡標茶町","磯分内平和"],"0882304":[1,"川上郡標茶町","平和"],"0880117":[1,"釧路市","音別町朝日"],"0881646":[1,"厚岸郡浜中町","姉別"],"0881369":[1,"厚岸郡浜中町","茶内西"],"0882300":[1,"川上郡標茶町",""],"0880581":[1,"白糠郡白糠町","乳呑"],"0880393":[1,"白糠郡白糠町","西一条北","２丁目２－２３"],"0880121":[1,"釧路市","音別町若草"],"0883142":[1,"川上郡標茶町","上磯分内"],"0881405":[1,"厚岸郡浜中町","奔幌戸"],"0880617":[1,"釧路郡釧路町","北都"],"0880353":[1,"白糠郡白糠町","大沢"],"0881528":[1,"厚岸郡浜中町","新川西"],"0882684":[1,"標津郡中標津町","養老牛"],"0881370":[1,"厚岸郡浜中町","西円朱別西"],"0880395":[1,"白糠郡白糠町","東一条南","２丁目"],"0880118":[1,"釧路市","音別町中音別"],"0881129":[1,"厚岸郡厚岸町","光栄"],"0881118":[1,"厚岸郡厚岸町","若竹町"],"0880305":[1,"白糠郡白糠町","刺牛"],"0882333":[1,"川上郡標茶町","上オソツベツ"],"0880341":[1,"白糠郡白糠町","大苗"],"0881486":[1,"厚岸郡浜中町","熊牛"],"0882157":[1,"釧路郡釧路町","わらび"],"0881124":[1,"厚岸郡厚岸町","宮園"],"0882266":[1,"川上郡標茶町","茅沼"],"0880573":[1,"白糠郡白糠町","西庶路東一条北"],"0880616":[1,"釧路郡釧路町","曙"],"0880873":[1,"厚岸郡厚岸町","乙幌"],"0880312":[1,"白糠郡白糠町","西二条南"],"0881525":[1,"厚岸郡浜中町","暮帰別西"],"0882722":[1,"野付郡別海町","上春別旭町"],"0881146":[1,"厚岸郡厚岸町","太田６の通り"],"0881365":[1,"厚岸郡浜中町","茶内橋北東"],"0883215":[1,"川上郡弟子屈町","美里"],"0880628":[1,"釧路郡釧路町","東陽大通西"],"0882153":[1,"釧路郡釧路町","緑"],"0882140":[1,"釧路郡釧路町","細岡"],"0880300":[1,"白糠郡白糠町",""],"0881132":[1,"厚岸郡厚岸町","太田東"],"0881361":[1,"厚岸郡浜中町","茶内緑"],"0881412":[1,"厚岸郡浜中町","後静村"],"0881194":[1,"厚岸郡厚岸町","字宮園町","１９４番地－１９９"],"0883465":[1,"川上郡弟子屈町","川湯温泉"],"0880115":[1,"釧路市","音別町本町"],"0881101":[1,"厚岸郡厚岸町","糸魚沢"],"0882575":[1,"野付郡別海町","西春別宮園町"],"0880624":[1,"釧路郡釧路町","新開"],"0880135":[1,"釧路市","音別町直別"],"0882336":[1,"川上郡標茶町","ルルラン"],"0883223":[1,"川上郡弟子屈町","仁多"],"0882681":[1,"標津郡中標津町","当幌"],"0880621":[1,"釧路郡釧路町","桂木"],"0880871":[1,"厚岸郡厚岸町","尾幌"],"0881785":[1,"根室市","長節"],"0880193":[1,"釧路市","音別町朝日","１丁目１３"],"0881538":[1,"厚岸郡浜中町","藻散布"],"0880301":[1,"白糠郡白糠町","東一条南"],"0880104":[1,"釧路市","音別町音別原野基線"],"0881195":[1,"厚岸郡厚岸町","字住の江町","３番地６３号"],"0883152":[1,"川上郡標茶町","磯分内協盛"],"0880113":[1,"釧路市","音別町風連"],"0883332":[1,"川上郡弟子屈町","札友内"],"0883227":[1,"川上郡弟子屈町","重内"],"0880605":[1,"釧路郡釧路町","別保原野"],"0882463":[1,"川上郡標茶町","虹別"],"0882337":[1,"川上郡標茶町","北標茶"],"0880108":[1,"釧路市","音別町音別原野基線"],"0883149":[1,"川上郡標茶町","磯分内乙西"],"0882578":[1,"野付郡別海町","泉川"],"0883211":[1,"川上郡弟子屈町","中央"],"0880832":[1,"釧路郡釧路町","仙鳳趾村"],"0881649":[1,"厚岸郡浜中町","姉別緑栄"],"0882461":[1,"川上郡標茶町","虹別市街"],"0881120":[1,"厚岸郡厚岸町","山の手"],"0880874":[1,"厚岸郡厚岸町","門静"],"0881552":[1,"厚岸郡浜中町","霧多布西二条"],"0882321":[1,"川上郡標茶町","上チャンベツ"],"0881514":[1,"厚岸郡浜中町","霧多布東四条"],"0881404":[1,"厚岸郡浜中町","ムギカラシナイ"],"0880615":[1,"釧路郡釧路町","睦"],"0880622":[1,"釧路郡釧路町","木場"],"0880876":[1,"厚岸郡厚岸町","沖万別"],"0881571":[1,"厚岸郡浜中町","道有林"],"0883212":[1,"川上郡弟子屈町","泉"],"0880111":[1,"釧路市","音別町パシクル湖畔"],"0881407":[1,"厚岸郡浜中町","榊町西"],"0881368":[1,"厚岸郡浜中町","茶内基線"],"0881406":[1,"厚岸郡浜中町","赤泊"],"0883145":[1,"川上郡標茶町","熊牛原野"],"0880771":[1,"厚岸郡厚岸町","上尾幌"],"0881534":[1,"厚岸郡浜中町","渡散布"],"0880601":[1,"釧路郡釧路町","上別保原野"],"0883155":[1,"川上郡標茶町","磯分内平泉"],"0882314":[1,"川上郡標茶町","標茶"],"0882572":[1,"野付郡別海町","西春別清川町"],"0880609":[1,"釧路郡釧路町","共和"],"0882145":[1,"釧路郡釧路町","遠矢"],"0881531":[1,"厚岸郡浜中町","仲の浜"],"0881643":[1,"厚岸郡浜中町","貰人"],"0880584":[1,"白糠郡白糠町","泊別"],"0881107":[1,"厚岸郡厚岸町","床潭"],"0880131":[1,"釧路市","音別町ノトロ"],"0880103":[1,"釧路市","音別町中音別"],"0881592":[1,"厚岸郡浜中町","霧多布東四条","１丁目３５番地"],"0881647":[1,"厚岸郡浜中町","姉別南"],"0882303":[1,"川上郡標茶町","桜"],"0883201":[1,"川上郡弟子屈町","摩周"],"0880608":[1,"釧路郡釧路町","釧望台"],"0882332":[1,"川上郡標茶町","中オソツベツ"],"0880394":[1,"白糠郡白糠町","岬","１丁目２－４２"],"0881360":[1,"厚岸郡浜中町","散布村"],"0881114":[1,"厚岸郡厚岸町","湾月町"],"0881149":[1,"厚岸郡厚岸町","太田９の通り"],"0880105":[1,"釧路市","音別町ムリ"],"0883143":[1,"川上郡標茶町","磯分内美幌"],"0881366":[1,"厚岸郡浜中町","茶内橋北西"],"0883148":[1,"川上郡標茶町","磯分内福島"],"0883154":[1,"川上郡標茶町","栄"],"0881362":[1,"厚岸郡浜中町","茶内本町"],"0880607":[1,"釧路郡釧路町","床丹"],"0881138":[1,"厚岸郡厚岸町","セタニウシ"],"0880323":[1,"白糠郡白糠町","西四条北"],"0882562":[1,"野付郡別海町","西春別駅前栄町"],"0881104":[1,"厚岸郡厚岸町","大黒島"],"0881304":[1,"厚岸郡浜中町","四番沢"],"0883204":[1,"川上郡弟子屈町","朝日"],"0882154":[1,"釧路郡釧路町","柏東"],"0881131":[1,"厚岸郡厚岸町","太田"],"0880126":[1,"釧路市","音別町音別原野西"],"0881408":[1,"厚岸郡浜中町","大津屋沢"],"0882683":[1,"標津郡中標津町","上標津"],"0880611":[1,"釧路郡釧路町","豊美"],"0881142":[1,"厚岸郡厚岸町","太田２の通り"],"0880587":[1,"白糠郡白糠町","庶路西"],"0883151":[1,"川上郡標茶町","磯分内上"],"0881401":[1,"厚岸郡浜中町","榊町"],"0883464":[1,"川上郡弟子屈町","サワンチサップ"],"0880123":[1,"釧路市","音別町川東"],"0882274":[1,"川上郡標茶町","東阿歴内"],"0880342":[1,"白糠郡白糠町","御札部"],"0880571":[1,"白糠郡白糠町","西庶路西一条北"],"0881389":[1,"厚岸郡厚岸町","トライベツ"],"0880392":[1,"白糠郡白糠町","西一条南","１丁目１番地１号"],"0881141":[1,"厚岸郡厚岸町","太田１の通り"],"0883144":[1,"川上郡標茶町","中多和"],"0880568":[1,"白糠郡白糠町","庶路乙区"],"0881108":[1,"厚岸郡厚岸町","筑紫恋"],"0881537":[1,"厚岸郡浜中町","丸山散布"],"0880831":[1,"釧路郡釧路町","仙鳳趾村"],"0880603":[1,"釧路郡釧路町","別保南"],"0882152":[1,"釧路郡釧路町","南陽台"],"0883141":[1,"川上郡標茶町","多和"],"0882146":[1,"釧路郡釧路町","鳥通西"],"0880564":[1,"白糠郡白糠町","庶路"],"0880561":[1,"白糠郡白糠町","大楽毛"],"0882338":[1,"川上郡標茶町","南標茶"],"0881192":[1,"厚岸郡厚岸町","字真栄町一条","２番地１号"],"0883228":[1,"川上郡弟子屈町","奥春別"],"0882322":[1,"川上郡標茶町","中チャンベツ"],"0880132":[1,"釧路市","音別町尺別"],"0882462":[1,"川上郡標茶町","虹別"],"0880600":[1,"釧路郡釧路町",""],"0881111":[1,"厚岸郡厚岸町","奔渡"],"0881783":[1,"根室市","浜松"],"0882142":[1,"釧路郡釧路町","遠野"],"0883225":[1,"川上郡弟子屈町","最栄利別"],"0881644":[1,"厚岸郡浜中町","恵茶人"],"0881303":[1,"厚岸郡浜中町","三番沢"],"0882465":[1,"川上郡標茶町","虹別"],"0880565":[1,"白糠郡白糠町","庶路"],"0882564":[1,"野付郡別海町","西春別駅前西町"],"0880692":[1,"釧路郡釧路町","別保","１丁目１"],"0882312":[1,"川上郡標茶町","川上"],"0880351":[1,"白糠郡白糠町","橋西"],"0880877":[1,"厚岸郡厚岸町","敏内"],"0880604":[1,"釧路郡釧路町","別保"],"0882271":[1,"川上郡標茶町","阿歴内"],"0882311":[1,"川上郡標茶町","開運"],"0882262":[1,"川上郡標茶町","ウライヤ"],"0881136":[1,"厚岸郡厚岸町","大別"],"0882263":[1,"川上郡標茶町","沼ノ上"],"0881306":[1,"厚岸郡浜中町","六番沢"],"0881402":[1,"厚岸郡浜中町","後静"],"0882561":[1,"野付郡別海町","西春別駅前柏町"],"0883463":[1,"川上郡弟子屈町","アトサヌプリ原野"],"0883395":[1,"川上郡弟子屈町","字屈斜路","３３６番地１号"],"0882335":[1,"川上郡標茶町","五十石"],"0881148":[1,"厚岸郡厚岸町","太田８の通り"],"0880572":[1,"白糠郡白糠町","西庶路西一条南"],"0880623":[1,"釧路郡釧路町","光和"],"0881512":[1,"厚岸郡浜中町","霧多布東二条"],"0881553":[1,"厚岸郡浜中町","霧多布西三条"],"0881115":[1,"厚岸郡厚岸町","梅香町"],"0883200":[1,"川上郡弟子屈町",""],"0881196":[1,"厚岸郡厚岸町","字宮園町","１９４番地－３"],"0882302":[1,"川上郡標茶町","富士"],"0881139":[1,"厚岸郡厚岸町","サッテベツ"],"0880583":[1,"白糠郡白糠町","上庶路"],"0881135":[1,"厚岸郡厚岸町","太田北"],"0881526":[1,"厚岸郡浜中町","新川"],"0880606":[1,"釧路郡釧路町","中央"],"0881151":[1,"厚岸郡厚岸町","真栄"],"0880585":[1,"白糠郡白糠町","暁"],"0881363":[1,"厚岸郡浜中町","茶内栄"],"0880133":[1,"釧路市","音別町尺別"],"0881112":[1,"厚岸郡厚岸町","有明"],"0881105":[1,"厚岸郡厚岸町","末広"],"0880331":[1,"白糠郡白糠町","東一条北"],"0883202":[1,"川上郡弟子屈町","鈴蘭"],"0882264":[1,"川上郡標茶町","塘路原野"],"0882601":[1,"野付郡別海町","大成"],"0881403":[1,"厚岸郡浜中町","アザラップ"],"0882573":[1,"野付郡別海町","西春別本久町"],"0881551":[1,"厚岸郡浜中町","霧多布西一条"],"0880595":[1,"白糠郡白糠町","庶路甲区","６－５７７"],"0881513":[1,"厚岸郡浜中町","霧多布東三条"],"0880614":[1,"釧路郡釧路町","国誉"],"0882566":[1,"野付郡別海町","西春別駅前曙町"],"0880878":[1,"厚岸郡厚岸町","ルークシュポール"],"0880122":[1,"釧路市","音別町あけぼの"],"0880563":[1,"白糠郡白糠町","庶路甲区"],"0881126":[1,"厚岸郡厚岸町","門静"],"0882724":[1,"野付郡別海町","上春別栄町"],"0880324":[1,"白糠郡白糠町","西五条北"],"0881500":[1,"厚岸郡浜中町",""],"0880618":[1,"釧路郡釧路町","富原"],"0880343":[1,"白糠郡白糠町","上茶路"],"0880106":[1,"釧路市","音別町ヌプキベツ"],"0880613":[1,"釧路郡釧路町","若葉"],"0880586":[1,"白糠郡白糠町","庶路東"],"0881143":[1,"厚岸郡厚岸町","太田３の通り"],"0882143":[1,"釧路郡釧路町","河畔"],"0882261":[1,"川上郡標茶町","塘路"],"0881302":[1,"厚岸郡浜中町","二番沢"],"0880302":[1,"白糠郡白糠町","東二条南"],"0882563":[1,"野付郡別海町","西春別駅前錦町"],"0883461":[1,"川上郡弟子屈町","跡佐登"],"0881100":[1,"厚岸郡厚岸町",""],"0881116":[1,"厚岸郡厚岸町","松葉町"],"0883341":[1,"川上郡弟子屈町","屈斜路"],"0882577":[1,"野付郡別海町","矢臼別"],"0882305":[1,"川上郡標茶町","麻生"],"0881130":[1,"厚岸郡厚岸町","太田南"],"0880627":[1,"釧路郡釧路町","東陽西"],"0880109":[1,"釧路市","音別町音別原野東"],"0882275":[1,"川上郡標茶町","北片無去"],"0883224":[1,"川上郡弟子屈町","平和"],"0882155":[1,"釧路郡釧路町","柏西"],"0883147":[1,"川上郡標茶町","磯分内市街"],"0882576":[1,"野付郡別海町","西春別"],"0882324":[1,"川上郡標茶町","雷別"],"0882339":[1,"川上郡標茶町","上多和"],"0881536":[1,"厚岸郡浜中町","火散布"],"0881487":[1,"厚岸郡浜中町","茶内東３線"],"0881645":[1,"厚岸郡浜中町","仙鳳趾"],"0881561":[1,"厚岸郡浜中町","霧多布湿原"],"0882331":[1,"川上郡標茶町","オソツベツ"],"0883153":[1,"川上郡標茶町","磯分内小林"],"0880602":[1,"釧路郡釧路町","別保東"],"0882723":[1,"野付郡別海町","上春別南町"],"0880125":[1,"釧路市","音別町共栄"],"0881781":[1,"根室市","落石西"],"0883214":[1,"川上郡弟子屈町","高栄"],"0882323":[1,"川上郡標茶町","下チャンベツ"],"0880834":[1,"釧路郡釧路町","仙鳳趾村"],"0880116":[1,"釧路市","音別町中園"],"0881137":[1,"厚岸郡厚岸町","片無去"],"0880562":[1,"白糠郡白糠町","コイトイ"],"0882151":[1,"釧路郡釧路町","よし野"],"0880872":[1,"厚岸郡厚岸町","来別"]}
