{"3691102":[11,"深谷市","瀬山"],"3691201":[11,"大里郡寄居町","用土"],"3691901":[11,"秩父市","大滝"],"3691203":[11,"大里郡寄居町","寄居"],"3691104":[11,"深谷市","菅沼"],"3690317":[11,"児玉郡上里町","五明"],"3691298":[11,"大里郡寄居町","大字用土","５４５６"],"3690213":[11,"深谷市","針ケ谷"],"3691232":[11,"大里郡寄居町","三品"],"3691413":[11,"秩父郡皆野町","下田野"],"3691193":[11,"深谷市","長在家","２０５０"],"3690103":[11,"熊谷市","小八林"],"3691624":[11,"秩父郡皆野町","野巻"],"3690112":[11,"鴻巣市","鎌塚"],"3690293":[11,"深谷市","普済寺","１６９０"],"3691873":[11,"秩父市","浦山"],"3691304":[11,"秩父郡長瀞町","本野上"],"3691903":[11,"秩父市","中津川"],"3690301":[11,"児玉郡上里町","金久保"],"3690304":[11,"児玉郡上里町","八町河原"],"3690133":[11,"鴻巣市","小谷"],"3690392":[11,"児玉郡上里町","大字七本木","９８２"],"3690121":[11,"鴻巣市","吹上富士見"],"3691503":[11,"秩父市","下吉田"],"3691311":[11,"秩父郡長瀞町","岩田"],"3690221":[11,"深谷市","榛沢新田"],"3690311":[11,"児玉郡上里町","勅使河原"],"3691301":[11,"秩父郡長瀞町","矢那瀬"],"3691504":[11,"秩父市","吉田石間"],"3691593":[11,"秩父市","下吉田","６９７２"],"3690314":[11,"児玉郡上里町","三町"],"3691313":[11,"秩父郡長瀞町","風布"],"3690201":[11,"深谷市","岡"],"3691212":[11,"大里郡寄居町","西古里"],"3691217":[11,"大里郡寄居町","小園"],"3690316":[11,"児玉郡上里町","長浜"],"3690212":[11,"深谷市","櫛挽"],"3691234":[11,"大里郡寄居町","折原"],"3690123":[11,"鴻巣市","榎戸"],"3690305":[11,"児玉郡上里町","神保原町"],"3690195":[11,"鴻巣市","吹上富士見","１丁目１番１号"],"3691244":[11,"深谷市","黒田"],"3690292":[11,"深谷市","岡","２３８１－１"],"3690203":[11,"深谷市","普済寺"],"3690102":[11,"熊谷市","玉作"],"3691105":[11,"深谷市","本田"],"3690300":[11,"児玉郡上里町",""],"3691803":[11,"秩父市","荒川日野"],"3691211":[11,"大里郡寄居町","赤浜"],"3691300":[11,"秩父郡長瀞町",""],"3691621":[11,"秩父郡皆野町","金崎"],"3690105":[11,"熊谷市","箕輪"],"3691625":[11,"秩父郡皆野町","下日野沢"],"3691895":[11,"秩父市","下影森","１８１"],"3691225":[11,"大里郡寄居町","西ノ入"],"3690224":[11,"深谷市","西田"],"3691292":[11,"大里郡寄居町","大字寄居","１１８０－１"],"3691892":[11,"秩父市","下影森","１２４８"],"3691871":[11,"秩父市","下影森"],"3690137":[11,"鴻巣市","大芦"],"3691400":[11,"秩父郡皆野町",""],"3690215":[11,"深谷市","今泉"],"3690135":[11,"鴻巣市","明用"],"3691622":[11,"秩父郡皆野町","国神"],"3691242":[11,"深谷市","北根"],"3691204":[11,"大里郡寄居町","藤田"],"3691103":[11,"深谷市","川本明戸"],"3691214":[11,"大里郡寄居町","今市"],"3690217":[11,"深谷市","山河"],"3690116":[11,"鴻巣市","北新宿"],"3690308":[11,"児玉郡上里町","毘沙吐"],"3691195":[11,"深谷市","白草台","１５６５－１５"],"3690114":[11,"鴻巣市","筑波"],"3691802":[11,"秩父市","荒川上田野"],"3691492":[11,"秩父郡皆野町","大字皆野","１４２０－１"],"3691506":[11,"秩父市","吉田太田部"],"3691912":[11,"秩父市","荒川白久"],"3691107":[11,"深谷市","畠山"],"3691502":[11,"秩父市","吉田阿熊"],"3691893":[11,"秩父市","下影森","１５０５"],"3691902":[11,"秩父市","三峰"],"3691305":[11,"秩父郡長瀞町","長瀞"],"3691224":[11,"大里郡寄居町","鉢形"],"3690111":[11,"鴻巣市","新宿"],"3690132":[11,"鴻巣市","前砂"],"3690124":[11,"鴻巣市","荊原"],"3690131":[11,"鴻巣市","袋"],"3691202":[11,"大里郡寄居町","桜沢"],"3690302":[11,"児玉郡上里町","黛"],"3690106":[11,"熊谷市","相上"],"3691233":[11,"大里郡寄居町","秋山"],"3690303":[11,"児玉郡上里町","忍保"],"3690315":[11,"児玉郡上里町","大御堂"],"3691216":[11,"大里郡寄居町","富田"],"3690108":[11,"熊谷市","船木台"],"3691998":[11,"秩父市","大滝","９８５"],"3690393":[11,"児玉郡上里町","大字七本木","３４６１－１"],"3690113":[11,"鴻巣市","下忍"],"3691222":[11,"大里郡寄居町","露梨子"],"3691596":[11,"秩父市","下吉田","８３７１－３"],"3691801":[11,"秩父市","荒川久那"],"3691411":[11,"秩父郡皆野町","三沢"],"3691303":[11,"秩父郡長瀞町","中野上"],"3690198":[11,"鴻巣市","前砂","１６０－１"],"3691623":[11,"秩父郡皆野町","大淵"],"3690202":[11,"深谷市","岡里"],"3691312":[11,"秩父郡長瀞町","井戸"],"3691109":[11,"深谷市","上原"],"3690222":[11,"深谷市","後榛沢"],"3691872":[11,"秩父市","上影森"],"3691101":[11,"深谷市","長在家"],"3690134":[11,"鴻巣市","三町免"],"3690211":[11,"深谷市","岡部"],"3691106":[11,"深谷市","白草台"],"3691804":[11,"秩父市","荒川小野原"],"3691302":[11,"秩父郡長瀞町","野上下郷"],"3691200":[11,"大里郡寄居町",""],"3690306":[11,"児玉郡上里町","七本木"],"3690295":[11,"深谷市","岡","２０５８"],"3691295":[11,"深谷市","小前田","１７２８－１"],"3690318":[11,"児玉郡上里町","藤木戸"],"3691874":[11,"秩父市","和泉町"],"3690216":[11,"深谷市","山崎"],"3691235":[11,"大里郡寄居町","風布"],"3690122":[11,"鴻巣市","南"],"3691293":[11,"深谷市","小前田","２３４５"],"3691412":[11,"秩父郡皆野町","皆野"],"3690104":[11,"熊谷市","冑山"],"3690223":[11,"深谷市","榛沢"],"3690312":[11,"児玉郡上里町","帯刀"],"3691215":[11,"大里郡寄居町","牟礼"],"3691894":[11,"秩父市","荒川上田野","１７３４－６"],"3691243":[11,"深谷市","永田"],"3691231":[11,"大里郡寄居町","立原"],"3691626":[11,"秩父郡皆野町","上日野沢"],"3690107":[11,"熊谷市","向谷"],"3690115":[11,"鴻巣市","吹上本町"],"3691221":[11,"大里郡寄居町","保田原"],"3690136":[11,"鴻巣市","吹上"],"3691241":[11,"深谷市","武蔵野"],"3691592":[11,"秩父市","下吉田","６５８５－２"],"3690313":[11,"児玉郡上里町","堤"],"3691213":[11,"大里郡寄居町","鷹巣"],"3690192":[11,"鴻巣市","南","１丁目５番４５号"],"3691392":[11,"秩父郡長瀞町","大字本野上","１０３５－１"],"3690225":[11,"深谷市","沓掛"],"3691108":[11,"深谷市","田中"],"3690307":[11,"児玉郡上里町","嘉美"],"3690101":[11,"熊谷市","津田"],"3691246":[11,"深谷市","小前田"],"3690297":[11,"深谷市","岡","２２００"],"3690214":[11,"深谷市","本郷"],"3691911":[11,"秩父市","荒川贄川"],"3691205":[11,"大里郡寄居町","末野"],"3691223":[11,"大里郡寄居町","三ケ山"],"3691601":[11,"秩父郡皆野町","金沢"],"3691505":[11,"秩父市","上吉田"],"3691236":[11,"大里郡寄居町","金尾"],"3691501":[11,"秩父市","吉田久長"],"3691245":[11,"深谷市","荒川"],"3691192":[11,"深谷市","田中","１９７"]}
