{"1018050":[13,"千代田区","一ツ橋","２丁目５－１０"],"1018712":[13,"千代田区","内神田","２丁目１６－１３"],"1018308":[13,"千代田区","神田駿河台","１丁目８－１４"],"1018314":[13,"千代田区","神田駿河台","２丁目５－１２駿河台プラザビル"],"1018077":[13,"千代田区","神田神保町","３丁目１０神田第３アメレックスビル"],"1018363":[13,"千代田区","西神田","３丁目８－１千代田ファーストビル１４Ｆ"],"1018476":[13,"千代田区","神田錦町","３丁目２６一ツ橋ＳＩビル１０階"],"1018381":[13,"千代田区","三崎町","３丁目１０－１０"],"1018453":[13,"千代田区","神田錦町","３丁目１１住友商事錦町ビル"],"1018651":[13,"千代田区","神田淡路町","１丁目７"],"1018324":[13,"千代田区","神田駿河台","３丁目１１－５"],"1018717":[13,"中央区","京橋","２丁目３－６"],"1018531":[13,"千代田区","神田司町","２丁目１０－８"],"1018458":[13,"千代田区","神田錦町","３丁目２４－４"],"1010043":[13,"千代田区","神田富山町"],"1018333":[13,"千代田区","神田淡路町","１丁目１５"],"1018317":[13,"千代田区","神田駿河台","２丁目９－１７"],"1018464":[13,"千代田区","神田錦町","３丁目３"],"1010035":[13,"千代田区","神田紺屋町"],"1018437":[13,"千代田区","一ツ橋","２丁目２－１"],"1018201":[13,"千代田区","神田練塀町","３番地インテージ秋葉原ビル"],"1018525":[13,"千代田区","内神田","２丁目１３－１３"],"1018552":[13,"千代田区","神田須田町","１丁目５"],"1018715":[13,"千代田区","神田錦町","３丁目２０"],"1018634":[13,"千代田区","東神田","１丁目１１－１エリア神田８Ｆ"],"1018375":[13,"千代田区","三崎町","２丁目３－１"],"1018506":[13,"千代田区","内神田","１丁目１－１２コープビル"],"1018444":[13,"千代田区","神田錦町","１丁目２７"],"1018441":[13,"千代田区","神田錦町","１丁目２５"],"1018411":[13,"千代田区","神田神保町","２丁目１７番地神田神保町ビル"],"1018355":[13,"千代田区","西神田","３丁目３－５"],"1018528":[13,"千代田区","内神田","３丁目３－７"],"1018716":[13,"中央区","京橋","３丁目５－７"],"1018519":[13,"千代田区","内神田","２丁目５－６"],"1018545":[13,"千代田区","神田東松下町","１４番地東信神田ビル９階"],"1018345":[13,"千代田区","猿楽町","２丁目７－８住友水道橋ビル"],"1018422":[13,"千代田区","神田神保町","２丁目２"],"1018620":[13,"千代田区","外神田","３丁目１２－４"],"1010046":[13,"千代田区","神田多町"],"1018415":[13,"千代田区","神田神保町","２丁目３０"],"1018986":[13,"千代田区","外神田","６丁目１－８"],"1018447":[13,"千代田区","神田錦町","２丁目１１"],"1018676":[13,"千代田区","内神田","２丁目１５－９"],"1018310":[13,"千代田区","神田駿河台","１丁目８－１３"],"1018613":[13,"千代田区","外神田","１丁目１６－８"],"1018473":[13,"千代田区","神田錦町","３丁目１８－３錦三ビル"],"1018645":[13,"千代田区","神田和泉町","１"],"1018568":[13,"千代田区","神田富山町","２５"],"1010051":[13,"千代田区","神田神保町"],"1018388":[13,"千代田区","三崎町","３丁目３－１２"],"1018352":[13,"千代田区","西神田","１丁目３－６－８Ｆ"],"1010061":[13,"千代田区","三崎町"],"1018101":[13,"千代田区","神田神保町","１丁目１０５番地神保町三井ビルディング"],"1018467":[13,"千代田区","神田錦町","３丁目１８－３錦三ビル７階"],"1018667":[13,"千代田区","神田須田町","１丁目２３"],"1018625":[13,"千代田区","外神田","６丁目１５－１２"],"1018609":[13,"千代田区","外神田","６丁目５－１２偕楽ビル５・７・８Ｆ"],"1018662":[13,"千代田区","神田錦町","１丁目１０"],"1010027":[13,"千代田区","神田平河町"],"1018440":[13,"千代田区","神田錦町","２丁目１１ＮＣ竹橋ビル５Ｆ"],"1018688":[13,"千代田区","神田駿河台","２丁目９"],"1018605":[13,"千代田区","神田紺屋町","３４"],"1010042":[13,"千代田区","神田東松下町"],"1018522":[13,"千代田区","内神田","２丁目４－６ＷＴＣ内神田ビル"],"1018410":[13,"千代田区","神田神保町","１丁目５６"],"1018011":[13,"千代田区","神田駿河台","３丁目９"],"1018521":[13,"千代田区","内神田","２丁目２－１鎌倉河岸ビル"],"1018535":[13,"千代田区","神田司町","２丁目９"],"1018354":[13,"千代田区","三崎町","２丁目２－３"],"1018935":[13,"千代田区","神田神保町","１丁目２６－１"],"1018346":[13,"千代田区","猿楽町","２丁目４－１１－４０２"],"1018457":[13,"千代田区","神田錦町","２丁目２"],"1018670":[13,"千代田区","神田小川町","１丁目１１"],"1018561":[13,"千代田区","神田東松下町","４７－１"],"1018465":[13,"千代田区","神田錦町","３丁目２４－１住友商事神保町ビル３Ｆ"],"1018977":[13,"千代田区","外神田","４丁目１４－１秋葉原ＵＤＸビル１９Ｆ"],"1018475":[13,"千代田区","神田小川町","２丁目１"],"1018366":[13,"千代田区","三崎町","２丁目５－３"],"1018501":[13,"千代田区","内神田","１丁目１－１２"],"1018973":[13,"千代田区","外神田","４丁目１４－１秋葉原ＵＤＸ"],"1018980":[13,"千代田区","外神田","４丁目１４－１"],"1018323":[13,"千代田区","神田小川町","２丁目１０"],"1018612":[13,"千代田区","外神田","１丁目１７－４ＪＲ東日本秋葉原ビル"],"1018315":[13,"千代田区","神田駿河台","２丁目５－１５"],"1018638":[13,"千代田区","神田佐久間町","３丁目２"],"1018523":[13,"千代田区","内神田","２丁目１－１２"],"1010045":[13,"千代田区","神田鍛冶町"],"1018656":[13,"新宿区","新小川町","４－１１昭和図書ビル"],"1018558":[13,"千代田区","神田須田町","２丁目６－６"],"1010041":[13,"千代田区","神田須田町"],"1018311":[13,"千代田区","神田駿河台","２丁目５ＮＯＦ駿河台プラザビル"],"1018941":[13,"千代田区","神田美土代町","７番地"],"1018576":[13,"千代田区","岩本町","２丁目１－７"],"1018504":[13,"千代田区","内神田","１丁目５－１２"],"1018448":[13,"千代田区","神田錦町","１丁目３"],"1018353":[13,"千代田区","西神田","２丁目５－４"],"1018443":[13,"千代田区","神田錦町","２丁目３"],"1018633":[13,"千代田区","東神田","１丁目８－１１"],"1010024":[13,"千代田区","神田和泉町"],"1018617":[13,"千代田区","外神田","４丁目１４－１"],"1018360":[13,"千代田区","三崎町","１丁目３－２"],"1018370":[13,"千代田区","三崎町","２丁目９－１８"],"1010033":[13,"千代田区","神田岩本町"],"1018648":[13,"千代田区","神田和泉町","１"],"1018409":[13,"千代田区","神田駿河台","２丁目３－１３鈴木ビル４Ｆ"],"1018579":[13,"千代田区","岩本町","３丁目１１－１３"],"1010052":[13,"千代田区","神田小川町"],"1018971":[13,"千代田区","外神田","４丁目１４－１秋葉原ＵＤＸ"],"1018204":[13,"千代田区","神田練塀町","３インテージ秋葉原ビル"],"1010023":[13,"千代田区","神田松永町"],"1018421":[13,"千代田区","一ツ橋","２丁目６－３一ツ橋ビル"],"1018512":[13,"千代田区","神田美土代町","７番地"],"1010036":[13,"千代田区","神田北乗物町"],"1018970":[13,"千代田区","外神田","４丁目１４－１秋葉原ＵＤＸ"],"1010029":[13,"千代田区","神田相生町"],"1018001":[13,"千代田区","一ツ橋","２丁目３－１"],"1018454":[13,"千代田区","神田錦町","１丁目１２－３"],"1018701":[13,"千代田区","神田神保町","３丁目６－５"],"1018383":[13,"千代田区","三崎町","３丁目２－１８"],"1018544":[13,"千代田区","鍛冶町","２丁目２－１"],"1018588":[13,"千代田区","神田岩本町","１番地１４"],"1018619":[13,"千代田区","外神田","３丁目１－１６"],"1018641":[13,"千代田区","神田松永町","１９－２"],"1018566":[13,"千代田区","神田富山町","５"],"1018718":[13,"千代田区","神田駿河台","２丁目９"],"1018307":[13,"千代田区","神田駿河台","１丁目５"],"1018483":[13,"千代田区","神田美土代町","７住友不動産神田ビル９・１０Ｆ"],"1018419":[13,"千代田区","神田神保町","２丁目２"],"1018449":[13,"千代田区","神田錦町","３丁目２４住友商事神保町ビル"],"1018565":[13,"千代田区","神田富山町","２"],"1018371":[13,"千代田区","三崎町","２丁目２２－１４"],"1018543":[13,"千代田区","鍛冶町","１丁目６－１４"],"1018503":[13,"千代田区","内神田","１丁目１－１２"],"1018710":[13,"千代田区","神田駿河台","４丁目３"],"1018362":[13,"千代田区","西神田","３丁目８－１"],"1018607":[13,"千代田区","外神田","２丁目１７－３アヤベビル４Ｆ"],"1018331":[13,"千代田区","神田駿河台","２丁目２"],"1018532":[13,"千代田区","神田司町","２丁目３番地"],"1018643":[13,"千代田区","神田和泉町","１"],"1018466":[13,"千代田区","神田錦町","３丁目２４"],"1018408":[13,"千代田区","神田神保町","１丁目３０－１３"],"1018433":[13,"千代田区","一ツ橋","２丁目２－１"],"1010025":[13,"千代田区","神田佐久間町"],"1010031":[13,"千代田区","東神田"],"1018911":[13,"千代田区","神田駿河台","２丁目９－６"],"1018350":[13,"千代田区","西神田","１丁目４－５"],"1018655":[13,"千代田区","神田美土代町","７番地"],"1018470":[13,"千代田区","神田小川町","１丁目１１"],"1018425":[13,"千代田区","神田神保町","３丁目８－１"],"1010062":[13,"千代田区","神田駿河台"],"1018508":[13,"千代田区","内神田","１丁目１－１２"],"1018624":[13,"千代田区","外神田","２丁目１８－１０"],"1018611":[13,"千代田区","外神田","１丁目１－５昌平橋ビル４階"],"1018322":[13,"千代田区","神田駿河台","２丁目２"],"1010053":[13,"千代田区","神田美土代町"],"1018302":[13,"千代田区","神田駿河台","１丁目７－４"],"1018450":[13,"千代田区","神田錦町","１丁目１４"],"1018507":[13,"千代田区","内神田","１丁目１－１２コープビル"],"1018637":[13,"千代田区","神田佐久間町","１丁目１０"],"1018672":[13,"千代田区","神田神保町","２丁目１２"],"1018901":[13,"千代田区","神田東松下町","４７－１"],"1018991":[13,"千代田区","外神田","２丁目１８－１０"],"1018581":[13,"千代田区","鍛冶町","１丁目８－３"],"1018630":[13,"千代田区","東神田","１丁目１０－２"],"1018585":[13,"千代田区","岩本町","３丁目１０－１"],"1010037":[13,"千代田区","神田西福田町"],"1010048":[13,"千代田区","神田司町"],"1018621":[13,"千代田区","外神田","２丁目１８－８"],"1018524":[13,"千代田区","内神田","２丁目１６－１１内神田渋谷ビル"],"1018578":[13,"千代田区","岩本町","２丁目１０－１２"],"1010003":[13,"千代田区","一ツ橋"],"1018451":[13,"千代田区","神田錦町","１丁目８"],"1010044":[13,"千代田区","鍛冶町"],"1018328":[13,"千代田区","神田駿河台","２丁目５"],"1018358":[13,"千代田区","西神田","２丁目２－３"],"1018514":[13,"千代田区","内神田","１丁目１７－４"],"1018526":[13,"千代田区","内神田","２丁目７－１０松楠ビル６Ｆ"],"1018627":[13,"千代田区","外神田","５丁目１－３ニュー末広ビル６Ｆ"],"1018509":[13,"千代田区","内神田","３丁目１－２"],"1018203":[13,"千代田区","神田練塀町","３番地インテージ秋葉原ビル"],"1018562":[13,"千代田区","神田富山町","２番地"],"1018439":[13,"千代田区","一ツ橋","２丁目１－２"],"1010032":[13,"千代田区","岩本町"],"1018460":[13,"千代田区","神田錦町","３丁目１"],"1010054":[13,"千代田区","神田錦町"],"1018682":[13,"千代田区","神田錦町","２丁目１１"],"1018301":[13,"千代田区","神田駿河台","１丁目１"],"1018642":[13,"千代田区","神田和泉町","１"],"1018481":[13,"千代田区","神田美土代町","９番地１ＭＤ神田ビル"],"1018665":[13,"中央区","銀座","６丁目３－１２数寄屋ビル８Ｆ"],"1018321":[13,"千代田区","神田駿河台","４丁目２－５"],"1010064":[13,"千代田区","猿楽町"],"1018533":[13,"千代田区","神田須田町","２丁目７ＮＫビル９Ｆ"],"1018446":[13,"千代田区","神田錦町","１丁目１３宝栄錦町ビル８Ｆ"],"1018606":[13,"千代田区","神田美倉町","１１"],"1018430":[13,"千代田区","一ツ橋","２丁目１－２"],"1018305":[13,"千代田区","神田駿河台","１丁目８"],"1018468":[13,"千代田区","神田錦町","３丁目１８"],"1018434":[13,"千代田区","神田神保町","２丁目１岩波神保町ビル６Ｆ"],"1018707":[13,"千代田区","神田須田町","１丁目５新須田町ビル３Ｆ"],"1018407":[13,"千代田区","神田神保町","１丁目７"],"1018378":[13,"千代田区","三崎町","３丁目７－１２清話会ビル"],"1018711":[13,"千代田区","西神田","３丁目６－４"],"1018359":[13,"千代田区","西神田","３丁目８－１千代田ファーストビル"],"1018325":[13,"千代田区","神田駿河台","２丁目１"],"1018946":[13,"千代田区","東神田","２丁目１－１１第一坂本ビル"],"1018412":[13,"千代田区","神田神保町","２丁目５"],"1018542":[13,"千代田区","神田富山町","１０－１"],"1018380":[13,"千代田区","三崎町","３丁目３－２３"],"1018477":[13,"千代田区","神田小川町","３丁目２２"],"1018654":[13,"千代田区","内神田","３丁目２０－７"],"1010022":[13,"千代田区","神田練塀町"],"1010034":[13,"千代田区","神田東紺屋町"],"1018530":[13,"千代田区","神田司町","２丁目１９"],"1018351":[13,"千代田区","西神田","２丁目４－１１大原簿記学校本館"],"1018586":[13,"千代田区","岩本町","３丁目９－５"],"1018646":[13,"千代田区","神田和泉町","２"],"1018972":[13,"千代田区","外神田","４丁目１４－１"],"1018002":[13,"千代田区","一ツ橋","２丁目５－５"],"1018202":[13,"千代田区","神田練塀町","３番地インテージ秋葉原ビル"],"1010063":[13,"千代田区","神田淡路町"],"1018983":[13,"千代田区","外神田","２丁目１８－７"],"1018356":[13,"千代田区","西神田","２丁目８－９林リースビル５Ｆ"],"1018309":[13,"千代田区","神田駿河台","１丁目８－１３"],"1018502":[13,"千代田区","神田錦町","３丁目１３－７名古路ビル本館"],"1018418":[13,"千代田区","神田神保町","２丁目２共同ビル"],"1018510":[13,"千代田区","内神田","１丁目１－１２"],"1010047":[13,"千代田区","内神田"],"1010028":[13,"千代田区","神田花岡町"],"1018559":[13,"千代田区","神田須田町","２丁目１３"],"1018316":[13,"千代田区","神田駿河台","２丁目３－１１"],"1018516":[13,"千代田区","内神田","２丁目１２番５号"],"1018365":[13,"千代田区","三崎町","２丁目１１－７"],"1018520":[13,"千代田区","内神田","２丁目１－１２"],"1018428":[13,"千代田区","神田神保町","１丁目２４"],"1010026":[13,"千代田区","神田佐久間河岸"],"1018405":[13,"千代田区","三崎町","２丁目１８－１１堀内三崎町ビル"],"1018335":[13,"千代田区","神田淡路町","２丁目９"],"1018668":[13,"千代田区","神田駿河台","２丁目９"],"1018326":[13,"千代田区","神田駿河台","２丁目５"],"1018577":[13,"千代田区","岩本町","３丁目１１－１３"],"1018416":[13,"千代田区","神田神保町","２丁目４"],"1018452":[13,"千代田区","神田錦町","３丁目１３竹橋安田ビル"],"1018614":[13,"千代田区","外神田","２丁目１４－５"],"1018622":[13,"千代田区","外神田","１丁目９番１４号"],"1018445":[13,"千代田区","神田錦町","１丁目１"],"1018456":[13,"千代田区","神田錦町","３丁目１"],"1018703":[13,"千代田区","神田駿河台","３丁目６"],"1010065":[13,"千代田区","西神田"],"1018636":[13,"千代田区","神田佐久間河岸","５９"],"1010021":[13,"千代田区","外神田"],"1018515":[13,"千代田区","内神田","１丁目１８－１１"],"1018313":[13,"千代田区","神田駿河台","２丁目５－１７"],"1018385":[13,"千代田区","三崎町","３丁目１－１０"],"1010038":[13,"千代田区","神田美倉町"],"1018626":[13,"千代田区","外神田","４丁目８－２"],"1018610":[13,"千代田区","外神田","１丁目１６－９"],"1018459":[13,"千代田区","神田錦町","３丁目２８"]}
