{"2118511":[14,"川崎市中原区","木月大町","１９８"],"2118522":[14,"川崎市中原区","大倉町","１０番地"],"2110031":[14,"川崎市中原区","木月大町"],"2110061":[14,"川崎市中原区","小杉"],"2118502":[14,"川崎市中原区","市ノ坪","３７０"],"2118520":[14,"川崎市中原区","下小田中","２丁目２０－５中原ビル"],"2110014":[14,"川崎市中原区","田尻町"],"2110042":[14,"川崎市中原区","下新城"],"2110004":[14,"川崎市中原区","新丸子東"],"2118585":[14,"川崎市中原区","下小田中","２丁目１２－８"],"2118570":[14,"川崎市中原区","小杉町","３丁目２４５"],"2110021":[14,"川崎市中原区","木月住吉町"],"2110023":[14,"川崎市中原区","大倉町"],"2110043":[14,"川崎市中原区","新城中町"],"2118577":[14,"川崎市中原区","今井南町","４６１"],"2118540":[14,"川崎市中原区","新城中町","１１－８"],"2110032":[14,"川崎市中原区","木月伊勢町"],"2110065":[14,"川崎市中原区","今井仲町"],"2110063":[14,"川崎市中原区","小杉町"],"2110051":[14,"川崎市中原区","宮内"],"2110012":[14,"川崎市中原区","中丸子"],"2110024":[14,"川崎市中原区","西加瀬"],"2110015":[14,"川崎市中原区","北谷町"],"2118505":[14,"川崎市中原区","中丸子","５８８"],"2110025":[14,"川崎市中原区","木月"],"2118558":[14,"川崎市中原区","下小田中","６丁目１６－１"],"2110066":[14,"川崎市中原区","今井西町"],"2118611":[14,"川崎市中原区","下沼部","１７５３番地"],"2110001":[14,"川崎市中原区","上丸子八幡町"],"2118666":[14,"川崎市中原区","下沼部","１７５３"],"2110036":[14,"川崎市中原区","井田杉山町"],"2110016":[14,"川崎市中原区","市ノ坪"],"2110007":[14,"川崎市中原区","上丸子天神町"],"2110013":[14,"川崎市中原区","上平間"],"2118555":[14,"川崎市中原区","宮内","２丁目５－２"],"2110052":[14,"川崎市中原区","等々力"],"2118588":[14,"川崎市中原区","上小田中","４丁目１－１"],"2110053":[14,"川崎市中原区","上小田中"],"2110034":[14,"川崎市中原区","井田中ノ町"],"2110067":[14,"川崎市中原区","今井上町"],"2110068":[14,"川崎市中原区","小杉御殿町"],"2110033":[14,"川崎市中原区","木月祗園町"],"2110035":[14,"川崎市中原区","井田"],"2110022":[14,"川崎市中原区","苅宿"],"2118501":[14,"川崎市中原区","今井上町","５３"],"2110044":[14,"川崎市中原区","新城"],"2110037":[14,"川崎市中原区","井田三舞町"],"2110062":[14,"川崎市中原区","小杉陣屋町"],"2110003":[14,"川崎市中原区","上丸子"],"2110011":[14,"川崎市中原区","下沼部"],"2110002":[14,"川崎市中原区","上丸子山王町"],"2110045":[14,"川崎市中原区","上新城"],"2110000":[14,"川崎市中原区",""],"2118550":[14,"川崎市中原区","市ノ坪","１５０"],"2118530":[14,"川崎市中原区","苅宿","３３５"],"2110041":[14,"川崎市中原区","下小田中"],"2118510":[14,"川崎市中原区","木月住吉町","２０３５"],"2110064":[14,"川崎市中原区","今井南町"],"2110005":[14,"川崎市中原区","新丸子町"],"2110006":[14,"川崎市中原区","丸子通"],"2118668":[14,"川崎市中原区","下沼部","１７５３"],"2118566":[14,"川崎市中原区","小杉町","１丁目４０３武蔵小杉タワープレイス"]}
