{"1608377":[13,"新宿区","西新宿","４丁目３２－２２"],"1608560":[13,"新宿区","須賀町","１０"],"1608508":[13,"新宿区","四谷","１丁目１７番"],"1608361":[13,"新宿区","西新宿","１丁目４－１１"],"1608585":[13,"新宿区","信濃町","３５信濃町煉瓦館"],"1608577":[13,"新宿区","西新宿","７丁目５－２５"],"1608336":[13,"新宿区","西新宿","３丁目２－９"],"1608374":[13,"新宿区","西新宿","６丁目１２－３０"],"1608587":[13,"新宿区","内藤町","８７四谷区民センター３・４Ｆ"],"1608520":[13,"新宿区","南元町","１９"],"1608383":[13,"新宿区","西新宿","３丁目４－７"],"1608502":[13,"新宿区","四谷","３丁目１２"],"1600000":[13,"新宿区",""],"1608306":[13,"新宿区","西新宿","５丁目２４－１８"],"1608070":[13,"新宿区","信濃町","１８"],"1608316":[13,"新宿区","西新宿","１丁目７－２スバルビル"],"1608444":[13,"新宿区","新宿","１丁目２－７あいおい損保・新宿東共同ビル"],"1608301":[13,"新宿区","西新宿","７丁目８－１０オークラヤビル"],"1608334":[13,"新宿区","西新宿","３丁目２－１１新宿三井２号館１４Ｆ"],"1608485":[13,"新宿区","歌舞伎町","１丁目４－１"],"1608530":[13,"新宿区","三栄町","２４"],"1608586":[13,"新宿区","信濃町","９－７"],"1608351":[13,"新宿区","新宿","５丁目１４－６長府新宿ビル"],"1608369":[13,"新宿区","西新宿","６丁目１０－１日土地西新宿ビル"],"1608433":[13,"新宿区","新宿","５丁目６－１１"],"1608547":[13,"新宿区","本塩町","１９"],"1600011":[13,"新宿区","若葉"],"1608422":[13,"新宿区","新宿","３丁目１番１３号"],"1608338":[13,"新宿区","西新宿","１丁目２６－１"],"1608331":[13,"新宿区","西新宿","７丁目５－２５西新宿木村屋ビルディング"],"1608555":[13,"新宿区","舟町","７－６ダイアパレス"],"1600021":[13,"新宿区","歌舞伎町"],"1608512":[13,"新宿区","四谷","４丁目２８－７"],"1608321":[13,"新宿区","西新宿","１丁目１－４"],"1608375":[13,"新宿区","西新宿","１丁目２３－７新宿ファーストウエスト"],"1608311":[13,"新宿区","西新宿","５丁目１０－１４西新宿橋谷田ビル２Ｆ"],"1600018":[13,"新宿区","須賀町"],"1608319":[13,"新宿区","西新宿","１丁目５－１"],"1608001":[13,"新宿区","西新宿","１丁目１－３"],"1600022":[13,"新宿区","新宿"],"1608515":[13,"新宿区","四谷","１丁目７"],"1608415":[13,"新宿区","新宿","７丁目２７－１９"],"1608309":[13,"新宿区","西新宿","１丁目８－３小田急明治生命ビル"],"1608318":[13,"新宿区","西新宿","１丁目９－１新宿ビル８階"],"1608588":[13,"新宿区","信濃町","８"],"1608501":[13,"新宿区","四谷","４丁目２８大木戸ビル"],"1608326":[13,"新宿区","西新宿","４丁目３４－７住友不動産西新宿ビル５号館"],"1608355":[13,"新宿区","西新宿","７丁目５－２５西新宿木村屋ビルディング"],"1608402":[13,"新宿区","新宿","６丁目１－１"],"1608488":[13,"新宿区","歌舞伎町","２丁目４４－１"],"1608910":[13,"新宿区","新宿","１丁目１－１３"],"1608401":[13,"新宿区","新宿","３丁目３０－１１"],"1608358":[13,"新宿区","西新宿","１丁目５－１"],"1600017":[13,"新宿区","左門町"],"1608389":[13,"新宿区","四谷","３丁目３－１富士・国保連ビル７Ｆ"],"1608366":[13,"新宿区","西新宿","６丁目２４－１西新宿三井ビルディング６Ｆ"],"1608333":[13,"新宿区","西新宿","８丁目２－２３"],"1600014":[13,"新宿区","内藤町"],"1608308":[13,"新宿区","西新宿","６丁目３－１新宿アイランドウイング"],"1608524":[13,"新宿区","新宿","６丁目２８－１"],"1600015":[13,"新宿区","大京町"],"1600008":[13,"新宿区","三栄町"],"1608357":[13,"新宿区","西新宿","１丁目２４－１エステック情報ビル１３階・１４階"],"1608330":[13,"新宿区","西新宿","２丁目２－１"],"1608324":[13,"新宿区","西新宿","６丁目２４－１西新宿三井ビルディング２４Ｆ"],"1608522":[13,"新宿区","南元町","６－２"],"1608408":[13,"新宿区","新宿","５丁目１７－１８Ｈ＆Ｉビル"],"1608341":[13,"新宿区","西新宿","１丁目８－１新宿ビル"],"1608549":[13,"新宿区","坂町","２７－５"],"1608529":[13,"新宿区","南元町","１９社団法人金融財政事情研究会５Ｆ"],"1600005":[13,"新宿区","愛住町"],"1608343":[13,"新宿区","西新宿","３丁目１６－６水野ビル"],"1608477":[13,"新宿区","歌舞伎町","２丁目４６－５ＫＭ新宿ビル"],"1608431":[13,"新宿区","本塩町","１４"],"1608407":[13,"新宿区","新宿","７丁目２６－９フィオーレ東京"],"1608325":[13,"新宿区","西新宿","８丁目５番１号野村不動産西新宿共同ビル"],"1608484":[13,"新宿区","歌舞伎町","１丁目４－１"],"1608487":[13,"新宿区","歌舞伎町","１丁目３０－１"],"1600023":[13,"新宿区","西新宿"],"1608429":[13,"新宿区","新宿","１丁目６－３"],"1608410":[13,"新宿区","新宿","１丁目３１番１２号"],"1600003":[13,"新宿区","本塩町"],"1608505":[13,"新宿区","四谷","１丁目５東交ビル"],"1608002":[13,"新宿区","若葉","１丁目５"],"1608450":[13,"新宿区","四谷","４丁目３４－１新宿御苑前アネックスビル４Ｆ"],"1600004":[13,"新宿区","四谷"],"1608571":[13,"新宿区","荒木町","２２エプコットビル１Ｆ"],"1608510":[13,"新宿区","四谷","２丁目４"],"1608455":[13,"新宿区","新宿","３丁目２９－１"],"1608451":[13,"新宿区","新宿","４丁目３－１７ダヴィンチ新宿ビル"],"1600001":[13,"新宿区","片町"],"1608511":[13,"新宿区","四谷","４丁目１"],"1608335":[13,"新宿区","西新宿","１丁目２３－７新宿ファーストウエスト１０Ｆ"],"1608403":[13,"新宿区","四谷","４丁目１６－３日本生命新宿御苑前ビル"],"1600006":[13,"新宿区","舟町"],"1600016":[13,"新宿区","信濃町"],"1600013":[13,"新宿区","霞ケ丘町"],"1608582":[13,"新宿区","信濃町","３５"],"1608521":[13,"新宿区","南元町","１８"],"1608575":[13,"新宿区","本塩町","１３"],"1608421":[13,"新宿区","新宿","２丁目１－１５古鷹ビル"],"1608411":[13,"新宿区","新宿","５丁目８－１"],"1608580":[13,"新宿区","内藤町","１"],"1608420":[13,"新宿区","新宿","１丁目１０－７"],"1608543":[13,"新宿区","坂町","２６番地"],"1608519":[13,"新宿区","南元町","１９"],"1608328":[13,"新宿区","西新宿","６丁目１０－１日土地西新宿ビル"],"1608489":[13,"新宿区","歌舞伎町","２丁目４２－１０"],"1608304":[13,"新宿区","西新宿","７丁目５－８"],"1608589":[13,"新宿区","信濃町","３４ＪＲ信濃町ビル"],"1600012":[13,"新宿区","南元町"],"1608565":[13,"新宿区","大京町","２２－１"],"1600007":[13,"新宿区","荒木町"],"1608583":[13,"新宿区","信濃町","３２"],"1600002":[13,"新宿区","坂町"],"1608680":[13,"新宿区","信濃町","３４ＪＲ信濃町ビル５Ｆ"],"1608472":[13,"新宿区","歌舞伎町","１丁目４－１"]}
