{"4608311":[23,"名古屋市中区","橘","２丁目９－１８"],"4608545":[23,"名古屋市中区","錦","１丁目４番６号"],"4608360":[23,"名古屋市中区","正木","１丁目２－８"],"4608520":[23,"名古屋市中区","三の丸","３丁目３－２"],"4608422":[23,"名古屋市中区","栄","２丁目１０－１９"],"4608636":[23,"名古屋市中区","錦","１丁目１６－２０グリーンビル"],"4608450":[23,"名古屋市中区","栄","５丁目１５番１８号"],"4608540":[23,"名古屋市中区","丸の内","２丁目１３－３１"],"4608702":[23,"名古屋市中区","錦","２丁目１７－２１"],"4608628":[23,"名古屋市中区","錦","２丁目１２－３３"],"4600011":[23,"名古屋市中区","大須"],"4608660":[23,"名古屋市中区","錦","３丁目２１－２４"],"4608666":[23,"名古屋市中区","栄","２丁目４－１８岡谷ビル"],"4608511":[23,"名古屋市中区","三の丸","１丁目６－１"],"4608366":[23,"名古屋市中区","正木","２丁目３－１"],"4608704":[23,"名古屋市中区","金山","５丁目１８－２１"],"4608401":[23,"名古屋市中区","栄","１丁目７－３３サカエセンタービル"],"4608420":[23,"名古屋市中区","栄","２丁目３－１名古屋広小路ビル"],"4608435":[23,"名古屋市中区","栄","３丁目１７－１２"],"4608484":[23,"名古屋市中区","錦","３丁目５番２７号"],"4608578":[23,"名古屋市中区","丸の内","３丁目２０－１７中外東京海上ビル１７Ｆ"],"4608630":[23,"名古屋市中区","錦","１丁目２－７"],"4608302":[23,"名古屋市中区","大須","３丁目３１－２８"],"4600008":[23,"名古屋市中区","栄"],"4608601":[23,"名古屋市中区","錦","２丁目７－８"],"4608587":[23,"名古屋市中区","錦","１丁目８－４８"],"4608614":[23,"名古屋市中区","錦","３丁目２－１"],"4608535":[23,"名古屋市中区","栄","２丁目１１番３０号セントラルビル３階"],"4600031":[23,"名古屋市中区","本丸"],"4608383":[23,"名古屋市中区","金山","５丁目１４－２"],"4608551":[23,"名古屋市中区","丸の内","３丁目２２－２１安田火災名古屋ビル"],"4608488":[23,"名古屋市中区","栄","１丁目３－３"],"4608567":[23,"名古屋市中区","丸の内","３丁目１８－１５"],"4608791":[23,"名古屋市中区","大須","３丁目１－１０"],"4608543":[23,"名古屋市中区","丸の内","２丁目１３－４"],"4608505":[23,"名古屋市中区","三の丸","１丁目７－１"],"4608603":[23,"名古屋市中区","錦","２丁目４－３錦パークビル１３階"],"4608683":[23,"名古屋市中区","栄","２丁目１－１"],"4608331":[23,"名古屋市中区","上前津","１丁目３－３"],"4608621":[23,"名古屋市中区","錦","３丁目２０－２７御幸ビル"],"4608609":[23,"名古屋市中区","錦","１丁目１０－２０アーバンネット伏見ビル"],"4608319":[23,"名古屋市中区","大須","４丁目９－６０"],"4608707":[23,"名古屋市中区","栄","１丁目７番３３号サカエセンタービル８Ｆ"],"4608616":[23,"名古屋市中区","錦","２丁目１２－１４"],"4608632":[23,"名古屋市中区","錦","１丁目３－７セイコー名古屋ビル４Ｆ"],"4600032":[23,"名古屋市中区","二の丸"],"4608426":[23,"名古屋市中区","栄","２丁目７番１１号白川パークビル南館４階"],"4608338":[23,"名古屋市中区","古渡町","９－２７"],"4608668":[23,"名古屋市中区","錦","１丁目５－１３"],"4608407":[23,"名古屋市中区","栄","１丁目２４－１５"],"4608447":[23,"名古屋市中区","栄","４丁目１－８"],"4608531":[23,"名古屋市中区","丸の内","１丁目８－１２"],"4608680":[23,"名古屋市中区","富士見町","２－１３"],"4608635":[23,"名古屋市中区","錦","１丁目２－１"],"4608510":[23,"名古屋市中区","三の丸","２丁目５－２"],"4608575":[23,"名古屋市中区","丸の内","３丁目５－１０住友商事丸の内ビル"],"4608687":[23,"名古屋市中区","古渡町","１１－３３"],"4600013":[23,"名古屋市中区","上前津"],"4600016":[23,"名古屋市中区","橘"],"4608615":[23,"名古屋市中区","錦","３丁目１３－５中央マンション"],"4600000":[23,"名古屋市中区",""],"4608448":[23,"名古屋市中区","栄","４丁目１４－５松下中日ビル３階"],"4608613":[23,"名古屋市中区","錦","３丁目１５番１５"],"4608507":[23,"名古屋市中区","三の丸","２丁目５－１名古屋合同庁舎第２号館"],"4608532":[23,"名古屋市中区","錦","１丁目１１番１１号名古屋インターシティ"],"4600005":[23,"名古屋市中区","東桜"],"4608574":[23,"名古屋市中区","丸の内","３丁目１１－４"],"4608451":[23,"名古屋市中区","栄","２丁目９番３号"],"4608656":[23,"名古屋市中区","丸の内","１丁目１７－１９長銀ビル"],"4600002":[23,"名古屋市中区","丸の内"],"4608523":[23,"名古屋市中区","三の丸","４丁目３－１法務合同庁舎"],"4608325":[23,"名古屋市中区","大須","２丁目４－８"],"4608559":[23,"名古屋市中区","丸の内","３丁目５－１０住友商事丸の内ビル"],"4608406":[23,"名古屋市中区","栄","３丁目１６番１号"],"4608431":[23,"名古屋市中区","錦","３丁目２０番２７号"],"4608473":[23,"名古屋市中区","新栄","２丁目２－２４"],"4608606":[23,"名古屋市中区","栄","２丁目２番２３号スワン名古屋伏見ビル４階"],"4608456":[23,"名古屋市中区","栄","１丁目２６番１１号"],"4608350":[23,"名古屋市中区","正木","３丁目５－１４"],"4608538":[23,"名古屋市中区","錦","３丁目２２番２０号"],"4608689":[23,"名古屋市中区","錦","２丁目１９－２２"],"4608388":[23,"名古屋市中区","千代田","２丁目１５－１８"],"4608468":[23,"名古屋市中区","栄","４丁目１－８中区役所朝日生命共同ビル"],"4608503":[23,"名古屋市中区","三の丸","１丁目４－１"],"4608588":[23,"名古屋市中区","錦","１丁目１８－２８"],"4600007":[23,"名古屋市中区","新栄"],"4608515":[23,"名古屋市中区","丸の内","３丁目５－１５"],"4608461":[23,"名古屋市中区","新栄","１丁目６－１５"],"4608685":[23,"名古屋市中区","栄","３丁目１５番３３号"],"4608765":[23,"名古屋市中区","栄","３丁目２－６"],"4600024":[23,"名古屋市中区","正木"],"4608434":[23,"名古屋市中区","栄","３丁目１４－２２"],"4608436":[23,"名古屋市中区","栄","３丁目１－１"],"4608623":[23,"名古屋市中区","錦","３丁目６番２９号サウスハウス４Ｆ"],"4608504":[23,"名古屋市中区","三の丸","１丁目４－１"],"4608534":[23,"名古屋市中区","三の丸","３丁目１番２号"],"4608333":[23,"名古屋市中区","上前津","２丁目８－１"],"4608525":[23,"名古屋市中区","錦","１丁目１７－１ＮＥＣ中部ビル"],"4600022":[23,"名古屋市中区","金山"],"4608475":[23,"名古屋市中区","新栄","１丁目６－１５"],"4608412":[23,"名古屋市中区","栄","１丁目７－３３サカエセンタービル"],"4608490":[23,"名古屋市中区","東桜","２丁目１８－３１"],"4608701":[23,"名古屋市中区","錦","３丁目１－１８"],"4608679":[23,"名古屋市中区","錦","２丁目４－１４"],"4608637":[23,"名古屋市中区","丸の内","２丁目９番４０号"],"4608610":[23,"名古屋市中区","錦","２丁目１８番１９号住友銀行名古屋ビル"],"4608625":[23,"名古屋市中区","錦","三丁目６番２９号"],"4608445":[23,"名古屋市中区","栄","４丁目１６－３６"],"4608633":[23,"名古屋市中区","錦","１丁目１８－２２ＡＴビル"],"4608417":[23,"名古屋市中区","新栄町","１丁目５番地"],"4608501":[23,"名古屋市中区","三の丸","３丁目１－２"],"4608669":[23,"名古屋市中区","栄","３丁目５－１"],"4608460":[23,"名古屋市中区","新栄","１丁目４－２３"],"4608703":[23,"名古屋市中区","栄","２丁目３－１"],"4608509":[23,"名古屋市中区","三の丸","１丁目７番４号"],"4608672":[23,"名古屋市中区","千代田","５丁目７番５号"],"4608608":[23,"名古屋市中区","錦","１丁目１９－３０"],"4608682":[23,"名古屋市中区","錦","２丁目６－６"],"4600021":[23,"名古屋市中区","平和"],"4600014":[23,"名古屋市中区","富士見町"],"4608380":[23,"名古屋市中区","金山","５丁目８－１"],"4608411":[23,"名古屋市中区","栄","１丁目７－２３"],"4608663":[23,"名古屋市中区","丸の内","２丁目２０－１９"],"4608560":[23,"名古屋市中区","丸の内","３丁目１４－１８"],"4608577":[23,"名古屋市中区","丸の内","１丁目７－１７"],"4608720":[23,"名古屋市中区","栄","１丁目８－１４"],"4608318":[23,"名古屋市中区","千代田","２丁目１６－３０"],"4608631":[23,"名古屋市中区","錦","１丁目１８－３３"],"4608617":[23,"名古屋市中区","錦","３丁目１－２２"],"4600003":[23,"名古屋市中区","錦"],"4600023":[23,"名古屋市中区","金山町"],"4608530":[23,"名古屋市中区","丸の内","１丁目３－１０"],"4608439":[23,"名古屋市中区","栄","４丁目２番７号栄イーストビル５階"],"4608440":[23,"名古屋市中区","栄","４丁目２－２９名古屋広小路プレイス１０Ｆ"],"4608586":[23,"名古屋市中区","錦","１丁目１８－２２名古屋ＡＴビル４Ｆ"],"4608620":[23,"名古屋市中区","錦","３丁目５－２１布袋ビル錦ＨＯＴＥＩビル７Ｆ"],"4608580":[23,"名古屋市中区","錦","１丁目３－７セイコー名古屋ビル"],"4600018":[23,"名古屋市中区","門前町"],"4608678":[23,"名古屋市中区","栄","３丁目１４－１２"],"4608491":[23,"名古屋市中区","葵","１丁目２０－２２"],"4608512":[23,"名古屋市中区","三の丸","２丁目６番１号"],"4608671":[23,"名古屋市中区","錦","２丁目１４－２７"],"4608653":[23,"名古屋市中区","錦","３丁目１５－３０"],"4608513":[23,"名古屋市中区","三の丸","２丁目２－１名古屋合同庁舎第１号館"],"4608665":[23,"名古屋市中区","栄","２丁目９－３"],"4608708":[23,"名古屋市中区","錦","２丁目１－１"],"4608402":[23,"名古屋市中区","栄","４丁目３－２６昭和ビル８Ｆ"],"4608690":[23,"名古屋市中区","正木","１丁目４－６"],"4608477":[23,"名古屋市中区","栄","２丁目１６番１５号"],"4608444":[23,"名古屋市中区","栄","３丁目８番８号名古屋平和ビル５Ｆ"],"4608481":[23,"名古屋市中区","新栄","１丁目７－１２"],"4600026":[23,"名古屋市中区","伊勢山"],"4608718":[23,"名古屋市中区","錦","２丁目３－１５"],"4608483":[23,"名古屋市中区","新栄町","２丁目９番地"],"4608602":[23,"名古屋市中区","錦","２丁目３－１６"],"4608674":[23,"名古屋市中区","栄","３丁目３－１"],"4608408":[23,"名古屋市中区","栄","１丁目２０－３１"],"4608566":[23,"名古屋市中区","丸の内","３丁目１９－３０"],"4608684":[23,"名古屋市中区","錦","２丁目１８－２４"],"4608506":[23,"名古屋市中区","三の丸","１丁目９－１"],"4608528":[23,"名古屋市中区","三の丸","２丁目２番１号"],"4608358":[23,"名古屋市中区","大須","四丁目１１番３９号"],"4608706":[23,"名古屋市中区","錦","１丁目１９－２４"],"4608521":[23,"名古屋市中区","三の丸","３丁目３－１"],"4608619":[23,"名古屋市中区","錦","３丁目２３－２１"],"4608667":[23,"名古屋市中区","錦","２丁目１３－１９"],"4608310":[23,"名古屋市中区","千代田","２丁目１２－１４"],"4608555":[23,"名古屋市中区","丸の内","２丁目１５－６"],"4608415":[23,"名古屋市中区","栄","４丁目２番２９号名古屋広小路プレイス６階"],"4608558":[23,"名古屋市中区","丸の内","３丁目４－１５"],"4600017":[23,"名古屋市中区","松原"],"4600012":[23,"名古屋市中区","千代田"],"4608533":[23,"名古屋市中区","丸の内","３丁目２－２６"],"4608657":[23,"名古屋市中区","大須","１丁目２１－１０"],"4608462":[23,"名古屋市中区","新栄町","１丁目５日石栄ビルディング４階"],"4608514":[23,"名古屋市中区","三の丸","２丁目５－１名古屋合同庁舎第２号館"],"4608432":[23,"名古屋市中区","栄","３丁目３４－１４"],"4608522":[23,"名古屋市中区","三の丸","３丁目３－２"],"4608651":[23,"名古屋市中区","錦","２丁目１２－２８"],"4608518":[23,"名古屋市中区","錦","３丁目１１－２３弘洋ビル４階"],"4600004":[23,"名古屋市中区","新栄町"],"4608405":[23,"名古屋市中区","新栄","１丁目２－８"],"4608455":[23,"名古屋市中区","栄","１丁目２３－２０"],"4608670":[23,"名古屋市中区","錦","３丁目２０－２７御幸ビル"],"4608541":[23,"名古屋市中区","錦","１丁目８番１１号ＤＩＮ錦ビル"],"4608312":[23,"名古屋市中区","千代田","４丁目２３－２共豊ビル４階"],"4608618":[23,"名古屋市中区","錦","３丁目９－２７"],"4608686":[23,"名古屋市中区","平和","１丁目１５－２７リオ第２ビル"],"4608508":[23,"名古屋市中区","三の丸","３丁目１－１"],"4608441":[23,"名古屋市中区","栄","４丁目１－１中日ビル"],"4608430":[23,"名古屋市中区","栄","３丁目１６－１"],"4600006":[23,"名古屋市中区","葵"],"4608425":[23,"名古屋市中区","栄","２丁目４番１８号"],"4608433":[23,"名古屋市中区","栄","３丁目７－２０日土地栄町ビル"],"4600001":[23,"名古屋市中区","三の丸"],"4608330":[23,"名古屋市中区","上前津","２丁目９－２９"],"4608611":[23,"名古屋市中区","錦","３丁目２４－１７日本生命栄町ビル３Ｆ"],"4608688":[23,"名古屋市中区","栄","３丁目４－５栄開発ビル"],"4608482":[23,"名古屋市中区","新栄町","１丁目５番地日石栄ビルディング６階"],"4608550":[23,"名古屋市中区","丸の内","３丁目６－１４"],"4608570":[23,"名古屋市中区","丸の内","３丁目１７－１６"],"4608585":[23,"名古屋市中区","錦","１丁目１０－１"],"4608472":[23,"名古屋市中区","新栄","２丁目１－９雲竜フレックスビル西館１２０５"],"4608314":[23,"名古屋市中区","橘","１丁目２８－９"],"4608403":[23,"名古屋市中区","栄","１丁目６－１４"],"4608650":[23,"名古屋市中区","大須","４丁目１１－３９"],"4608655":[23,"名古屋市中区","千代田","４丁目１３－２４"],"4600015":[23,"名古屋市中区","大井町"],"4608470":[23,"名古屋市中区","栄","１丁目１７－６"],"4608638":[23,"名古屋市中区","錦","１丁目１６番７号ＮＯＲＥ伏見ビル"],"4608485":[23,"名古屋市中区","千代田","４丁目２３番２号共豊ビル３階"],"4608524":[23,"名古屋市中区","三の丸","４丁目３－１名古屋法務合同庁舎"],"4608681":[23,"名古屋市中区","栄","３丁目３３－１３"],"4608320":[23,"名古屋市中区","松原","３丁目１３－１５"],"4608516":[23,"名古屋市中区","三の丸","一丁目２番２号"],"4600025":[23,"名古屋市中区","古渡町"]}
