{"1368648":[13,"江東区","新砂","２丁目３－４３"],"1368605":[13,"江東区","新木場","１丁目７－６"],"1368581":[13,"江東区","南砂","２丁目７－５"],"1368666":[13,"江東区","東砂","８丁目１９－２０"],"1368670":[13,"江東区","東砂","２丁目１４－５"],"1360082":[13,"江東区","新木場"],"1368723":[13,"江東区","亀戸","１丁目３－４"],"1368522":[13,"江東区","亀戸","１丁目８－８"],"1360076":[13,"江東区","南砂"],"1368506":[13,"江東区","亀戸","１丁目５－７日鐵ＮＤタワー"],"1368533":[13,"江東区","大島","３丁目１－３"],"1368405":[13,"江東区","新木場","１丁目７－２２新木場タワー"],"1360072":[13,"江東区","大島"],"1368686":[13,"江東区","南砂","２丁目３６－１１"],"1368611":[13,"江東区","新木場","４丁目１２－１２"],"1368512":[13,"江東区","亀戸","６丁目４１－６"],"1368515":[13,"江東区","亀戸","９丁目１１－１"],"1368607":[13,"江東区","新木場","４丁目１２－２２"],"1368550":[13,"江東区","大島","２丁目８－６"],"1368558":[13,"江東区","亀戸","１丁目５－７日鐵ＮＤタワー６階"],"1368531":[13,"江東区","大島","３丁目２－６"],"1368588":[13,"江東区","南砂","２丁目１１－１"],"1368523":[13,"江東区","亀戸","１丁目５－７ＮＤタワービル"],"1368502":[13,"江東区","亀戸","６丁目２０－７"],"1368560":[13,"江東区","南砂","１丁目８－２東水工ビル"],"1368570":[13,"江東区","新砂","１丁目１－１"],"1368540":[13,"江東区","大島","１丁目２－２３"],"1368630":[13,"江東区","新木場","１丁目３－１６"],"1360083":[13,"江東区","若洲"],"1360071":[13,"江東区","亀戸"],"1368525":[13,"江東区","亀戸","５丁目１６－９"],"1360075":[13,"江東区","新砂"],"1368640":[13,"江東区","新砂","１丁目２－３"],"1368513":[13,"江東区","亀戸","２丁目２１－１３"],"1360074":[13,"江東区","東砂"],"1368880":[13,"江東区","南砂","２丁目７－５"],"1368555":[13,"江東区","亀戸","１丁目５－７日鐵ＮＤタワー"],"1368507":[13,"江東区","亀戸","２丁目２５－１４"],"1368521":[13,"江東区","亀戸","１丁目１－６"],"1368622":[13,"江東区","新木場","３丁目２－１２"],"1368635":[13,"江東区","新砂","１丁目６－２７"],"1368505":[13,"江東区","亀戸","２丁目１７－８"],"1368577":[13,"江東区","亀戸","１丁目５－７日鐵ＮＤタワー１２Ｆ"],"1368627":[13,"江東区","新木場","１丁目１８－７"],"1368733":[13,"江東区","亀戸","１丁目５－７"],"1368620":[13,"江東区","亀戸","１丁目８－８"],"1368612":[13,"江東区","新木場","３丁目７－９"],"1360081":[13,"江東区","夢の島"],"1368501":[13,"江東区","亀戸","６丁目４１－１２"],"1360073":[13,"江東区","北砂"],"1368585":[13,"江東区","南砂","２丁目１０－１２"],"1368637":[13,"江東区","新砂","１丁目３－３"],"1368603":[13,"江東区","新木場","１丁目６－２６"],"1368580":[13,"江東区","南砂","３丁目３－４"],"1368626":[13,"江東区","新木場","１丁目４－５"],"1368675":[13,"江東区","南砂","２丁目５－１５"],"1368567":[13,"江東区","南砂","３丁目３－６共同砂町ビル２階"],"1368615":[13,"江東区","新木場","１丁目４－７"]}
