{"3930072":[20,"諏訪郡下諏訪町","桜町"],"3930074":[20,"諏訪郡下諏訪町","緑町"],"3930012":[20,"諏訪郡下諏訪町","横町"],"3930033":[20,"諏訪郡下諏訪町","高木"],"3930067":[20,"諏訪郡下諏訪町","矢木東"],"3930078":[20,"諏訪郡下諏訪町","田中町"],"3930008":[20,"諏訪郡下諏訪町","町屋敷"],"3938601":[20,"諏訪郡下諏訪町","広瀬町","５３１１"],"3930054":[20,"諏訪郡下諏訪町","菅野町"],"3930004":[20,"諏訪郡下諏訪町","東町下"],"3930016":[20,"諏訪郡下諏訪町","湯田町"],"3930068":[20,"諏訪郡下諏訪町","春日町"],"3930013":[20,"諏訪郡下諏訪町","小湯の上"],"3930075":[20,"諏訪郡下諏訪町","中央通"],"3930005":[20,"諏訪郡下諏訪町","東町中"],"3930052":[20,"諏訪郡下諏訪町","上久保"],"3938511":[20,"諏訪郡下諏訪町","広瀬町","５３２９"],"3938501":[20,"諏訪郡下諏訪町","西鷹野町","４６１３－８"],"3930084":[20,"諏訪郡下諏訪町","栄町"],"3930043":[20,"諏訪郡下諏訪町","東四王"],"3938503":[20,"諏訪郡下諏訪町","","５８０５"],"3930014":[20,"諏訪郡下諏訪町","木の下"],"3930045":[20,"諏訪郡下諏訪町","南四王"],"3930082":[20,"諏訪郡下諏訪町","西弥生町"],"3930042":[20,"諏訪郡下諏訪町","北四王"],"3930092":[20,"諏訪郡下諏訪町","大門"],"3930085":[20,"諏訪郡下諏訪町","東鷹野町"],"3930071":[20,"諏訪郡下諏訪町","仲町"],"3930034":[20,"諏訪郡下諏訪町","高浜"],"3930093":[20,"諏訪郡下諏訪町","東山田"],"3930018":[20,"諏訪郡下諏訪町","新町下"],"3930063":[20,"諏訪郡下諏訪町","花咲町"],"3930086":[20,"諏訪郡下諏訪町","清水町"],"3930065":[20,"諏訪郡下諏訪町","魁町"],"3930091":[20,"諏訪郡下諏訪町","星が丘"],"3930019":[20,"諏訪郡下諏訪町","横町木の下"],"3930044":[20,"諏訪郡下諏訪町","湖畔町"],"3930083":[20,"諏訪郡下諏訪町","東弥生町"],"3930026":[20,"諏訪郡下諏訪町","久保海道"],"3930023":[20,"諏訪郡下諏訪町","富ケ丘"],"3930025":[20,"諏訪郡下諏訪町","本郷"],"3930006":[20,"諏訪郡下諏訪町","東町上"],"3930015":[20,"諏訪郡下諏訪町","立町"],"3930003":[20,"諏訪郡下諏訪町","萩倉"],"3930081":[20,"諏訪郡下諏訪町","社東町"],"3930066":[20,"諏訪郡下諏訪町","曙町"],"3930011":[20,"諏訪郡下諏訪町","新町上"],"3930002":[20,"諏訪郡下諏訪町","東俣"],"3930021":[20,"諏訪郡下諏訪町","武居"],"3930046":[20,"諏訪郡下諏訪町","東赤砂"],"3930022":[20,"諏訪郡下諏訪町","関屋"],"3930000":[20,"諏訪郡下諏訪町",""],"3930076":[20,"諏訪郡下諏訪町","矢木西"],"3938585":[20,"諏訪郡下諏訪町","御田町上","３１２８"],"3930064":[20,"諏訪郡下諏訪町","中汐町"],"3930077":[20,"諏訪郡下諏訪町","矢木町"],"3930001":[20,"諏訪郡下諏訪町","樋橋"],"3930017":[20,"諏訪郡下諏訪町","湯田仲町"],"3930007":[20,"諏訪郡下諏訪町","下屋敷"],"3930024":[20,"諏訪郡下諏訪町","五官"],"3930056":[20,"諏訪郡下諏訪町","広瀬町"],"3930055":[20,"諏訪郡下諏訪町","富士見町"],"3930031":[20,"諏訪郡下諏訪町","東豊"],"3938502":[20,"諏訪郡下諏訪町","","５７７３"],"3930053":[20,"諏訪郡下諏訪町","上馬場"],"3930061":[20,"諏訪郡下諏訪町","御田町"],"3930062":[20,"諏訪郡下諏訪町","平沢町"],"3930035":[20,"諏訪郡下諏訪町","西豊"],"3930032":[20,"諏訪郡下諏訪町","西浜"],"3930057":[20,"諏訪郡下諏訪町","友之町"],"3930073":[20,"諏訪郡下諏訪町","塚田町"],"3930087":[20,"諏訪郡下諏訪町","西鷹野町"],"3930047":[20,"諏訪郡下諏訪町","西赤砂"],"3930041":[20,"諏訪郡下諏訪町","西四王"],"3930051":[20,"諏訪郡下諏訪町","大社通"]}
