{"1510063":[13,"渋谷区","富ケ谷"],"1518555":[13,"渋谷区","代々木","１丁目３８－２"],"1518527":[13,"渋谷区","代々木","３丁目２５－３大東京火災新宿ビル"],"1518590":[13,"渋谷区","代々木","３丁目３８－７"],"1518576":[13,"渋谷区","西原","１丁目２９－２"],"1518547":[13,"渋谷区","代々木","３丁目２２－１"],"1518401":[13,"渋谷区","代々木","３丁目４０－７"],"1518573":[13,"渋谷区","代々木","１丁目２１－１０代々木クロダビル"],"1518533":[13,"渋谷区","笹塚","１丁目５０－１笹塚ＮＡビルディング"],"1510062":[13,"渋谷区","元代々木町"],"1518548":[13,"渋谷区","代々木","５丁目３８－６"],"1518535":[13,"渋谷区","幡ケ谷","１丁目１１－６"],"1518532":[13,"渋谷区","千駄ケ谷","４丁目８－１６"],"1518574":[13,"渋谷区","代々木","１丁目５３－１"],"1518554":[13,"渋谷区","富ケ谷","１丁目１２－１０"],"1518530":[13,"渋谷区","代々木","３丁目２５－３"],"1518549":[13,"渋谷区","幡ケ谷","２丁目６－５梅村ビル８Ｆ"],"1518521":[13,"渋谷区","代々木","３丁目２２－１"],"1518502":[13,"渋谷区","千駄ケ谷","１丁目２０－６"],"1518565":[13,"渋谷区","幡ケ谷","１丁目３１－１０"],"1518517":[13,"渋谷区","代々木","２丁目１－１新宿マインズタワー２８Ｆ"],"1518674":[13,"渋谷区","代々木","２丁目１２－２"],"1518586":[13,"渋谷区","千駄ケ谷","４丁目２６－７"],"1518539":[13,"渋谷区","代々木","１丁目５３－１"],"1518671":[13,"渋谷区","初台","１丁目２５－７"],"1518542":[13,"渋谷区","千駄ケ谷","３丁目５３－２ＢＩＺ原宿２Ｆ"],"1518583":[13,"渋谷区","代々木","２丁目２－１"],"1518540":[13,"渋谷区","上原","３丁目６－１２"],"1510066":[13,"渋谷区","西原"],"1518504":[13,"渋谷区","代々木","２丁目４－９新宿三信ビル"],"1518536":[13,"渋谷区","千駄ケ谷","３丁目５４－１"],"1518563":[13,"渋谷区","千駄ケ谷","５丁目２５－５"],"1518561":[13,"渋谷区","代々木","４丁目３１－６西新宿松屋ビル"],"1518584":[13,"渋谷区","幡ケ谷","２丁目４４－１"],"1518516":[13,"渋谷区","千駄ケ谷","２丁目３９－９"],"1518541":[13,"渋谷区","笹塚","１丁目５０－１"],"1518600":[13,"渋谷区","上原","３丁目６－６オークハウス２０１"],"1518566":[13,"渋谷区","千駄ケ谷","４丁目６－１５ＧＳＫビル"],"1518505":[13,"渋谷区","代々木","３丁目４６－１８"],"1518534":[13,"渋谷区","代々木","２丁目２－２"],"1518524":[13,"渋谷区","代々木","３丁目２２－７"],"1510051":[13,"渋谷区","千駄ケ谷"],"1518672":[13,"渋谷区","千駄ヶ谷","４丁目４丁目２－１２"],"1510065":[13,"渋谷区","大山町"],"1518518":[13,"渋谷区","代々木","２丁目１－１新宿マインズタワー１５Ｆ"],"1518511":[13,"渋谷区","富ケ谷","１丁目１－１"],"1518503":[13,"渋谷区","千駄ケ谷","４丁目２５－２"],"1518525":[13,"渋谷区","初台","１丁目４６－３シモモトビル５Ｆ"],"1518568":[13,"渋谷区","千駄ケ谷","５丁目１０－６"],"1518545":[13,"渋谷区","代々木","５丁目１４－１２"],"1518675":[13,"渋谷区","千駄ヶ谷","４丁目２６－７"],"1518569":[13,"渋谷区","笹塚","１丁目５０－１笹塚ＮＡビル"],"1518562":[13,"渋谷区","初台","１丁目４７－１小田急西新宿ビル"],"1510071":[13,"渋谷区","本町"],"1510061":[13,"渋谷区","初台"],"1518572":[13,"渋谷区","代々木","１丁目２０－２ロレアルビル"],"1518537":[13,"渋谷区","千駄ケ谷","５丁目２７－５"],"1518587":[13,"渋谷区","笹塚","１丁目２１－１７"],"1518544":[13,"渋谷区","代々木","３丁目２２－７新宿文化クイントビル"],"1518585":[13,"渋谷区","代々木","２丁目１１－１７"],"1518531":[13,"渋谷区","代々木","２丁目１２－１０全労済会館６Ｆ"],"1518559":[13,"渋谷区","代々木","１丁目２７－１６"],"1518538":[13,"渋谷区","千駄ケ谷","３丁目１１－８"],"1518578":[13,"渋谷区","代々木","２丁目２－２"],"1518673":[13,"渋谷区","千駄ヶ谷","３丁目４－１５"],"1510072":[13,"渋谷区","幡ケ谷"],"1518523":[13,"渋谷区","代々木","３丁目２２－１"],"1510064":[13,"渋谷区","上原"],"1518507":[13,"渋谷区","千駄ケ谷","３丁目５０－１１"],"1518543":[13,"渋谷区","本町","１丁目６－２"],"1518577":[13,"渋谷区","幡ケ谷","２丁目１－１０－１０１"],"1518677":[13,"渋谷区","富ヶ谷","２丁目２８－４"],"1510053":[13,"渋谷区","代々木"],"1518571":[13,"渋谷区","代々木","２丁目１２－１０"],"1518570":[13,"渋谷区","千駄ケ谷","４丁目２５－２"],"1518509":[13,"渋谷区","千駄ケ谷","４丁目８－６"],"1510073":[13,"渋谷区","笹塚"],"1518528":[13,"渋谷区","代々木","２丁目１－３"],"1510052":[13,"渋谷区","代々木神園町"],"1518529":[13,"渋谷区","代々木","３丁目２２－１"],"1518510":[13,"渋谷区","千駄ケ谷","３丁目１－１"],"1518676":[13,"渋谷区","幡ヶ谷","１丁目３０－１４"],"1518552":[13,"渋谷区","代々木","１丁目６０－１１"],"1518567":[13,"渋谷区","代々木","５丁目７－５"],"1518522":[13,"渋谷区","代々木","３丁目２２－１"],"1518519":[13,"渋谷区","代々木","３丁目３８－７"],"1518404":[13,"渋谷区","代々木","１丁目２２－１"]}
