{"3978588":[20,"木曽郡木曽町","福島","２３２６番地６"],"3970101":[20,"木曽郡木曽町","三岳"],"3970002":[20,"木曽郡木曽町","新開"],"3978585":[20,"木曽郡木曽町","福島","５１２９"],"3970001":[20,"木曽郡木曽町","福島"],"3978555":[20,"木曽郡木曽町","福島","６６１３－４"],"3978571":[20,"木曽郡木曽町","福島","１８２７－２"],"3978609":[20,"木曽郡木曽町","福島","５０５６－１"],"3970292":[20,"木曽郡王滝村","此島","１００番地１"],"3970301":[20,"木曽郡木曽町","開田高原末川"],"3970003":[20,"木曽郡木曽町","新開福"],"3978602":[20,"木曽郡木曽町","福島","５６３７－１"],"3978567":[20,"木曽郡木曽町","新開","４２３６"],"3970000":[20,"木曽郡木曽町",""],"3970302":[20,"木曽郡木曽町","開田高原西野"],"3970201":[20,"木曽郡王滝村",""],"3970392":[20,"木曽郡木曽町","開田高原西野","６２３－１"]}
