{"4928057":[23,"稲沢市","下津長田町"],"4928066":[23,"稲沢市","下津新町"],"4928214":[23,"稲沢市","大塚南"],"4928013":[23,"稲沢市","赤池寺東町"],"4928271":[23,"稲沢市","石橋"],"4928425":[23,"稲沢市","増田北町"],"4928108":[23,"稲沢市","子生和子安賀町"],"4928651":[23,"稲沢市","","中島都市計画事業尾張西部都市拠点地区土地区画整理事業２０街区１、２、"],"4928546":[23,"稲沢市","高重中町","５３"],"4928412":[23,"稲沢市","大矢町"],"4928421":[23,"稲沢市","高重西町"],"4928601":[23,"稲沢市","","中島都市計画事業尾張西部都市拠点地区土地区画整理事業１３街区２－２、"],"4928054":[23,"稲沢市","下津片町"],"4928683":[23,"稲沢市","西町","３丁目１５番１号"],"4928209":[23,"稲沢市","木全町"],"4928342":[23,"稲沢市","矢合町"],"4928125":[23,"稲沢市","治郎丸清敷町"],"4928466":[23,"稲沢市","井堀江西町"],"4920000":[23,"稲沢市",""],"4928262":[23,"稲沢市","池部町"],"4928308":[23,"稲沢市","生出河戸町"],"4928446":[23,"稲沢市","目比町"],"4928146":[23,"稲沢市","御供所町"],"4928363":[23,"稲沢市","一色跡之口町"],"4928327":[23,"稲沢市","西島中町"],"4928003":[23,"稲沢市","赤池西出町"],"4928384":[23,"稲沢市","横野東郷町"],"4928073":[23,"稲沢市","下津南信正寺町"],"4928173":[23,"稲沢市","北市場町"],"4928208":[23,"稲沢市","松下"],"4928257":[23,"稲沢市","奥田島崎町"],"4928371":[23,"稲沢市","一色上方町"],"4928682":[23,"稲沢市","菱町","１"],"4928008":[23,"稲沢市","赤池町"],"4928329":[23,"稲沢市","西島町"],"4928002":[23,"稲沢市","赤池居道町"],"4928355":[23,"稲沢市","片原一色町"],"4928203":[23,"稲沢市","島小原町"],"4928323":[23,"稲沢市","西島新町"],"4928338":[23,"稲沢市","平金森町"],"4928436":[23,"稲沢市","中之庄海道町"],"4928122":[23,"稲沢市","治郎丸元町"],"4928105":[23,"稲沢市","子生和円場町"],"4928230":[23,"稲沢市","稲島東"],"4928542":[23,"稲沢市","北島町","米屋境１"],"4928443":[23,"稲沢市","牛踏町"],"4928351":[23,"稲沢市","一色竹橋町"],"4928233":[23,"稲沢市","奥田町"],"4928439":[23,"稲沢市","七ツ寺町"],"4928404":[23,"稲沢市","千代西町"],"4928372":[23,"稲沢市","一色中屋敷町"],"4928165":[23,"稲沢市","井之口鶴田町"],"4928078":[23,"稲沢市","下津寺前町"],"4928182":[23,"稲沢市","日下部中町"],"4928137":[23,"稲沢市","国府宮"],"4928465":[23,"稲沢市","井堀犬城町"],"4928278":[23,"稲沢市","天池金山町"],"4928456":[23,"稲沢市","氷室町"],"4928115":[23,"稲沢市","治郎丸東町"],"4928310":[23,"稲沢市","下屋"],"4928523":[23,"稲沢市","松下","１丁目６－１"],"4928416":[23,"稲沢市","大矢白山町"],"4928083":[23,"稲沢市","下津森町"],"4928226":[23,"稲沢市","奥田大門町"],"4928244":[23,"稲沢市","奥田下河町"],"4928025":[23,"稲沢市","赤池中町"],"4928157":[23,"稲沢市","井之口柿ノ木町"],"4928162":[23,"稲沢市","井之口小番戸町"],"4928218":[23,"稲沢市","西町"],"4928452":[23,"稲沢市","西溝口町"],"4928426":[23,"稲沢市","増田東町"],"4928418":[23,"稲沢市","大矢高田町"],"4928103":[23,"稲沢市","子生和溝師町"],"4928462":[23,"稲沢市","井堀高見町"],"4928332":[23,"稲沢市","平尾苅町"],"4928621":[23,"稲沢市","奥田酒伊町","１"],"4928435":[23,"稲沢市","中之庄町"],"4928317":[23,"稲沢市","清水八神町"],"4928011":[23,"稲沢市","赤池前山町"],"4928304":[23,"稲沢市","生出山田町"],"4928153":[23,"稲沢市","井之口町"],"4928282":[23,"稲沢市","天池東町"],"4928036":[23,"稲沢市","陸田本町"],"4928113":[23,"稲沢市","治郎丸神木町"],"4928528":[23,"稲沢市","松下","２丁目３－７"],"4928406":[23,"稲沢市","井堀大縄町"],"4928202":[23,"稲沢市","島東之郷町"],"4928429":[23,"稲沢市","増田西町"],"4928215":[23,"稲沢市","大塚北"],"4928077":[23,"稲沢市","下津土山町"],"4928186":[23,"稲沢市","日下部町"],"4928431":[23,"稲沢市","中之庄高畑町"],"4928222":[23,"稲沢市","奥田天目寺町"],"4928102":[23,"稲沢市","子生和神明町"],"4928210":[23,"稲沢市","木全"],"4928064":[23,"稲沢市","下津二本杉町"],"4928223":[23,"稲沢市","奥田井之下町"],"4928067":[23,"稲沢市","下津北山町"],"4928307":[23,"稲沢市","生出上山町"],"4928444":[23,"稲沢市","込野町"],"4928451":[23,"稲沢市","板葺町"],"4928387":[23,"稲沢市","横野神田町"],"4928311":[23,"稲沢市","清水西川原町"],"4928056":[23,"稲沢市","下津鞍掛町"],"4928143":[23,"稲沢市","駅前"],"4928521":[23,"稲沢市","西町","１丁目１－４１"],"4928161":[23,"稲沢市","菱町"],"4928283":[23,"稲沢市","天池浪寄町"],"4928407":[23,"稲沢市","井堀宿塚町"],"4928339":[23,"稲沢市","平江向町"],"4928166":[23,"稲沢市","井之口沖ノ田町"],"4928251":[23,"稲沢市","東緑町"],"4928345":[23,"稲沢市","山口宮前町"],"4928434":[23,"稲沢市","中之庄堤畔町"],"4928004":[23,"稲沢市","赤池裏田町"],"4928112":[23,"稲沢市","子生和坂田町"],"4928383":[23,"稲沢市","横野東出町"],"4928236":[23,"稲沢市","奥田寺切町"],"4928263":[23,"稲沢市","平野"],"4928525":[23,"稲沢市","朝府町","１５－１２"],"4928417":[23,"稲沢市","大矢仙口町"],"4928687":[23,"稲沢市","天池五反田町","１番地"],"4928055":[23,"稲沢市","下津穂所町"],"4928393":[23,"稲沢市","中野宮町"],"4928335":[23,"稲沢市","法花寺町"],"4928511":[23,"稲沢市","国府宮町","１００"],"4928341":[23,"稲沢市","馬場町"],"4928241":[23,"稲沢市","奥田田畑町"],"4928548":[23,"稲沢市","北島町","大門東３７－１"],"4928175":[23,"稲沢市","北市場南町"],"4928413":[23,"稲沢市","大矢江西町"],"4928172":[23,"稲沢市","六角堂東町"],"4928410":[23,"稲沢市","北島"],"4928033":[23,"稲沢市","陸田一里山町"],"4928158":[23,"稲沢市","井之口白山町"],"4928239":[23,"稲沢市","奥田中切町"],"4928356":[23,"稲沢市","一色市場町"],"4928204":[23,"稲沢市","島高須賀町"],"4928463":[23,"稲沢市","井堀中郷町"],"4928220":[23,"稲沢市","前田"],"4928063":[23,"稲沢市","下津矢口町"],"4928364":[23,"稲沢市","一色森山町"],"4928272":[23,"稲沢市","桜木"],"4928154":[23,"稲沢市","井之口本町"],"4928124":[23,"稲沢市","治郎丸土井町"],"4928336":[23,"稲沢市","平苅田町"],"4928386":[23,"稲沢市","横野松前町"],"4928232":[23,"稲沢市","奥田酒伊町"],"4928068":[23,"稲沢市","下津小井戸町"],"4928289":[23,"稲沢市","竹腰本町"],"4928321":[23,"稲沢市","西島北町"],"4928403":[23,"稲沢市","千代"],"4928352":[23,"稲沢市","一色神宮町"],"4928207":[23,"稲沢市","稲島町"],"4928072":[23,"稲沢市","下津北信正寺町"],"4928433":[23,"稲沢市","中之庄元屋敷町"],"4928373":[23,"稲沢市","一色中通町"],"4928392":[23,"稲沢市","中野元町"],"4928051":[23,"稲沢市","下津光明寺町"],"4928134":[23,"稲沢市","治郎丸大角町"],"4928314":[23,"稲沢市","清水町"],"4928121":[23,"稲沢市","治郎丸柳町"],"4928256":[23,"稲沢市","奥田北花ノ木町"],"4928328":[23,"稲沢市","西島"],"4928265":[23,"稲沢市","小寺町"],"4928145":[23,"稲沢市","正明寺"],"4928302":[23,"稲沢市","生出西道根町"],"4928347":[23,"稲沢市","山口町"],"4928318":[23,"稲沢市","浅井町"],"4928138":[23,"稲沢市","国府宮町"],"4928274":[23,"稲沢市","天池光田町"],"4928012":[23,"稲沢市","赤池天王町"],"4928448":[23,"稲沢市","北麻績町"],"4928032":[23,"稲沢市","陸田東出町"],"4928288":[23,"稲沢市","竹腰北町"],"4928357":[23,"稲沢市","一色道上町"],"4928424":[23,"稲沢市","高重東町"],"4928037":[23,"稲沢市","陸田白山町"],"4928084":[23,"稲沢市","下津南山町"],"4928021":[23,"稲沢市","赤池東山町"],"4928229":[23,"稲沢市","稲島"],"4928117":[23,"稲沢市","治郎丸高須町"],"4928181":[23,"稲沢市","日下部北町"],"4928126":[23,"稲沢市","治郎丸郷前町"],"4928242":[23,"稲沢市","奥田町田畑切"],"4928219":[23,"稲沢市","稲葉"],"4928269":[23,"稲沢市","稲府町"],"4928319":[23,"稲沢市","下屋町"],"4928254":[23,"稲沢市","奥田宮長町"],"4928245":[23,"稲沢市","奥田南花ノ木町"],"4928303":[23,"稲沢市","生出東道根町"],"4928286":[23,"稲沢市","竹腰中町"],"4928184":[23,"稲沢市","日下部松野町"],"4928366":[23,"稲沢市","一色川俣町"],"4928118":[23,"稲沢市","治郎丸北町"],"4928375":[23,"稲沢市","一色巡見町"],"4928520":[23,"稲沢市","稲沢町","前田３６５"],"4928171":[23,"稲沢市","六角堂西町"],"4928441":[23,"稲沢市","福島町"],"4928315":[23,"稲沢市","清水郷西町"],"4928461":[23,"稲沢市","井堀北出町"],"4928216":[23,"稲沢市","大塚町"],"4928185":[23,"稲沢市","日下部西町"],"4928353":[23,"稲沢市","一色藤塚町"],"4928445":[23,"稲沢市","南麻績町"],"4928325":[23,"稲沢市","西島東町"],"4928034":[23,"稲沢市","陸田栗林町"],"4928427":[23,"稲沢市","増田南町"],"4928211":[23,"稲沢市","稲沢町北山"],"4928405":[23,"稲沢市","堀之内町"],"4928131":[23,"稲沢市","治郎丸古江町"],"4928464":[23,"稲沢市","井堀下郷町"],"4928381":[23,"稲沢市","横野西郷町"],"4928075":[23,"稲沢市","下津町"],"4928111":[23,"稲沢市","子生和小原町"],"4928235":[23,"稲沢市","奥田立長町"],"4928273":[23,"稲沢市","桜木宮前町"],"4928408":[23,"稲沢市","井堀川東町"],"4928414":[23,"稲沢市","大矢浄土寺町"],"4928116":[23,"稲沢市","治郎丸西町"],"4928545":[23,"稲沢市","大矢町","茨島３０"],"4928225":[23,"稲沢市","奥田膳棚町"],"4928119":[23,"稲沢市","治郎丸大明町"],"4928331":[23,"稲沢市","平佛供田町"],"4928468":[23,"稲沢市","井堀野口町"],"4928246":[23,"稲沢市","奥田計用町"],"4928510":[23,"稲沢市","御供所町","１－１"],"4928255":[23,"稲沢市","奥田天神町"],"4928174":[23,"稲沢市","北市場西町"],"4928264":[23,"稲沢市","平野町"],"4928177":[23,"稲沢市","日下部東町"],"4928301":[23,"稲沢市","生出本町"],"4928437":[23,"稲沢市","中之庄長堤町"],"4928127":[23,"稲沢市","治郎丸南町"],"4928022":[23,"稲沢市","赤池坂畑町"],"4928142":[23,"稲沢市","長野"],"4928681":[23,"稲沢市","天池五反田町","１"],"4928423":[23,"稲沢市","高重中町"],"4928322":[23,"稲沢市","西島出町"],"4928455":[23,"稲沢市","田代"],"4928031":[23,"稲沢市","陸田高畑町"],"4928167":[23,"稲沢市","長束町"],"4928007":[23,"稲沢市","赤池山中町"],"4928155":[23,"稲沢市","井之口四家町"],"4928337":[23,"稲沢市","平細工蔵町"],"4928016":[23,"稲沢市","赤池宮西町"],"4928447":[23,"稲沢市","野崎町"],"4928361":[23,"稲沢市","一色長畑町"],"4928334":[23,"稲沢市","平高道町"],"4928540":[23,"稲沢市","北島町","西の町３０"],"4928306":[23,"稲沢市","生出横西町"],"4928243":[23,"稲沢市","奥田木塚町"],"4928432":[23,"稲沢市","中之庄半田町"],"4928680":[23,"稲沢市","天池五反田町","１"],"4928686":[23,"稲沢市","天池五反田町","１番地"],"4928135":[23,"稲沢市","治郎丸石塚町"],"4928101":[23,"稲沢市","子生和池田町"],"4928213":[23,"稲沢市","高御堂"],"4928646":[23,"稲沢市","北麻績町","沼２３"],"4928348":[23,"稲沢市","馬場"],"4928277":[23,"稲沢市","天池牧作町"],"4928205":[23,"稲沢市","島町"],"4928312":[23,"稲沢市","清水八尻町"],"4928164":[23,"稲沢市","井之口大坪町"],"4928501":[23,"稲沢市","下津下町東","５丁目１"],"4928401":[23,"稲沢市","梅須賀町"],"4928344":[23,"稲沢市","山口南町"],"4928389":[23,"稲沢市","横野町"],"4928038":[23,"稲沢市","陸田町"],"4928043":[23,"稲沢市","陸田馬山町"],"4928228":[23,"稲沢市","奥田長角町"],"4928152":[23,"稲沢市","井之口大宮町"],"4928252":[23,"稲沢市","緑町"],"4928402":[23,"稲沢市","千代町"],"4928052":[23,"稲沢市","下津ふじ塚町"],"4928261":[23,"稲沢市","重本"],"4928268":[23,"稲沢市","朝府町"],"4928085":[23,"稲沢市","下津丹下田町"],"4928109":[23,"稲沢市","子生和山王町"],"4928326":[23,"稲沢市","西島本町"],"4928467":[23,"稲沢市","井堀蒲六町"],"4928212":[23,"稲沢市","小沢"],"4928529":[23,"稲沢市","西町","１丁目１－４１"],"4928136":[23,"稲沢市","小池正明寺北街道"],"4928238":[23,"稲沢市","奥田堀畑町"],"4928014":[23,"稲沢市","赤池北町"],"4928163":[23,"稲沢市","井之口石塚町"],"4928104":[23,"稲沢市","子生和八島町"],"4928206":[23,"稲沢市","稲島法成寺町"],"4928082":[23,"稲沢市","下津下町西"],"4928267":[23,"稲沢市","船橋町"],"4928035":[23,"稲沢市","陸田宮前町"],"4928275":[23,"稲沢市","天池五反田町"],"4928285":[23,"稲沢市","竹腰東町"],"4928419":[23,"稲沢市","大矢真宮町"],"4928065":[23,"稲沢市","下津大門町"],"4928106":[23,"稲沢市","子生和町"],"4928053":[23,"稲沢市","下津蛇池町"],"4928132":[23,"稲沢市","治郎丸天神町"],"4928224":[23,"稲沢市","奥田大沢町"],"4928061":[23,"稲沢市","下津高戸町"],"4928512":[23,"稲沢市","正明寺","２丁目２７－２２"],"4928141":[23,"稲沢市","長野町"],"4928385":[23,"稲沢市","横野河原町"],"4928362":[23,"稲沢市","一色青海町"],"4928305":[23,"稲沢市","生出郷前町"],"4928017":[23,"稲沢市","赤池旗屋町"],"4928001":[23,"稲沢市","赤池池田町"],"4928231":[23,"稲沢市","奥田流町"],"4928382":[23,"稲沢市","横野堂根町"],"4928365":[23,"稲沢市","一色下方町"],"4928409":[23,"稲沢市","井堀橋下町"],"4928502":[23,"稲沢市","陸田一里山町","５３"],"4928144":[23,"稲沢市","小池"],"4928684":[23,"稲沢市","西町","３丁目１５番１号"],"4928453":[23,"稲沢市","今村町"],"4928139":[23,"稲沢市","国府宮神田町"],"4928058":[23,"稲沢市","下津牛洗町"],"4928234":[23,"稲沢市","奥田切田町"],"4928316":[23,"稲沢市","清水寺前町"],"4928133":[23,"稲沢市","治郎丸細道町"],"4928062":[23,"稲沢市","下津住吉町"],"4928156":[23,"稲沢市","井之口親畑町"],"4928374":[23,"稲沢市","一色西町"],"4928391":[23,"稲沢市","中野川端町"],"4928071":[23,"稲沢市","下津本郷町"],"4928041":[23,"稲沢市","陸田丸之内町"],"4928074":[23,"稲沢市","下津下町東"],"4928123":[23,"稲沢市","治郎丸白山町"],"4928015":[23,"稲沢市","赤池北池田町"],"4928201":[23,"稲沢市","島子安賀町"],"4928442":[23,"稲沢市","附島町"],"4928114":[23,"稲沢市","治郎丸椿町"],"4928107":[23,"稲沢市","子生和住吉町"],"4928428":[23,"稲沢市","増田町"],"4928411":[23,"稲沢市","北島町"],"4928628":[23,"稲沢市","高御堂","１丁目３－１８"],"4928076":[23,"稲沢市","下津宮西町"],"4928024":[23,"稲沢市","赤池南町"],"4928081":[23,"稲沢市","下津油田町"],"4928354":[23,"稲沢市","一色三反田町"],"4928176":[23,"稲沢市","日下部花ノ木町"],"4928541":[23,"稲沢市","北島町","西の町１０"],"4928313":[23,"稲沢市","清水阿原町"],"4928147":[23,"稲沢市","小池正明寺町"],"4928287":[23,"稲沢市","竹腰西町"],"4928513":[23,"稲沢市","小池","１丁目８－５"],"4928221":[23,"稲沢市","幸町"],"4928284":[23,"稲沢市","天池西町"],"4928183":[23,"稲沢市","日下部南町"],"4928438":[23,"稲沢市","堀田町"],"4928006":[23,"稲沢市","赤池真崎町"],"4928388":[23,"稲沢市","横野境塚町"],"4928005":[23,"稲沢市","赤池陣出町"],"4928358":[23,"稲沢市","一色白山町"],"4928279":[23,"稲沢市","天池遠松町"],"4928422":[23,"稲沢市","高重町"],"4928227":[23,"稲沢市","奥田白山町"],"4928023":[23,"稲沢市","赤池広畑町"],"4928266":[23,"稲沢市","横地"],"4928281":[23,"稲沢市","天池伝代町"],"4928151":[23,"稲沢市","井之口北畑町"],"4928622":[23,"稲沢市","幸町","１２０－１"],"4928276":[23,"稲沢市","天池町"],"4928346":[23,"稲沢市","山口本町"],"4928237":[23,"稲沢市","奥田馬場町"],"4928217":[23,"稲沢市","稲沢町"],"4928333":[23,"稲沢市","平蜂ノ坪町"],"4928042":[23,"稲沢市","陸田花塚町"],"4928343":[23,"稲沢市","儀長町"],"4928547":[23,"稲沢市","北麻績町","沼１－５"],"4928415":[23,"稲沢市","大矢青山町"],"4928685":[23,"稲沢市","天池五反田町","１番地"],"4928454":[23,"稲沢市","坂田町"],"4928128":[23,"稲沢市","治郎丸中町"],"4928253":[23,"稲沢市","奥田神ノ木町"]}
