{"1238511":[13,"足立区","新田","３丁目８－２２"],"1230852":[13,"足立区","関原"],"1230874":[13,"足立区","堀之内"],"1230845":[13,"足立区","西新井本町"],"1238585":[13,"足立区","西新井栄町","１丁目１８－１"],"1230857":[13,"足立区","本木北町"],"1238509":[13,"足立区","鹿浜","３丁目３－３"],"1230844":[13,"足立区","興野"],"1230856":[13,"足立区","本木西町"],"1230843":[13,"足立区","西新井栄町"],"1230864":[13,"足立区","鹿浜"],"1230842":[13,"足立区","栗原"],"1238508":[13,"足立区","谷在家","３丁目２９－５"],"1238505":[13,"足立区","堀之内","１丁目１３－１０"],"1238588":[13,"足立区","堀之内","１丁目１４－２０"],"1230853":[13,"足立区","本木"],"1230863":[13,"足立区","谷在家"],"1238503":[13,"足立区","西新井本町","２丁目１２－１２"],"1230841":[13,"足立区","西新井"],"1238506":[13,"足立区","堀之内","１丁目１５－３"],"1230865":[13,"足立区","新田"],"1230873":[13,"足立区","扇"],"1238501":[13,"足立区","栗原","３丁目１０－１６"],"1230872":[13,"足立区","江北"],"1230861":[13,"足立区","加賀"],"1230851":[13,"足立区","梅田"],"1230871":[13,"足立区","椿"],"1230854":[13,"足立区","本木東町"],"1238514":[13,"足立区","江北","４丁目９－１"],"1238517":[13,"足立区","江北","５丁目５－５"],"1230855":[13,"足立区","本木南町"],"1230862":[13,"足立区","皿沼"]}
