{"4680026":[23,"名古屋市天白区","土原"],"4680075":[23,"名古屋市天白区","御幸山"],"4680042":[23,"名古屋市天白区","海老山町"],"4680051":[23,"名古屋市天白区","植田"],"4680031":[23,"名古屋市天白区","高宮町"],"4688531":[23,"名古屋市天白区","井の森町","２２２"],"4680077":[23,"名古屋市天白区","八事山"],"4680038":[23,"名古屋市天白区","山根町"],"4680032":[23,"名古屋市天白区","山郷町"],"4680021":[23,"名古屋市天白区","天白町平針"],"4680054":[23,"名古屋市天白区","横町"],"4680008":[23,"名古屋市天白区","一本松"],"4680020":[23,"名古屋市天白区","平針南"],"4680007":[23,"名古屋市天白区","植田本町"],"4688588":[23,"名古屋市天白区","中砂町","３１０"],"4680074":[23,"名古屋市天白区","八幡山"],"4680037":[23,"名古屋市天白区","天白町野並"],"4680041":[23,"名古屋市天白区","保呂町"],"4680012":[23,"名古屋市天白区","向が丘"],"4680015":[23,"名古屋市天白区","原"],"4680043":[23,"名古屋市天白区","菅田"],"4680076":[23,"名古屋市天白区","八事石坂"],"4680055":[23,"名古屋市天白区","池場"],"4680064":[23,"名古屋市天白区","道明町"],"4680011":[23,"名古屋市天白区","平針"],"4688520":[23,"名古屋市天白区","平針","４丁目３０５"],"4680049":[23,"名古屋市天白区","福池"],"4680062":[23,"名古屋市天白区","弥生が岡"],"4680022":[23,"名古屋市天白区","高島"],"4680044":[23,"名古屋市天白区","笹原町"],"4680005":[23,"名古屋市天白区","天白町植田"],"4680000":[23,"名古屋市天白区",""],"4680073":[23,"名古屋市天白区","塩釜口"],"4680023":[23,"名古屋市天白区","御前場町"],"4688513":[23,"名古屋市天白区","天白町大字平針","字黒石２８４５"],"4688501":[23,"名古屋市天白区","平針","２丁目３０３"],"4688502":[23,"名古屋市天白区","塩釜口","１丁目５０１"],"4680065":[23,"名古屋市天白区","中砂町"],"4688504":[23,"名古屋市天白区","元八事","４丁目２４５"],"4680068":[23,"名古屋市天白区","表台"],"4680048":[23,"名古屋市天白区","中坪町"],"4680001":[23,"名古屋市天白区","植田山"],"4688507":[23,"名古屋市天白区","高宮町","１３０２番地"],"4680071":[23,"名古屋市天白区","天白町八事"],"4680053":[23,"名古屋市天白区","植田南"],"4688536":[23,"名古屋市天白区","植田","３丁目５０６"],"4680004":[23,"名古屋市天白区","梅が丘"],"4680058":[23,"名古屋市天白区","植田西"],"4688585":[23,"名古屋市天白区","道明町","７１"],"4680061":[23,"名古屋市天白区","八事天道"],"4680836":[23,"名古屋市天白区","相川"],"4680002":[23,"名古屋市天白区","焼山"],"4688512":[23,"名古屋市天白区","久方","１丁目１４５－１"],"4680052":[23,"名古屋市天白区","井口"],"4680047":[23,"名古屋市天白区","井の森町"],"4680063":[23,"名古屋市天白区","音聞山"],"4688511":[23,"名古屋市天白区","久方","２丁目１２－１"],"4688505":[23,"名古屋市天白区","元八事","１丁目１１４"],"4688506":[23,"名古屋市天白区","平針","２丁目３０３番地"],"4680046":[23,"名古屋市天白区","古川町"],"4680045":[23,"名古屋市天白区","野並"],"4680067":[23,"名古屋市天白区","池見"],"4688534":[23,"名古屋市天白区","古川町","１１０"],"4680009":[23,"名古屋市天白区","元植田"],"4680035":[23,"名古屋市天白区","境根町"],"4680072":[23,"名古屋市天白区","大坪"],"4680069":[23,"名古屋市天白区","表山"],"4680034":[23,"名古屋市天白区","久方"],"4680013":[23,"名古屋市天白区","荒池"],"4680033":[23,"名古屋市天白区","一つ山"],"4680014":[23,"名古屋市天白区","中平"],"4680029":[23,"名古屋市天白区","島田が丘"],"4688522":[23,"名古屋市天白区","植田南","３丁目８０８"],"4680056":[23,"名古屋市天白区","島田"],"4680030":[23,"名古屋市天白区","平針台"],"4688532":[23,"名古屋市天白区","井の森町","１６３"],"4688514":[23,"名古屋市天白区","中平","２丁目９０１"],"4680025":[23,"名古屋市天白区","高坂町"],"4688510":[23,"名古屋市天白区","島田","２丁目２０１"],"4688533":[23,"名古屋市天白区","井の森町","２０５－１"],"4680066":[23,"名古屋市天白区","元八事"],"4680003":[23,"名古屋市天白区","鴻の巣"],"4680039":[23,"名古屋市天白区","西入町"],"4680028":[23,"名古屋市天白区","島田黒石"],"4688503":[23,"名古屋市天白区","八事山","１５０"],"4680024":[23,"名古屋市天白区","大根町"],"4680027":[23,"名古屋市天白区","天白町島田"],"4680006":[23,"名古屋市天白区","植田東"]}
