{"2993263":[12,"山武郡大網白里町","柳橋"],"2991166":[12,"君津市","陽光台"],"2991172":[12,"君津市","三直"],"2990252":[12,"袖ケ浦市","勝"],"2995254":[12,"勝浦市","台宿"],"2995105":[12,"夷隅郡御宿町","岩和田"],"2993236":[12,"山武郡大網白里町","みやこ野"],"2991903":[12,"安房郡鋸南町","大帷子"],"2991736":[12,"富津市","大川崎"],"2995271":[12,"勝浦市","法花"],"2994423":[12,"長生郡睦沢町","大上"],"2990265":[12,"袖ケ浦市","長浦"],"2994333":[12,"長生郡長生村","七井土"],"2990211":[12,"袖ケ浦市","野里"],"2994213":[12,"長生郡白子町","八斗"],"2991743":[12,"富津市","山中"],"2994343":[12,"長生郡長生村","岩沼飛地"],"2992516":[12,"南房総市","前田"],"2993200":[12,"山武郡大網白里町",""],"2991606":[12,"富津市","数馬"],"2995502":[12,"鴨川市","内浦"],"2994338":[12,"長生郡長生村","六ツ野飛地"],"2991731":[12,"富津市","田倉"],"2991194":[12,"君津市","人見","１４６２－２"],"2991138":[12,"君津市","上湯江"],"2994200":[12,"長生郡白子町",""],"2994625":[12,"いすみ市","岬町嘉谷"],"2992415":[12,"南房総市","富浦町深名"],"2991114":[12,"君津市","草牛"],"2994404":[12,"長生郡睦沢町","北山田"],"2990112":[12,"市原市","畑木"],"2991144":[12,"君津市","東坂田"],"2994313":[12,"長生郡一宮町","船頭給"],"2993242":[12,"山武郡大網白里町","金谷郷"],"2993266":[12,"山武郡大網白里町","北横川"],"2990298":[12,"袖ケ浦市","蔵波","３１０８－１"],"2992213":[12,"南房総市","吉沢"],"2993217":[12,"山武郡大網白里町","木崎"],"2990128":[12,"市原市","椎の木台"],"2995232":[12,"勝浦市","川津"],"2990205":[12,"袖ケ浦市","上泉"],"2991101":[12,"君津市","大鷲新田"],"2994115":[12,"茂原市","榎神房"],"2992116":[12,"安房郡鋸南町","岩井袋"],"2993202":[12,"山武郡大網白里町","南今泉"],"2992212":[12,"南房総市","井野"],"2994128":[12,"茂原市","桂飛地"],"2995100":[12,"夷隅郡御宿町",""],"2994505":[12,"いすみ市","岬町岩熊"],"2994203":[12,"長生郡白子町","剃金"],"2992222":[12,"南房総市","宮谷"],"2994218":[12,"長生郡白子町","関"],"2990232":[12,"袖ケ浦市","永地"],"2991612":[12,"富津市","横山"],"2991100":[12,"君津市",""],"2994331":[12,"長生郡長生村","信友"],"2995242":[12,"勝浦市","吉尾"],"2991111":[12,"君津市","六手"],"2992861":[12,"鴨川市","太海西"],"2991131":[12,"君津市","下湯江"],"2992418":[12,"南房総市","富浦町手取"],"2991615":[12,"富津市","相川"],"2993292":[12,"山武郡大網白里町","大網","１１５番地の２"],"2992795":[12,"南房総市","和田町海発","１６０４"],"2991163":[12,"君津市","杢師"],"2992715":[12,"南房総市","和田町下三原"],"2990109":[12,"市原市","千種"],"2993254":[12,"山武郡大網白里町","養安寺"],"2993212":[12,"山武郡大網白里町","清水"],"2991756":[12,"富津市","六野"],"2991151":[12,"君津市","中野"],"2994405":[12,"長生郡睦沢町","大谷木"],"2994332":[12,"長生郡長生村","金田"],"2992508":[12,"南房総市","丸山平塚"],"2990111":[12,"市原市","姉崎"],"2994300":[12,"長生郡一宮町",""],"2991735":[12,"富津市","大田和"],"2991165":[12,"君津市","高坂"],"2990195":[12,"市原市","姉崎海岸","５－１"],"2994613":[12,"いすみ市","岬町三門"],"2995204":[12,"勝浦市","中倉"],"2995292":[12,"勝浦市","新官","１３４３－１"],"2994113":[12,"茂原市","法目"],"2994201":[12,"長生郡白子町","浜宿"],"2992704":[12,"南房総市","和田町和田"],"2990194":[12,"市原市","姉崎海岸","２－１"],"2994305":[12,"長生郡一宮町","本給"],"2992728":[12,"南房総市","和田町石堂"],"2991746":[12,"富津市","岩本"],"2990215":[12,"袖ケ浦市","堂谷"],"2992202":[12,"南房総市","平塚"],"2991195":[12,"君津市","人見","１２１２"],"2992714":[12,"南房総市","和田町沼"],"2990204":[12,"袖ケ浦市","永吉"],"2991171":[12,"君津市","八重原"],"2992792":[12,"南房総市","和田町仁我浦","２４３"],"2992416":[12,"南房総市","富浦町青木"],"2994292":[12,"長生郡白子町","関","５０７４－２"],"2990104":[12,"市原市","白塚"],"2990253":[12,"袖ケ浦市","大曽根"],"2991732":[12,"富津市","宇藤原"],"2992223":[12,"南房総市","高崎"],"2993265":[12,"山武郡大網白里町","上貝塚"],"2995215":[12,"勝浦市","白井久保"],"2991127":[12,"君津市","郡"],"2990297":[12,"袖ケ浦市","中袖","５－１"],"2994127":[12,"茂原市","桂"],"2991757":[12,"富津市","押切"],"2992113":[12,"安房郡鋸南町","上佐久間"],"2991137":[12,"君津市","小香"],"2995255":[12,"勝浦市","浜行川"],"2995111":[12,"夷隅郡御宿町","上布施"],"2994312":[12,"長生郡一宮町","宮原"],"2994506":[12,"いすみ市","岬町市野々"],"2994116":[12,"茂原市","高田"],"2994411":[12,"長生郡睦沢町","河須ケ谷"],"2992724":[12,"南房総市","和田町小向"],"2991122":[12,"君津市","浜子"],"2990101":[12,"市原市","青柳北"],"2990262":[12,"袖ケ浦市","坂戸市場"],"2990212":[12,"袖ケ浦市","三箇"],"2991154":[12,"君津市","南久保"],"2994328":[12,"長生郡長生村","一松甲"],"2992221":[12,"南房総市","合戸"],"2994342":[12,"長生郡長生村","一松飛地甲"],"2993237":[12,"山武郡大網白里町","仏島"],"2994301":[12,"長生郡一宮町","一宮"],"2990247":[12,"袖ケ浦市","椎の森"],"2990117":[12,"市原市","青葉台"],"2993201":[12,"山武郡大網白里町","北今泉"],"2993253":[12,"山武郡大網白里町","小西"],"2992115":[12,"安房郡鋸南町","下佐久間"],"2992851":[12,"鴨川市","仲町"],"2992862":[12,"鴨川市","太海"],"2994103":[12,"茂原市","千沢"],"2995253":[12,"勝浦市","名木"],"2995266":[12,"勝浦市","上野"],"2990235":[12,"袖ケ浦市","三黒"],"2993222":[12,"山武郡大網白里町","星谷"],"2995106":[12,"夷隅郡御宿町","須賀"],"2990223":[12,"袖ケ浦市","下宮田"],"2993203":[12,"山武郡大網白里町","四天木"],"2990236":[12,"袖ケ浦市","横田"],"2991108":[12,"君津市","練木"],"2992413":[12,"南房総市","富浦町宮本"],"2990264":[12,"袖ケ浦市","今井"],"2994102":[12,"茂原市","御蔵芝"],"2991112":[12,"君津市","泉"],"2995241":[12,"勝浦市","松部"],"2994304":[12,"長生郡一宮町","綱田"],"2995221":[12,"勝浦市","平田"],"2993256":[12,"山武郡大網白里町","山口"],"2994394":[12,"長生郡長生村","本郷","１－７７"],"2991745":[12,"富津市","志駒"],"2991146":[12,"君津市","大和田"],"2990241":[12,"袖ケ浦市","代宿"],"2994425":[12,"長生郡睦沢町","佐貫"],"2992214":[12,"南房総市","二部"],"2992846":[12,"鴨川市","江見外堀"],"2993268":[12,"山武郡大網白里町","上谷新田"],"2993243":[12,"山武郡大網白里町","大竹"],"2990115":[12,"市原市","不入斗"],"2992192":[12,"安房郡鋸南町","下佐久間","３４５８"],"2990114":[12,"市原市","泉台"],"2993221":[12,"山武郡大網白里町","富田"],"2991733":[12,"富津市","高溝"],"2995273":[12,"勝浦市","荒川"],"2994403":[12,"長生郡睦沢町","上市場"],"2991161":[12,"君津市","北子安"],"2990246":[12,"袖ケ浦市","長浦駅前"],"2991607":[12,"富津市","湊"],"2992858":[12,"鴨川市","上"],"2992501":[12,"南房総市","珠師ケ谷"],"2992863":[12,"鴨川市","太海浜"],"2995112":[12,"夷隅郡御宿町","御宿台"],"2995256":[12,"勝浦市","大沢"],"2991754":[12,"富津市","山脇"],"2992515":[12,"南房総市","石神"],"2995274":[12,"勝浦市","南山田"],"2994192":[12,"茂原市","本納","２７７７"],"2994692":[12,"いすみ市","岬町長者","５４９"],"2994341":[12,"長生郡長生村","宮成"],"2994205":[12,"長生郡白子町","南日当"],"2990292":[12,"袖ケ浦市","坂戸市場","１－１"],"2991617":[12,"富津市","売津"],"2993267":[12,"山武郡大網白里町","清名幸谷"],"2993235":[12,"山武郡大網白里町","駒込"],"2990216":[12,"袖ケ浦市","阿部"],"2991601":[12,"富津市","桜井総稱鬼泪山"],"2992112":[12,"安房郡鋸南町","奥山"],"2995504":[12,"鴨川市","浜荻"],"2992713":[12,"南房総市","和田町松田"],"2994623":[12,"いすみ市","岬町中滝"],"2990237":[12,"袖ケ浦市","大鳥居"],"2992114":[12,"安房郡鋸南町","中佐久間"],"2990268":[12,"袖ケ浦市","南袖"],"2994126":[12,"茂原市","柴名"],"2992841":[12,"鴨川市","西江見"],"2990222":[12,"袖ケ浦市","上宮田"],"2995233":[12,"勝浦市","浜勝浦"],"2994611":[12,"いすみ市","岬町和泉"],"2990105":[12,"市原市","柏原"],"2994125":[12,"茂原市","大沢"],"2991904":[12,"安房郡鋸南町","小保田"],"2992292":[12,"南房総市","久枝","２５７"],"2992403":[12,"南房総市","富浦町原岡"],"2995252":[12,"勝浦市","上植野"],"2990192":[12,"市原市","姉崎海岸","２－１"],"2992215":[12,"南房総市","検儀谷"],"2994104":[12,"茂原市","南吉田"],"2991145":[12,"君津市","西坂田"],"2995272":[12,"勝浦市","貝掛"],"2992517":[12,"南房総市","丸本郷"],"2994101":[12,"茂原市","清水"],"2994302":[12,"長生郡一宮町","田町"],"2993211":[12,"山武郡大網白里町","細草"],"2991121":[12,"君津市","常代"],"2992526":[12,"南房総市","沓見"],"2991759":[12,"富津市","寺尾"],"2990106":[12,"市原市","今津朝山"],"2991153":[12,"君津市","台"],"2991193":[12,"君津市","君津","１"],"2995501":[12,"鴨川市","小湊"],"2993255":[12,"山武郡大網白里町","みどりが丘"],"2993231":[12,"山武郡大網白里町","経田"],"2994616":[12,"いすみ市","岬町長者"],"2991107":[12,"君津市","上"],"2990116":[12,"市原市","迎田"],"2995216":[12,"勝浦市","宿戸"],"2991742":[12,"富津市","豊岡"],"2992847":[12,"鴨川市","江見内遠野"],"2994335":[12,"長生郡長生村","水口"],"2990214":[12,"袖ケ浦市","下根岸"],"2990121":[12,"市原市","立野"],"2991136":[12,"君津市","新御堂"],"2992864":[12,"鴨川市","天面"],"2993244":[12,"山武郡大網白里町","南玉"],"2990103":[12,"市原市","青柳海岸"],"2990217":[12,"袖ケ浦市","打越"],"2995103":[12,"夷隅郡御宿町","新町"],"2995225":[12,"勝浦市","墨名"],"2991164":[12,"君津市","北久保"],"2992226":[12,"南房総市","市部"],"2990221":[12,"袖ケ浦市","大竹"],"2995217":[12,"勝浦市","大楠"],"2992712":[12,"南房総市","和田町海発"],"2990242":[12,"袖ケ浦市","久保田"],"2993214":[12,"山武郡大網白里町","下ケ傍示"],"2992506":[12,"南房総市","御子神"],"2991734":[12,"富津市","関"],"2993218":[12,"山武郡大網白里町","北飯塚"],"2990127":[12,"市原市","桜台"],"2991755":[12,"富津市","田原"],"2991614":[12,"富津市","梨沢"],"2992203":[12,"南房総市","山田"],"2994324":[12,"長生郡長生村","一松丁"],"2990193":[12,"市原市","姉崎海岸","１－１"],"2995223":[12,"勝浦市","部原"],"2994624":[12,"いすみ市","岬町鴨根"],"2993246":[12,"山武郡大網白里町","小中"],"2990233":[12,"袖ケ浦市","岩井"],"2995192":[12,"夷隅郡御宿町","須賀","１５２２"],"2992705":[12,"南房総市","和田町真浦"],"2994204":[12,"長生郡白子町","福島"],"2995246":[12,"勝浦市","興津久保山台"],"2990257":[12,"袖ケ浦市","神納"],"2994118":[12,"茂原市","榎神房飛地"],"2990271":[12,"木更津市","坂戸市場"],"2991603":[12,"富津市","更和"],"2991124":[12,"君津市","作木"],"2991906":[12,"安房郡鋸南町","横根"],"2991135":[12,"君津市","杉谷"],"2992702":[12,"南房総市","和田町柴"],"2991611":[12,"富津市","長崎"],"2990200":[12,"袖ケ浦市",""],"2992723":[12,"南房総市","和田町布野"],"2990225":[12,"袖ケ浦市","玉野"],"2994501":[12,"いすみ市","岬町椎木"],"2994615":[12,"いすみ市","岬町井沢"],"2994325":[12,"長生郡長生村","一松丙"],"2994124":[12,"茂原市","上太田"],"2995202":[12,"勝浦市","市野川"],"2993233":[12,"山武郡大網白里町","永田"],"2994326":[12,"長生郡長生村","一松乙"],"2991162":[12,"君津市","南子安"],"2995506":[12,"鴨川市","四方木"],"2993216":[12,"山武郡大網白里町","北吉田"],"2994334":[12,"長生郡長生村","薮塚"],"2993232":[12,"山武郡大網白里町","ながた野"],"2991602":[12,"富津市","桜井"],"2995251":[12,"勝浦市","大森上植野入会地"],"2992524":[12,"南房総市","久保"],"2995104":[12,"夷隅郡御宿町","六軒町"],"2992592":[12,"南房総市","岩糸","２４８９"],"2994492":[12,"長生郡睦沢町","下之郷","１６５０－１"],"2992514":[12,"南房総市","西原"],"2992855":[12,"鴨川市","畑"],"2992726":[12,"南房総市","和田町小川"],"2994303":[12,"長生郡一宮町","東浪見"],"2993245":[12,"山武郡大網白里町","池田"],"2995224":[12,"勝浦市","新官"],"2995219":[12,"勝浦市","小松野"],"2995201":[12,"勝浦市","市野郷"],"2991141":[12,"君津市","君津"],"2990124":[12,"市原市","有秋台東"],"2992206":[12,"南房総市","平久里下"],"2994414":[12,"長生郡睦沢町","下之郷"],"2994214":[12,"長生郡白子町","驚"],"2991106":[12,"君津市","中島"],"2992865":[12,"鴨川市","江見太夫崎"],"2991752":[12,"富津市","関尻"],"2992523":[12,"南房総市","峰"],"2992844":[12,"鴨川市","江見東真門"],"2990266":[12,"袖ケ浦市","北袖"],"2992507":[12,"南房総市","大井"],"2990198":[12,"市原市","姉崎海岸","１－３"],"2990123":[12,"市原市","深城"],"2992414":[12,"南房総市","富浦町福澤"],"2994401":[12,"長生郡睦沢町","寺崎"],"2991609":[12,"富津市","加藤"],"2990244":[12,"袖ケ浦市","野田"],"2992512":[12,"南房総市","岩糸"],"2992721":[12,"南房総市","和田町五十蔵"],"2994322":[12,"長生郡長生村","驚"],"2991134":[12,"君津市","八幡"],"2994502":[12,"いすみ市","岬町中原"],"2994614":[12,"いすみ市","岬町東小高"],"2994402":[12,"長生郡睦沢町","川島"],"2995222":[12,"勝浦市","関谷"],"2992100":[12,"安房郡鋸南町",""],"2991861":[12,"富津市","金谷"],"2995295":[12,"勝浦市","新官","８４１"],"2990108":[12,"市原市","千種海岸"],"2994117":[12,"茂原市","小萱場"],"2991905":[12,"安房郡鋸南町","市井原"],"2994347":[12,"長生郡長生村","小泉"],"2993252":[12,"山武郡大網白里町","餅木"],"2994327":[12,"長生郡長生村","一松"],"2991123":[12,"君津市","大山野"],"2990243":[12,"袖ケ浦市","蔵波"],"2991175":[12,"君津市","内箕輪"],"2992703":[12,"南房総市","和田町仁我浦"],"2990256":[12,"袖ケ浦市","飯富"],"2993248":[12,"山武郡大網白里町","萱野"],"2990296":[12,"袖ケ浦市","中袖","２０－１"],"2994395":[12,"長生郡長生村","薮塚","１０８０"],"2994316":[12,"長生郡一宮町","新地丙"],"2993234":[12,"山武郡大網白里町","みずほ台"],"2991147":[12,"君津市","人見"],"2993223":[12,"山武郡大網白里町","南横川"],"2994396":[12,"長生郡一宮町","一宮","２４５７"],"2995231":[12,"勝浦市","沢倉"],"2995218":[12,"勝浦市","小羽戸"],"2993213":[12,"山武郡大網白里町","二之袋"],"2995203":[12,"勝浦市","花里"],"2991117":[12,"君津市","宮下"],"2990231":[12,"袖ケ浦市","下泉"],"2990293":[12,"袖ケ浦市","上泉","１２８０"],"2992857":[12,"鴨川市","東"],"2994123":[12,"茂原市","下太田"],"2995213":[12,"勝浦市","芳賀"],"2993262":[12,"山武郡大網白里町","桂山"],"2994415":[12,"長生郡睦沢町","小滝"],"2990113":[12,"市原市","片又木"],"2992711":[12,"南房総市","和田町白渚"],"2992866":[12,"鴨川市","江見吉浦"],"2990261":[12,"袖ケ浦市","福王台"],"2992525":[12,"南房総市","加茂"],"2991104":[12,"君津市","糠田"],"2994337":[12,"長生郡長生村","北水口"],"2992411":[12,"南房総市","富浦町居倉"],"2992856":[12,"鴨川市","西"],"2991753":[12,"富津市","上後"],"2992511":[12,"南房総市","小戸"],"2994217":[12,"長生郡白子町","北高根"],"2995503":[12,"鴨川市","天津"],"2991758":[12,"富津市","大森"],"2994421":[12,"長生郡睦沢町","長楽寺"],"2995226":[12,"勝浦市","串浜"],"2992216":[12,"南房総市","久枝"],"2992854":[12,"鴨川市","代"],"2994112":[12,"茂原市","西野"],"2991192":[12,"君津市","久保","２丁目１３－１"],"2990122":[12,"市原市","豊成"],"2995200":[12,"勝浦市",""],"2992201":[12,"南房総市","荒川"],"2994215":[12,"長生郡白子町","中里"],"2994493":[12,"長生郡睦沢町","妙楽寺","２３００"],"2992845":[12,"鴨川市","江見西真門"],"2991744":[12,"富津市","梨沢"],"2994622":[12,"いすみ市","岬町押日"],"2992727":[12,"南房総市","和田町上三原"],"2991608":[12,"富津市","岩坂"],"2992404":[12,"南房総市","富浦町多田良"],"2994422":[12,"長生郡睦沢町","森"],"2991105":[12,"君津市","白駒"],"2992521":[12,"南房総市","白子"],"2990203":[12,"袖ケ浦市","高谷"],"2992224":[12,"南房総市","小浦"],"2990226":[12,"袖ケ浦市","滝の口"],"2995265":[12,"勝浦市","植野"],"2994206":[12,"長生郡白子町","北日当"],"2990267":[12,"袖ケ浦市","中袖"],"2990125":[12,"市原市","有秋台西"],"2991613":[12,"富津市","不入斗"],"2994315":[12,"長生郡一宮町","新地甲"],"2995113":[12,"夷隅郡御宿町","七本"],"2991126":[12,"君津市","小山野"],"2993247":[12,"山武郡大網白里町","神房"],"2992211":[12,"南房総市","川上"],"2994202":[12,"長生郡白子町","牛込"],"2995261":[12,"勝浦市","大森"],"2994346":[12,"長生郡長生村","中之郷"],"2991176":[12,"君津市","内蓑輪"],"2995101":[12,"夷隅郡御宿町","高山田"],"2993264":[12,"山武郡大網白里町","柿餅"],"2992502":[12,"南房総市","石堂原"],"2991909":[12,"安房郡鋸南町","大六"],"2990107":[12,"市原市","姉崎海岸"],"2990255":[12,"袖ケ浦市","下新田"],"2991616":[12,"富津市","海良"],"2991908":[12,"安房郡鋸南町","吉浜"],"2994508":[12,"いすみ市","岬町榎沢"],"2994406":[12,"長生郡睦沢町","北山田寺崎両村新田"],"2992204":[12,"南房総市","平久里中"],"2995244":[12,"勝浦市","守谷"],"2994211":[12,"長生郡白子町","五井"],"2991142":[12,"君津市","坂田"],"2995228":[12,"勝浦市","新戸"],"2992118":[12,"安房郡鋸南町","竜島"],"2995235":[12,"勝浦市","出水"],"2992504":[12,"南房総市","川谷"],"2994621":[12,"いすみ市","岬町東中滝"],"2992402":[12,"南房総市","富浦町豊岡"],"2994503":[12,"いすみ市","岬町和泉"],"2992842":[12,"鴨川市","江見青木"],"2991113":[12,"君津市","尾車"],"2995263":[12,"勝浦市","赤羽根"],"2990295":[12,"袖ケ浦市","北袖","９－１"],"2992412":[12,"南房総市","富浦町大津"],"2995107":[12,"夷隅郡御宿町","浜"],"2990263":[12,"袖ケ浦市","奈良輪"],"2992853":[12,"鴨川市","宮"],"2993261":[12,"山武郡大網白里町","九十根"],"2993241":[12,"山武郡大網白里町","季美の森南"],"2991133":[12,"君津市","貞元"],"2991143":[12,"君津市","君津台"],"2990251":[12,"袖ケ浦市","のぞみ野"],"2990224":[12,"袖ケ浦市","吉野田"],"2994336":[12,"長生郡長生村","岩沼"],"2991741":[12,"富津市","御代原"],"2991902":[12,"安房郡鋸南町","保田"],"2991116":[12,"君津市","皿引"],"2994121":[12,"茂原市","吉井下"],"2990234":[12,"袖ケ浦市","谷中"],"2992725":[12,"南房総市","和田町黒岩"],"2994323":[12,"長生郡長生村","一松戊"],"2995206":[12,"勝浦市","佐野"],"2994507":[12,"いすみ市","岬町谷上"],"2995227":[12,"勝浦市","中谷"],"2993251":[12,"山武郡大網白里町","大網"],"2994216":[12,"長生郡白子町","幸治"],"2994412":[12,"長生郡睦沢町","岩井"],"2991605":[12,"富津市","望井"],"2990118":[12,"市原市","椎津"],"2992701":[12,"南房総市","和田町花園"],"2993219":[12,"山武郡大網白里町","南飯塚"],"2992401":[12,"南房総市","富浦町南無谷"],"2994106":[12,"茂原市","粟生野"],"2994345":[12,"長生郡長生村","本郷"],"2993215":[12,"山武郡大網白里町","長国"],"2991622":[12,"富津市","萩生"],"2992852":[12,"鴨川市","二子"],"2990102":[12,"市原市","青柳"],"2992513":[12,"南房総市","古川"],"2991132":[12,"君津市","中富"],"2994504":[12,"いすみ市","岬町桑田"],"2995245":[12,"勝浦市","興津"],"2995214":[12,"勝浦市","白木"],"2994400":[12,"長生郡睦沢町",""],"2995114":[12,"夷隅郡御宿町","実谷"],"2994212":[12,"長生郡白子町","古所"],"2995505":[12,"鴨川市","清澄"],"2990202":[12,"袖ケ浦市","林"],"2994111":[12,"茂原市","萱場"],"2992867":[12,"鴨川市","西山"],"2991907":[12,"安房郡鋸南町","江月"],"2991737":[12,"富津市","東大和田"],"2992716":[12,"南房総市","和田町中三原"],"2991103":[12,"君津市","大井"],"2992503":[12,"南房総市","石堂"],"2995102":[12,"夷隅郡御宿町","久保"],"2992205":[12,"南房総市","犬掛"],"2991125":[12,"君津市","山高原"],"2991751":[12,"富津市","恩田"],"2994114":[12,"茂原市","本納"],"2990126":[12,"市原市","天羽田"],"2995212":[12,"勝浦市","蟹田"],"2990213":[12,"袖ケ浦市","百目木"],"2991174":[12,"君津市","法木作"],"2991618":[12,"富津市","花輪"],"2992225":[12,"南房総市","竹内"],"2990201":[12,"袖ケ浦市","川原井"],"2995211":[12,"勝浦市","松野"],"2992111":[12,"安房郡鋸南町","大崩"],"2995234":[12,"勝浦市","勝浦"],"2993249":[12,"山武郡大網白里町","砂田"],"2990254":[12,"袖ケ浦市","三ツ作"],"2994314":[12,"長生郡一宮町","新地"],"2992400":[12,"南房総市",""],"2994122":[12,"茂原市","吉井上"],"2991747":[12,"富津市","小志駒"],"2992505":[12,"南房総市","宮下"],"2992843":[12,"鴨川市","東江見"],"2994321":[12,"長生郡長生村","入山津"],"2991152":[12,"君津市","久保"],"2991901":[12,"安房郡鋸南町","元名"],"2994344":[12,"長生郡長生村","曽根"],"2991102":[12,"君津市","大鷲"],"2994612":[12,"いすみ市","岬町江場土"],"2992117":[12,"安房郡鋸南町","勝山"],"2995243":[12,"勝浦市","鵜原"],"2991621":[12,"富津市","竹岡"],"2991604":[12,"富津市","台原"],"2994311":[12,"長生郡一宮町","白山"],"2994105":[12,"茂原市","弓渡"],"2995262":[12,"勝浦市","中里"],"2995264":[12,"勝浦市","中島"],"2992722":[12,"南房総市","和田町磑森"],"2992492":[12,"南房総市","富浦町青木","２８"],"2994413":[12,"長生郡睦沢町","上之郷"],"2992522":[12,"南房総市","安馬谷"],"2995205":[12,"勝浦市","杉戸"],"2994424":[12,"長生郡睦沢町","妙楽寺"],"2991115":[12,"君津市","馬登"],"2991173":[12,"君津市","外箕輪"],"2990245":[12,"袖ケ浦市","蔵波台"],"2992417":[12,"南房総市","富浦町丹生"]}
