{"2960031":[12,"鴨川市","粟斗"],"2960112":[12,"鴨川市","宮山"],"2960045":[12,"鴨川市","和泉"],"2960113":[12,"鴨川市","吉尾平塚"],"2960111":[12,"鴨川市","仲"],"2960122":[12,"鴨川市","寺門"],"2960235":[12,"鴨川市","奈良林"],"2960123":[12,"鴨川市","北風原"],"2960115":[12,"鴨川市","松尾寺"],"2960035":[12,"鴨川市","打墨"],"2960002":[12,"鴨川市","前原"],"2960024":[12,"鴨川市","池田"],"2960124":[12,"鴨川市","大幡"],"2960003":[12,"鴨川市","磯村"],"2960023":[12,"鴨川市","押切"],"2960015":[12,"鴨川市","川代"],"2960034":[12,"鴨川市","滑谷"],"2960004":[12,"鴨川市","貝渚"],"2960121":[12,"鴨川市","大川面"],"2960233":[12,"鴨川市","金束"],"2960032":[12,"鴨川市","花房"],"2960041":[12,"鴨川市","東町"],"2960042":[12,"鴨川市","東元浜荻飛地"],"2960231":[12,"鴨川市","釜沼"],"2960237":[12,"鴨川市","大山平塚"],"2968602":[12,"鴨川市","東町","９２９"],"2968601":[12,"鴨川市","横渚","１４５０"],"2960013":[12,"鴨川市","田原西"],"2960044":[12,"鴨川市","広場"],"2960033":[12,"鴨川市","八色"],"2960125":[12,"鴨川市","横尾"],"2960014":[12,"鴨川市","太尾"],"2960236":[12,"鴨川市","佐野"],"2960012":[12,"鴨川市","来秀"],"2960197":[12,"鴨川市","北風原","９３８"],"2960016":[12,"鴨川市","坂東"],"2960021":[12,"鴨川市","竹平"],"2960102":[12,"鴨川市","下小原"],"2960114":[12,"鴨川市","細野"],"2960126":[12,"鴨川市","吉尾西"],"2960043":[12,"鴨川市","西町"],"2960011":[12,"鴨川市","大里"],"2960000":[12,"鴨川市",""],"2960103":[12,"鴨川市","上小原"],"2960105":[12,"鴨川市","成川"],"2960232":[12,"鴨川市","平塚"],"2960104":[12,"鴨川市","南小町"],"2960106":[12,"鴨川市","主基西"],"2960234":[12,"鴨川市","古畑"],"2960101":[12,"鴨川市","北小町"],"2960001":[12,"鴨川市","横渚"],"2960025":[12,"鴨川市","太田学"],"2960022":[12,"鴨川市","京田"]}
