{"3710055":[10,"前橋市","北代田町"],"3710825":[10,"前橋市","大利根町"],"3718501":[10,"前橋市","上細井町","２１４２－１"],"3710047":[10,"前橋市","関根町"],"3710104":[10,"勢多郡富士見村","時沢"],"3710801":[10,"前橋市","文京町"],"3710102":[10,"勢多郡富士見村","皆沢"],"3710805":[10,"前橋市","南町"],"3710834":[10,"前橋市","後家町"],"3710832":[10,"前橋市","朝日が丘町"],"3710813":[10,"前橋市","後閑町"],"3710123":[10,"前橋市","高花台"],"3710125":[10,"前橋市","嶺町"],"3710034":[10,"前橋市","昭和町"],"3710045":[10,"前橋市","緑が丘町"],"3710037":[10,"前橋市","上小出町"],"3710012":[10,"前橋市","東片貝町"],"3710000":[10,"前橋市",""],"3710823":[10,"前橋市","川曲町"],"3710803":[10,"前橋市","天川原町"],"3718507":[10,"前橋市","上泉町","３９７－５"],"3718512":[10,"前橋市","昭和町","３丁目３９－１５"],"3710192":[10,"勢多郡富士見村","大字田島","２４０番地"],"3710026":[10,"前橋市","大手町"],"3710111":[10,"勢多郡富士見村","米野"],"3710114":[10,"勢多郡富士見村","田島"],"3710821":[10,"前橋市","上新田町"],"3710232":[10,"前橋市","茂木町"],"3710844":[10,"前橋市","古市町"],"3710107":[10,"勢多郡富士見村","山口"],"3710223":[10,"前橋市","大胡町"],"3710046":[10,"前橋市","川原町"],"3710214":[10,"前橋市","粕川町女渕"],"3710202":[10,"前橋市","粕川町室沢"],"3710234":[10,"前橋市","東金丸町"],"3710836":[10,"前橋市","江田町"],"3710852":[10,"前橋市","総社町総社"],"3710007":[10,"前橋市","上泉町"],"3718543":[10,"前橋市","大渡町","１丁目１０－１"],"3718686":[10,"前橋市","表町","２丁目１６－７"],"3718513":[10,"前橋市","昭和町","３丁目３９－２２"],"3718601":[10,"前橋市","大手町","２丁目１２－１"],"3710024":[10,"前橋市","表町"],"3718503":[10,"前橋市","古市町","１－５－１２"],"3710845":[10,"前橋市","鳥羽町"],"3710004":[10,"前橋市","亀泉町"],"3710053":[10,"前橋市","幸塚町"],"3718510":[10,"前橋市","荒牧町","４丁目２"],"3710216":[10,"前橋市","粕川町込皆戸"],"3710842":[10,"前橋市","下石倉町"],"3710112":[10,"勢多郡富士見村","引田"],"3710031":[10,"前橋市","下小出町"],"3710242":[10,"前橋市","馬場町"],"3710003":[10,"前橋市","堤町"],"3710002":[10,"前橋市","江木町"],"3710817":[10,"前橋市","ぬで島町"],"3718640":[10,"前橋市","大手町","２丁目６－１４"],"3710204":[10,"前橋市","粕川町膳"],"3710811":[10,"前橋市","朝倉町"],"3710855":[10,"前橋市","問屋町"],"3710857":[10,"前橋市","高井町"],"3710035":[10,"前橋市","岩神町"],"3710117":[10,"勢多郡富士見村","横室"],"3710246":[10,"前橋市","柏倉町"],"3710221":[10,"前橋市","樋越町"],"3710101":[10,"勢多郡富士見村","赤城山"],"3710853":[10,"前橋市","総社町"],"3710032":[10,"前橋市","若宮町"],"3710121":[10,"前橋市","金丸町"],"3718525":[10,"前橋市","新前橋町","１３－１２"],"3710218":[10,"前橋市","粕川町前皆戸"],"3710014":[10,"前橋市","朝日町"],"3710011":[10,"前橋市","下沖町"],"3710021":[10,"前橋市","住吉町"],"3710847":[10,"前橋市","大友町"],"3710205":[10,"前橋市","粕川町中"],"3710106":[10,"勢多郡富士見村","市之木場"],"3710051":[10,"前橋市","上細井町"],"3710804":[10,"前橋市","六供町"],"3710814":[10,"前橋市","宮地町"],"3710103":[10,"勢多郡富士見村","小暮"],"3710235":[10,"前橋市","滝窪町"],"3710816":[10,"前橋市","上佐鳥町"],"3710016":[10,"前橋市","城東町"],"3710837":[10,"前橋市","箱田町"],"3710846":[10,"前橋市","元総社町"],"3710001":[10,"前橋市","荻窪町"],"3710023":[10,"前橋市","本町"],"3710854":[10,"前橋市","大渡町"],"3718508":[10,"前橋市","岩神町","４丁目１６－２５"],"3710207":[10,"前橋市","粕川町稲里"],"3718551":[10,"前橋市","大渡町","１丁目１０－７"],"3710824":[10,"前橋市","稲荷新田町"],"3718502":[10,"前橋市","問屋町","１丁目２－４"],"3710052":[10,"前橋市","上沖町"],"3710006":[10,"前橋市","石関町"],"3710224":[10,"前橋市","河原浜町"],"3710054":[10,"前橋市","下細井町"],"3710042":[10,"前橋市","日輪寺町"],"3710036":[10,"前橋市","敷島町"],"3710018":[10,"前橋市","三俣町"],"3710027":[10,"前橋市","平和町"],"3710044":[10,"前橋市","荒牧町"],"3710115":[10,"勢多郡富士見村","小沢"],"3710244":[10,"前橋市","鼻毛石町"],"3710841":[10,"前橋市","石倉町"],"3710851":[10,"前橋市","総社町植野"],"3710858":[10,"前橋市","総社町桜が丘"],"3710802":[10,"前橋市","天川町"],"3710025":[10,"前橋市","紅雲町"],"3710133":[10,"前橋市","端気町"],"3710203":[10,"前橋市","粕川町月田"],"3710056":[10,"前橋市","青柳町"],"3710131":[10,"前橋市","鳥取町"],"3718611":[10,"前橋市","元総社町","１９４"],"3710105":[10,"勢多郡富士見村","石井"],"3718505":[10,"前橋市","元総社町","３３５－８"],"3710826":[10,"前橋市","青葉町"],"3710013":[10,"前橋市","西片貝町"],"3710005":[10,"前橋市","堀之下町"],"3710211":[10,"前橋市","粕川町上東田面"],"3710201":[10,"前橋市","粕川町中之沢"],"3710124":[10,"前橋市","勝沢町"],"3718666":[10,"前橋市","古市町","１丁目５０－２１"],"3710231":[10,"前橋市","堀越町"],"3710247":[10,"前橋市","三夜沢町"],"3710831":[10,"前橋市","小相木町"],"3710213":[10,"前橋市","粕川町一日市"],"3710822":[10,"前橋市","下新田町"],"3710113":[10,"勢多郡富士見村","漆窪"],"3710856":[10,"前橋市","総社町高井"],"3710100":[10,"勢多郡富士見村",""],"3710041":[10,"前橋市","川端町"],"3710057":[10,"前橋市","竜蔵寺町"],"3718517":[10,"前橋市","新前橋町","１３番地１２群馬県社会福祉総合センター５階"],"3710212":[10,"前橋市","粕川町下東田面"],"3710222":[10,"前橋市","上大屋町"],"3710122":[10,"前橋市","小坂子町"],"3718504":[10,"前橋市","古市町","１－５０－１６"],"3710048":[10,"前橋市","田口町"],"3710043":[10,"前橋市","南橘町"],"3710835":[10,"前橋市","前箱田町"],"3710132":[10,"前橋市","五代町"],"3710243":[10,"前橋市","大前田町"],"3710294":[10,"前橋市","鼻毛石町","１４２６－３"],"3710015":[10,"前橋市","三河町"],"3710215":[10,"前橋市","粕川町深津"],"3710812":[10,"前橋市","広瀬町"],"3718585":[10,"前橋市","城東町","４丁目２－１"],"3710017":[10,"前橋市","日吉町"],"3710217":[10,"前橋市","粕川町西田面"],"3710116":[10,"勢多郡富士見村","原之郷"],"3718516":[10,"前橋市","本町","２丁目２－１２前橋本町スクエアビル"],"3718522":[10,"前橋市","石倉町","２丁目六番地の五"],"3710233":[10,"前橋市","横沢町"],"3710843":[10,"前橋市","新前橋町"],"3710206":[10,"前橋市","粕川町新屋"],"3710033":[10,"前橋市","国領町"],"3718570":[10,"前橋市","大手町","１丁目１－１"],"3710022":[10,"前橋市","千代田町"],"3710134":[10,"前橋市","小神明町"],"3718511":[10,"前橋市","昭和町","３丁目３９－２２"],"3718550":[10,"前橋市","大手町","３丁目２－１"],"3710833":[10,"前橋市","光が丘町"],"3710245":[10,"前橋市","市之関町"],"3710241":[10,"前橋市","苗ケ島町"],"3710815":[10,"前橋市","下佐鳥町"]}
