{"0720815":[1,"美唄市","南美唄町南町"],"0720001":[1,"美唄市","大通東一条北"],"0720035":[1,"美唄市","沼の内町中央"],"0720023":[1,"美唄市","大通西一条南"],"0720012":[1,"美唄市","東一条南"],"0720806":[1,"美唄市","東明四条"],"0720005":[1,"美唄市","東四条北"],"0720832":[1,"美唄市","落合町本町"],"0720038":[1,"美唄市","沼の内町西"],"0720022":[1,"美唄市","西一条北"],"0720024":[1,"美唄市","西一条南"],"0720015":[1,"美唄市","東四条南"],"0720028":[1,"美唄市","西五条南"],"0720814":[1,"美唄市","南美唄町山の手"],"0720841":[1,"美唄市","盤の沢町滝の上"],"0720824":[1,"美唄市","南美唄町新富町"],"0720033":[1,"美唄市","西四条北"],"0720817":[1,"美唄市","南美唄町北町"],"0720000":[1,"美唄市",""],"0720054":[1,"美唄市","上美唄町沼の端"],"0720026":[1,"美唄市","西三条南"],"0720854":[1,"美唄市","我路町四条"],"0720034":[1,"美唄市","西五条北"],"0720826":[1,"美唄市","南美唄町栄町南"],"0720808":[1,"美唄市","東明町"],"0720025":[1,"美唄市","西二条南"],"0720031":[1,"美唄市","西二条北"],"0720003":[1,"美唄市","東二条北"],"0720807":[1,"美唄市","東明五条"],"0720816":[1,"美唄市","南美唄町仲町"],"0720011":[1,"美唄市","大通東一条南"],"0720032":[1,"美唄市","西三条北"],"0728660":[1,"美唄市","西三条南","１丁目１番１号"],"0720852":[1,"美唄市","我路町二条"],"0720803":[1,"美唄市","東明一条"],"0720821":[1,"美唄市","南美唄町上"],"0720045":[1,"美唄市","開発町南"],"0720055":[1,"美唄市","西美唄町元村"],"0720822":[1,"美唄市","南美唄町大通り"],"0720855":[1,"美唄市","我路町公園通り"],"0720804":[1,"美唄市","東明二条"],"0720027":[1,"美唄市","西四条南"],"0720853":[1,"美唄市","我路町三条"],"0720044":[1,"美唄市","一心町"],"0720021":[1,"美唄市","大通西一条北"],"0720813":[1,"美唄市","南美唄町旭町"],"0720825":[1,"美唄市","南美唄町桜井町"],"0720014":[1,"美唄市","東三条南"],"0720844":[1,"美唄市","盤の沢町桜が丘"],"0720801":[1,"美唄市","東七条北"],"0720059":[1,"美唄市","西美唄町元村美富"],"0720013":[1,"美唄市","東二条南"],"0720058":[1,"美唄市","西美唄町富樫"],"0720851":[1,"美唄市","我路町一条"],"0720843":[1,"美唄市","盤の沢町高台"],"0720828":[1,"美唄市","南美唄町西町"],"0720002":[1,"美唄市","東一条北"],"0720833":[1,"美唄市","落合町緑が丘"],"0720043":[1,"美唄市","進徳町西"],"0720053":[1,"美唄市","上美唄町中央"],"0720811":[1,"美唄市","東七条南"],"0720042":[1,"美唄市","進徳町"],"0720805":[1,"美唄市","東明三条"],"0720823":[1,"美唄市","南美唄町下"],"0720834":[1,"美唄市","落合町住吉"],"0720047":[1,"美唄市","開発町親和"],"0720008":[1,"美唄市","癸巳町奔美唄"],"0720052":[1,"美唄市","上美唄町東"],"0720046":[1,"美唄市","開発町北"],"0720007":[1,"美唄市","東六条北"],"0720812":[1,"美唄市","東八条南"],"0720819":[1,"美唄市","共練町東"],"0720856":[1,"美唄市","我路町新町"],"0720004":[1,"美唄市","東三条北"],"0720842":[1,"美唄市","盤の沢町本町"],"0720857":[1,"美唄市","我路町菊水"],"0720017":[1,"美唄市","東六条南"],"0720827":[1,"美唄市","南美唄町栄町北"],"0720818":[1,"美唄市","南美唄町中央通り"],"0720835":[1,"美唄市","落合町入初"],"0720051":[1,"美唄市","上美唄町"],"0720009":[1,"美唄市","癸巳町"],"0720006":[1,"美唄市","東五条北"],"0720016":[1,"美唄市","東五条南"],"0720037":[1,"美唄市","沼の内町北"],"0720831":[1,"美唄市","落合町栄町"],"0720057":[1,"美唄市","西美唄町大曲"],"0720036":[1,"美唄市","沼の内町南"],"0720802":[1,"美唄市","東八条北"],"0720041":[1,"美唄市","進徳町東"],"0720056":[1,"美唄市","西美唄町山形"]}
