{"1790076":[13,"練馬区","土支田"],"1790082":[13,"練馬区","錦"],"1790084":[13,"練馬区","氷川台"],"1798911":[13,"練馬区","高松","６丁目１２－２０"],"1798909":[13,"練馬区","早宮","２丁目９－１８"],"1798903":[13,"練馬区","高松","５丁目８－２０"],"1790075":[13,"練馬区","高松"],"1798906":[13,"練馬区","旭町","２丁目９－１３"],"1790072":[13,"練馬区","光が丘"],"1798914":[13,"練馬区","旭町","１丁目３９－１６"],"1790073":[13,"練馬区","田柄"],"1790085":[13,"練馬区","早宮"],"1798501":[13,"練馬区","春日町","５丁目３５－３３"],"1790083":[13,"練馬区","平和台"],"1798904":[13,"練馬区","田柄","３丁目３０－１５"],"1790074":[13,"練馬区","春日町"],"1798901":[13,"練馬区","高松","４丁目４－３"],"1798910":[13,"練馬区","旭町","２丁目８－１８"],"1790071":[13,"練馬区","旭町"],"1790081":[13,"練馬区","北町"],"1798907":[13,"練馬区","旭町","２丁目１－３９"]}
