{"3010004":[8,"龍ケ崎市","馴馬町"],"3010803":[8,"龍ケ崎市","塗戸町"],"3010015":[8,"龍ケ崎市","長沖町"],"3010834":[8,"龍ケ崎市","古城"],"3010802":[8,"龍ケ崎市","高作町"],"3010836":[8,"龍ケ崎市","寺後"],"3010012":[8,"龍ケ崎市","上町"],"3010046":[8,"龍ケ崎市","入地町"],"3010826":[8,"龍ケ崎市","栄町"],"3010033":[8,"龍ケ崎市","佐貫町"],"3010846":[8,"龍ケ崎市","別所町"],"3010816":[8,"龍ケ崎市","大徳町"],"3010035":[8,"龍ケ崎市","稗柄町"],"3010048":[8,"龍ケ崎市","川崎町"],"3010817":[8,"龍ケ崎市","上大徳新町"],"3010032":[8,"龍ケ崎市","佐貫"],"3018611":[8,"龍ケ崎市","","３７１０"],"3010835":[8,"龍ケ崎市","田町"],"3010026":[8,"龍ケ崎市","高須町"],"3010822":[8,"龍ケ崎市","光順田"],"3010006":[8,"龍ケ崎市","門倉新田町"],"3010825":[8,"龍ケ崎市","川余郷"],"3010813":[8,"龍ケ崎市","新町"],"3010838":[8,"龍ケ崎市","愛戸町"],"3010005":[8,"龍ケ崎市","川原代町"],"3010043":[8,"龍ケ崎市","松葉"],"3010902":[8,"稲敷市","上根本"],"3010804":[8,"龍ケ崎市","長峰町"],"3010843":[8,"龍ケ崎市","羽原町"],"3010854":[8,"龍ケ崎市","中里"],"3010000":[8,"龍ケ崎市",""],"3010824":[8,"龍ケ崎市","下町"],"3010044":[8,"龍ケ崎市","小柴"],"3010842":[8,"龍ケ崎市","八代町"],"3010047":[8,"龍ケ崎市","南中島町"],"3010901":[8,"稲敷市","下根本"],"3010815":[8,"龍ケ崎市","直鮒"],"3010857":[8,"龍ケ崎市","泉町"],"3010003":[8,"龍ケ崎市","平台"],"3010814":[8,"龍ケ崎市","高砂"],"3018610":[8,"龍ケ崎市","若柴町","６９"],"3010812":[8,"龍ケ崎市","佐沼町"],"3010016":[8,"龍ケ崎市","長沖新田町"],"3010007":[8,"龍ケ崎市","馴柴町"],"3010856":[8,"龍ケ崎市","貝原塚町"],"3010018":[8,"龍ケ崎市","米町"],"3010002":[8,"龍ケ崎市","中根台"],"3010852":[8,"龍ケ崎市","向陽台"],"3010013":[8,"龍ケ崎市","水門"],"3010811":[8,"龍ケ崎市","宮渕町"],"3010023":[8,"龍ケ崎市","羽黒町"],"3010839":[8,"龍ケ崎市","出し山町"],"3010847":[8,"龍ケ崎市","城ノ内"],"3010801":[8,"龍ケ崎市","板橋町"],"3010031":[8,"龍ケ崎市","庄兵衛新田町"],"3010823":[8,"龍ケ崎市","砂町"],"3010024":[8,"龍ケ崎市","豊田町"],"3010017":[8,"龍ケ崎市","姫宮町"],"3010832":[8,"龍ケ崎市","緑町"],"3010042":[8,"龍ケ崎市","長山"],"3018555":[8,"龍ケ崎市","平畑","１２０"],"3010845":[8,"龍ケ崎市","奈戸岡"],"3010855":[8,"龍ケ崎市","藤ケ丘"],"3010821":[8,"龍ケ崎市","東町"],"3010014":[8,"龍ケ崎市","須藤堀町"],"3010831":[8,"龍ケ崎市","野原町"],"3010805":[8,"龍ケ崎市","薄倉町"],"3010045":[8,"龍ケ崎市","稲荷新田町"],"3018505":[8,"龍ケ崎市","馴馬町","５１６７－１"],"3010022":[8,"龍ケ崎市","南が丘"],"3010837":[8,"龍ケ崎市","根町"],"3010041":[8,"龍ケ崎市","若柴町"],"3018602":[8,"龍ケ崎市","泉町","２０８０"],"3010851":[8,"龍ケ崎市","大塚町"],"3010021":[8,"龍ケ崎市","北方町"],"3010844":[8,"龍ケ崎市","平畑"],"3018501":[8,"龍ケ崎市","","３番地"],"3010841":[8,"龍ケ崎市","白羽"],"3018601":[8,"龍ケ崎市","川原代町","１１８２－５"],"3010011":[8,"龍ケ崎市","横町"],"3010001":[8,"龍ケ崎市","久保台"],"3010833":[8,"龍ケ崎市","城下"],"3010853":[8,"龍ケ崎市","松ケ丘"],"3010806":[8,"龍ケ崎市","半田町"],"3010034":[8,"龍ケ崎市","小通幸谷町"],"3010025":[8,"龍ケ崎市","大留町"]}
