{"0394138":[2,"上北郡横浜町","塚名平"],"0392404":[2,"上北郡東北町","上北北"],"0392183":[2,"上北郡おいらせ町","鶉久保山"],"0392151":[2,"上北郡おいらせ町","向山"],"0392236":[2,"上北郡おいらせ町","洋光台"],"0390131":[2,"三戸郡三戸町","二日町"],"0392673":[2,"上北郡東北町","馬尻"],"0392200":[2,"上北郡おいらせ町",""],"0391545":[2,"三戸郡五戸町","正場沢"],"0392804":[2,"上北郡七戸町","野崎狐久保"],"0392286":[2,"上北郡おいらせ町","松原","２丁目１３２－１"],"0391523":[2,"三戸郡五戸町","上保土沢"],"0392511":[2,"上北郡七戸町","笊田川久保"],"0393176":[2,"上北郡野辺地町","中渡"],"0392712":[2,"上北郡七戸町","北天間舘"],"0392146":[2,"上北郡おいらせ町","中谷地"],"0390143":[2,"三戸郡三戸町","川守田町"],"0391537":[2,"三戸郡五戸町","ウルエ長根"],"0395332":[2,"むつ市","脇野沢瀬野川目"],"0395335":[2,"むつ市","脇野沢寄浪"],"0394104":[2,"上北郡横浜町","下苗代川目"],"0392612":[2,"上北郡東北町","狼ノ沢"],"0393127":[2,"上北郡野辺地町","上川原"],"0394102":[2,"上北郡横浜町","浜田"],"0392675":[2,"上北郡東北町","千曳"],"0392187":[2,"上北郡おいらせ町","緑ケ丘"],"0395342":[2,"むつ市","脇野沢小沢"],"0392163":[2,"上北郡おいらせ町","館越"],"0392555":[2,"上北郡七戸町","前田"],"0393152":[2,"上北郡野辺地町","下小中野"],"0393116":[2,"上北郡野辺地町","赤坂"],"0392756":[2,"上北郡七戸町","榎林家ノ後"],"0391547":[2,"三戸郡五戸町","神明後"],"0392873":[2,"上北郡七戸町","天間舘寒水"],"0392117":[2,"上北郡おいらせ町","川端"],"0392745":[2,"上北郡七戸町","夷堂"],"0392582":[2,"上北郡七戸町","西上川原"],"0392221":[2,"上北郡おいらせ町","上前田"],"0393333":[2,"東津軽郡平内町","松野木"],"0391511":[2,"三戸郡五戸町","鍜冶屋窪"],"0391506":[2,"三戸郡五戸町","熊野林"],"0391801":[2,"三戸郡新郷村","戸来"],"0394700":[2,"下北郡佐井村",""],"0392537":[2,"上北郡七戸町","賽ノ神"],"0392314":[2,"上北郡六戸町","小平"],"0391164":[2,"八戸市","下長"],"0393363":[2,"東津軽郡平内町","山口"],"0393104":[2,"上北郡野辺地町","大月平"],"0391104":[2,"八戸市","田面木"],"0392641":[2,"上北郡東北町","枋木"],"0392545":[2,"上北郡七戸町","別曽"],"0392302":[2,"三戸郡五戸町","切谷内"],"0393331":[2,"東津軽郡平内町","浜子"],"0392686":[2,"上北郡東北町","宇道坂"],"0392833":[2,"上北郡七戸町","家ノ前"],"0392124":[2,"上北郡おいらせ町","境田"],"0392506":[2,"上北郡七戸町","膝森"],"0393372":[2,"東津軽郡平内町","土屋"],"0392597":[2,"上北郡七戸町","字蛇坂","５７－３１"],"0394221":[2,"下北郡東通村","猿ケ森"],"0392786":[2,"上北郡七戸町","中岫東道添"],"0392579":[2,"上北郡七戸町","十役野"],"0392855":[2,"上北郡七戸町","底田"],"0392662":[2,"上北郡東北町","下笹橋"],"0391553":[2,"三戸郡五戸町","川原町下裏"],"0393121":[2,"上北郡野辺地町","船橋"],"0391566":[2,"三戸郡五戸町","幸ノ神"],"0394495":[2,"むつ市","大畑町","中島１０８－５"],"0392655":[2,"上北郡東北町","内蛯沢道ノ上"],"0392583":[2,"上北郡七戸町","前川原"],"0393212":[2,"上北郡六ヶ所村","尾駮"],"0390606":[2,"三戸郡南部町","相内"],"0393103":[2,"上北郡野辺地町","田名部道"],"0392635":[2,"上北郡東北町","乙越"],"0392241":[2,"八戸市","市川町"],"0393112":[2,"上北郡野辺地町","中道"],"0394144":[2,"上北郡横浜町","浜懸"],"0391204":[2,"三戸郡階上町","平内"],"0392216":[2,"上北郡おいらせ町","後田"],"0390311":[2,"三戸郡田子町","原"],"0392861":[2,"上北郡七戸町","天間舘大沢"],"0392558":[2,"上北郡七戸町","高屋敷"],"0392571":[2,"上北郡七戸町","蛇坂"],"0391503":[2,"三戸郡五戸町","大久保"],"0392722":[2,"上北郡七戸町","向川原"],"0393161":[2,"上北郡野辺地町","馬門道"],"0394151":[2,"上北郡横浜町","向平"],"0391535":[2,"三戸郡五戸町","新丁"],"0392578":[2,"上北郡七戸町","貝ノ口"],"0392254":[2,"上北郡おいらせ町","苗振谷地"],"0392121":[2,"上北郡おいらせ町","下境"],"0394157":[2,"上北郡横浜町","二又"],"0392512":[2,"上北郡七戸町","笊田"],"0393175":[2,"上北郡野辺地町","地続山"],"0392603":[2,"上北郡東北町","横沢山"],"0392805":[2,"上北郡七戸町","原久保"],"0390104":[2,"三戸郡南部町","小向"],"0391197":[2,"八戸市","大字河原木","字青森谷地"],"0391538":[2,"三戸郡五戸町","塚無岱"],"0392255":[2,"上北郡おいらせ町","土取"],"0392831":[2,"上北郡七戸町","金沢平"],"0390804":[2,"三戸郡南部町","高橋"],"0393505":[2,"青森市","宮田"],"0391103":[2,"八戸市","長苗代"],"0393393":[2,"東津軽郡平内町","大字小湊","字小湊６３"],"0391193":[2,"八戸市","豊洲","２－３８"],"0392212":[2,"上北郡おいらせ町","東下川原"],"0391203":[2,"三戸郡階上町","鳥屋部"],"0392672":[2,"上北郡東北町","栗山添"],"0392203":[2,"上北郡おいらせ町","一川目"],"0392713":[2,"上北郡七戸町","東天間舘"],"0391546":[2,"三戸郡五戸町","下タノ沢"],"0392226":[2,"上北郡おいらせ町","新助川原"],"0394103":[2,"上北郡横浜町","川太郎川目"],"0392744":[2,"上北郡七戸町","塚長根"],"0393153":[2,"上北郡野辺地町","中小中野"],"0390132":[2,"三戸郡三戸町","在府小路町"],"0392521":[2,"上北郡七戸町","天王"],"0392393":[2,"上北郡六戸町","大字犬落瀬","字柴山２－６２"],"0392189":[2,"上北郡おいらせ町","青葉"],"0392652":[2,"上北郡東北町","ほとけ沢"],"0392815":[2,"上北郡七戸町","森ノ下"],"0391524":[2,"三戸郡五戸町","豊間内"],"0394101":[2,"上北郡横浜町","林尻"],"0391107":[2,"八戸市","櫛引"],"0392132":[2,"上北郡おいらせ町","西前川原"],"0392856":[2,"上北郡七戸町","古和備"],"0394402":[2,"むつ市","大畑町正津川"],"0394132":[2,"上北郡横浜町","太郎須田"],"0394141":[2,"上北郡横浜町","三保野"],"0392235":[2,"上北郡おいらせ町","千刈田"],"0392565":[2,"上北郡七戸町","治部袋"],"0392696":[2,"上北郡東北町","字塔ノ沢山","１"],"0392685":[2,"上北郡東北町","家ノ下タ"],"0392676":[2,"上北郡東北町","下板橋"],"0393117":[2,"上北郡野辺地町","下坂"],"0392561":[2,"上北郡七戸町","銀南木"],"0392773":[2,"上北郡七戸町","前左野"],"0391548":[2,"三戸郡五戸町","新町"],"0392600":[2,"上北郡東北町",""],"0392755":[2,"上北郡七戸町","榎林家ノ前"],"0395341":[2,"むつ市","脇野沢鹿間平"],"0395336":[2,"むつ市","脇野沢蛸田"],"0394501":[2,"下北郡風間浦村","下風呂"],"0391559":[2,"三戸郡五戸町","下大町"],"0393128":[2,"上北郡野辺地町","上前田"],"0390142":[2,"三戸郡三戸町","久慈町"],"0391512":[2,"三戸郡五戸町","西ノ沢"],"0394711":[2,"下北郡佐井村","佐井"],"0392188":[2,"上北郡おいらせ町","若葉"],"0392785":[2,"上北郡七戸町","中岫村ノ上"],"0392173":[2,"上北郡おいらせ町","瓢"],"0390805":[2,"三戸郡南部町","小泉"],"0390502":[2,"三戸郡南部町","下名久井"],"0392866":[2,"上北郡七戸町","栗ノ木沢"],"0393315":[2,"東津軽郡平内町","福島"],"0392403":[2,"上北郡東北町","新舘"],"0393144":[2,"上北郡野辺地町","一ノ渡"],"0392832":[2,"上北郡七戸町","道ノ上"],"0392182":[2,"上北郡おいらせ町","鶉久保"],"0392548":[2,"上北郡七戸町","見町"],"0392651":[2,"上北郡東北町","大沢"],"0393118":[2,"上北郡野辺地町","寺ノ沢"],"0391554":[2,"三戸郡五戸町","川原町"],"0393213":[2,"上北郡六ヶ所村","鷹架"],"0392113":[2,"上北郡おいらせ町","犬毛谷地"],"0391205":[2,"三戸郡階上町","晴山沢"],"0393321":[2,"東津軽郡平内町","小湊"],"0392533":[2,"上北郡七戸町","川去"],"0393215":[2,"上北郡六ヶ所村","倉内"],"0392763":[2,"上北郡七戸町","二ツ森家ノ表"],"0392532":[2,"上北郡七戸町","大林"],"0394111":[2,"上北郡横浜町","大畑"],"0393371":[2,"東津軽郡平内町","中野"],"0392313":[2,"上北郡六戸町","鶴喰"],"0391561":[2,"三戸郡五戸町","赤坂"],"0391802":[2,"三戸郡新郷村","西越"],"0393105":[2,"上北郡野辺地町","有戸鳥井平"],"0395331":[2,"むつ市","脇野沢渡向"],"0391536":[2,"三戸郡五戸町","愛宕後"],"0393142":[2,"上北郡野辺地町","久田"],"0392854":[2,"上北郡七戸町","高井名"],"0391563":[2,"三戸郡五戸町","岡谷地"],"0392292":[2,"八戸市","桔梗野工業団地","１丁目３－１"],"0392505":[2,"上北郡七戸町","立野頭"],"0391507":[2,"三戸郡五戸町","蛯川後"],"0392285":[2,"八戸市","北インター工業団地","４丁目２－７"],"0391108":[2,"八戸市","上野"],"0392522":[2,"上北郡七戸町","倉越"],"0392577":[2,"上北郡七戸町","鍛治林"],"0392523":[2,"上北郡七戸町","影津内"],"0390200":[2,"三戸郡田子町",""],"0392122":[2,"上北郡おいらせ町","沼小屋"],"0393123":[2,"上北郡野辺地町","種川"],"0391521":[2,"三戸郡五戸町","五百窪"],"0392126":[2,"上北郡おいらせ町","間木"],"0394712":[2,"下北郡佐井村","長後"],"0394106":[2,"上北郡横浜町","有畑"],"0394123":[2,"上北郡横浜町","茅平"],"0392716":[2,"上北郡七戸町","菩提木"],"0392779":[2,"上北郡七戸町","榎林古屋敷"],"0393507":[2,"青森市","馬屋尻"],"0392671":[2,"上北郡東北町","小沢"],"0394136":[2,"上北郡横浜町","横浜"],"0392665":[2,"上北郡東北町","柳沢"],"0392802":[2,"上北郡七戸町","野崎前平"],"0394292":[2,"下北郡東通村","大字砂子又","字沢内５番地３４"],"0391528":[2,"三戸郡五戸町","浅水"],"0394156":[2,"上北郡横浜町","雲雀平"],"0392721":[2,"上北郡七戸町","志茂川原"],"0394401":[2,"むつ市","大畑町"],"0393155":[2,"上北郡野辺地町","切明"],"0393106":[2,"上北郡野辺地町","蟹田"],"0392823":[2,"上北郡七戸町","館ノ下"],"0395321":[2,"むつ市","脇野沢源藤城"],"0392557":[2,"上北郡七戸町","西野"],"0392653":[2,"上北郡東北町","下山"],"0392602":[2,"上北郡東北町","五十嵐"],"0393361":[2,"東津軽郡平内町","藤沢"],"0391166":[2,"八戸市","根城"],"0392402":[2,"上北郡東北町","大浦"],"0391501":[2,"三戸郡五戸町","上市川"],"0392588":[2,"上北郡七戸町","和田下"],"0393503":[2,"青森市","野内"],"0391211":[2,"三戸郡階上町","蒼前東"],"0391504":[2,"三戸郡五戸町","兎内"],"0392762":[2,"上北郡七戸町","二ツ森家ノ下"],"0391201":[2,"三戸郡階上町","道仏"],"0392606":[2,"上北郡東北町","数牛"],"0392144":[2,"上北郡おいらせ町","丈の端"],"0391109":[2,"八戸市","豊崎町"],"0392392":[2,"上北郡六戸町","大字犬落瀬","字前谷地６０"],"0390612":[2,"三戸郡南部町","剣吉"],"0393129":[2,"上北郡野辺地町","新田"],"0390105":[2,"三戸郡南部町","沖田面"],"0391207":[2,"三戸郡階上町","金山沢"],"0394122":[2,"上北郡横浜町","鶏ケ唄"],"0392547":[2,"上北郡七戸町","矢倉"],"0393162":[2,"上北郡野辺地町","笹館"],"0393122":[2,"上北郡野辺地町","雑吉沢"],"0392776":[2,"上北郡七戸町","李沢家ノ前"],"0392231":[2,"上北郡おいらせ町","東下谷地"],"0393173":[2,"上北郡野辺地町","陣場川原"],"0393141":[2,"上北郡野辺地町","鳴沢"],"0390812":[2,"三戸郡南部町","椛木"],"0392746":[2,"上北郡七戸町","附田川目"],"0393381":[2,"東津軽郡平内町","茂浦"],"0392816":[2,"上北郡七戸町","家ノ裏"],"0394502":[2,"下北郡風間浦村","易国間"],"0392845":[2,"上北郡七戸町","作田道"],"0390504":[2,"三戸郡南部町","鳥舌内"],"0392574":[2,"上北郡七戸町","宇道坂"],"0390141":[2,"三戸郡三戸町","川守田"],"0392551":[2,"上北郡七戸町","薬師平"],"0393353":[2,"東津軽郡平内町","田茂木"],"0392501":[2,"上北郡七戸町","荒熊内"],"0392751":[2,"上北郡七戸町","貝塚家ノ前"],"0390801":[2,"三戸郡南部町","片岸"],"0392145":[2,"上北郡おいらせ町","上谷地"],"0392595":[2,"上北郡七戸町","字影津内","９８－１"],"0392615":[2,"上北郡東北町","細津"],"0395337":[2,"むつ市","脇野沢九艘泊"],"0394117":[2,"上北郡横浜町","鶏沢"],"0391568":[2,"三戸郡五戸町","銀杏木"],"0395202":[2,"むつ市","川内町桧川"],"0391517":[2,"三戸郡五戸町","沢向"],"0395346":[2,"むつ市","脇野沢口広"],"0393302":[2,"東津軽郡平内町","白砂"],"0392567":[2,"上北郡七戸町","鶴児平"],"0392531":[2,"上北郡七戸町","太田"],"0390453":[2,"三戸郡三戸町","貝守"],"0392621":[2,"上北郡東北町","田ノ沢"],"0390501":[2,"三戸郡南部町","上名久井"],"0390452":[2,"三戸郡三戸町","袴田"],"0393341":[2,"東津軽郡平内町","薬師野"],"0391539":[2,"三戸郡五戸町","石沢境"],"0390595":[2,"三戸郡南部町","大字平","字広場２２"],"0392280":[2,"八戸市","北インター工業団地","６丁目１－１６"],"0392562":[2,"上北郡七戸町","倉岡"],"0394134":[2,"上北郡横浜町","林の脇"],"0391529":[2,"三戸郡五戸町","手倉橋"],"0392792":[2,"上北郡七戸町","字森ノ上","１３１－４"],"0391206":[2,"三戸郡階上町","田代"],"0392572":[2,"上北郡七戸町","城ノ後"],"0392581":[2,"上北郡七戸町","東上川原"],"0392613":[2,"上北郡東北町","子ノ鳥平"],"0392289":[2,"上北郡おいらせ町","上明堂","６０－６"],"0394224":[2,"下北郡東通村","白糠"],"0392118":[2,"上北郡おいらせ町","彦七川原"],"0392184":[2,"上北郡おいらせ町","浜道"],"0391502":[2,"三戸郡五戸町","切谷内"],"0392828":[2,"上北郡七戸町","森ケ沢"],"0392674":[2,"上北郡東北町","千曳下山"],"0393364":[2,"東津軽郡平内町","小豆沢"],"0392622":[2,"上北郡東北町","浜家苫"],"0392733":[2,"上北郡七戸町","天間舘前川原"],"0394600":[2,"下北郡大間町",""],"0392757":[2,"上北郡七戸町","卒古沢南平"],"0392803":[2,"上北郡七戸町","野崎森ノ下"],"0395322":[2,"むつ市","脇野沢滝山"],"0392778":[2,"上北郡七戸町","坂ノ外"],"0393107":[2,"上北郡野辺地町","小沢平"],"0392646":[2,"上北郡東北町","外蛯沢西平"],"0395334":[2,"むつ市","脇野沢新井田"],"0392186":[2,"上北郡おいらせ町","北下田"],"0392846":[2,"上北郡七戸町","鳥谷部"],"0392771":[2,"上北郡七戸町","姥沢"],"0392573":[2,"上北郡七戸町","野続"],"0393200":[2,"上北郡六ヶ所村",""],"0392372":[2,"上北郡六戸町","折茂"],"0394121":[2,"上北郡横浜町","桧木"],"0392222":[2,"上北郡おいらせ町","下前田"],"0391522":[2,"三戸郡五戸町","小渡"],"0393524":[2,"青森市","滝沢"],"0392663":[2,"上北郡東北町","舘花"],"0393143":[2,"上北郡野辺地町","川目"],"0392502":[2,"上北郡七戸町","大沢"],"0392589":[2,"上北郡七戸町","和田"],"0392857":[2,"上北郡七戸町","天間舘倉越"],"0392315":[2,"上北郡六戸町","柳町"],"0393131":[2,"上北郡野辺地町","野辺地"],"0390503":[2,"三戸郡南部町","平"],"0391163":[2,"八戸市","高州"],"0392538":[2,"上北郡七戸町","寺下"],"0391565":[2,"三戸郡五戸町","下新井田"],"0392242":[2,"八戸市","多賀台"],"0393146":[2,"上北郡野辺地町","下松ノ木平"],"0393151":[2,"上北郡野辺地町","白岩向"],"0392687":[2,"上北郡東北町","上清水目"],"0390813":[2,"三戸郡南部町","杉沢"],"0392552":[2,"上北郡七戸町","鶴打田"],"0394131":[2,"上北郡横浜町","椛名木"],"0392821":[2,"上北郡七戸町","大平"],"0395345":[2,"むつ市","脇野沢赤坂"],"0391552":[2,"三戸郡五戸町","姥堤"],"0392568":[2,"上北郡七戸町","左組"],"0392598":[2,"上北郡七戸町","字大沢","４８－８"],"0391541":[2,"三戸郡五戸町","新田窪"],"0390802":[2,"三戸郡南部町","苫米地"],"0391518":[2,"三戸郡五戸町","下モ沢向"],"0393124":[2,"上北郡野辺地町","白岩"],"0392251":[2,"上北郡おいらせ町","向山"],"0395333":[2,"むつ市","脇野沢黒岩"],"0392131":[2,"上北郡おいらせ町","向川原"],"0395201":[2,"むつ市","川内町"],"0394143":[2,"上北郡横浜町","屋敷形"],"0392634":[2,"上北郡東北町","往来ノ下"],"0392206":[2,"上北郡おいらせ町","松原"],"0392717":[2,"上北郡七戸町","柳平"],"0392201":[2,"上北郡おいらせ町","二川目"],"0390111":[2,"三戸郡三戸町","泉山"],"0392647":[2,"上北郡東北町","外蛯沢後久保"],"0392123":[2,"上北郡おいらせ町","西下谷地"],"0393113":[2,"上北郡野辺地町","田狭沢"],"0390451":[2,"三戸郡三戸町","蛇沼"],"0392401":[2,"上北郡東北町","上野"],"0391701":[2,"三戸郡五戸町","倉石石沢"],"0392678":[2,"上北郡東北町","狐沢山"],"0393314":[2,"東津軽郡平内町","盛田"],"0392282":[2,"八戸市","北インター工業団地","５丁目１－１４"],"0392667":[2,"上北郡東北町","膳前"],"0391567":[2,"三戸郡五戸町","上大平楽"],"0392851":[2,"上北郡七戸町","堰根"],"0392782":[2,"上北郡七戸町","中岫太田嶋"],"0391557":[2,"三戸郡五戸町","上川原"],"0392133":[2,"上北郡おいらせ町","上川原"],"0392128":[2,"上北郡おいらせ町","染屋"],"0392732":[2,"上北郡七戸町","卒古沢"],"0392253":[2,"上北郡おいらせ町","獺野"],"0394133":[2,"上北郡横浜町","舘の後"],"0392135":[2,"上北郡おいらせ町","立蛇"],"0392213":[2,"上北郡おいらせ町","堀ノ内"],"0392624":[2,"上北郡東北町","蓼内久保"],"0392822":[2,"上北郡七戸町","小又"],"0392748":[2,"上北郡七戸町","南舘向"],"0390102":[2,"三戸郡南部町","赤石"],"0392714":[2,"上北郡七戸町","上志多"],"0392862":[2,"上北郡七戸町","夏間木"],"0391551":[2,"三戸郡五戸町","上新井田"],"0392623":[2,"上北郡東北町","大久保"],"0393211":[2,"上北郡六ヶ所村","出戸"],"0392563":[2,"上北郡七戸町","向平"],"0392559":[2,"上北郡七戸町","山屋"],"0392575":[2,"上北郡七戸町","作田"],"0392371":[2,"上北郡六戸町","犬落瀬"],"0390122":[2,"三戸郡三戸町","斗内"],"0392774":[2,"上北郡七戸町","柴舘道ノ下"],"0393501":[2,"青森市","浅虫"],"0392825":[2,"上北郡七戸町","家ノ上"],"0390614":[2,"三戸郡南部町","虎渡"],"0392741":[2,"上北郡七戸町","猪ノ鼻"],"0392232":[2,"上北郡おいらせ町","東後谷地"],"0392224":[2,"上北郡おいらせ町","下明堂"],"0392515":[2,"上北郡七戸町","蒼前"],"0393343":[2,"東津軽郡平内町","狩場沢"],"0392681":[2,"上北郡東北町","家ノ前"],"0391513":[2,"三戸郡五戸町","古館"],"0392162":[2,"上北郡おいらせ町","南下田"],"0392877":[2,"上北郡七戸町","五庵ノ下"],"0390134":[2,"三戸郡三戸町","同心町"],"0391542":[2,"三戸郡五戸町","中道"],"0393312":[2,"東津軽郡平内町","浅所"],"0392311":[2,"上北郡六戸町","上吉田"],"0393125":[2,"上北郡野辺地町","坊ノ塚"],"0391165":[2,"八戸市","石堂"],"0393502":[2,"青森市","久栗坂"],"0390611":[2,"三戸郡南部町","斗賀"],"0391531":[2,"三戸郡五戸町","狐森"],"0392569":[2,"上北郡七戸町","馬門川原"],"0393179":[2,"上北郡野辺地町","馬門"],"0392204":[2,"上北郡おいらせ町","深沢"],"0392645":[2,"上北郡東北町","外蛯沢前平"],"0390506":[2,"三戸郡南部町","法光寺"],"0390815":[2,"三戸郡南部町","福田"],"0392874":[2,"上北郡七戸町","坪川原"],"0392252":[2,"上北郡おいらせ町","黒坂谷地"],"0393171":[2,"上北郡野辺地町","上御手洗瀬"],"0392542":[2,"上北郡七戸町","萩ノ沢"],"0393100":[2,"上北郡野辺地町",""],"0393164":[2,"上北郡野辺地町","前田"],"0392617":[2,"上北郡東北町","水喰"],"0395344":[2,"むつ市","脇野沢稲平"],"0392811":[2,"上北郡七戸町","天間舘荒谷"],"0393157":[2,"上北郡野辺地町","獅子沢"],"0392518":[2,"上北郡七戸町","天神林"],"0392586":[2,"上北郡七戸町","海内"],"0392592":[2,"上北郡七戸町","字七戸","３１－２"],"0390314":[2,"三戸郡田子町","遠瀬"],"0392243":[2,"八戸市","松ケ丘"],"0392554":[2,"上北郡七戸町","中岫"],"0392192":[2,"上北郡おいらせ町","中下田","１３５－２"],"0392593":[2,"上北郡七戸町","字蛇坂","５５－１"],"0394115":[2,"上北郡横浜町","稲荷平"],"0394114":[2,"上北郡横浜町","大豆田"],"0392632":[2,"上北郡東北町","日影林ノ上山"],"0392724":[2,"上北郡七戸町","上平"],"0392604":[2,"上北郡東北町","空久保"],"0391113":[2,"八戸市","西白山台"],"0395323":[2,"むつ市","脇野沢七引"],"0392507":[2,"上北郡七戸町","えぞ花"],"0394105":[2,"上北郡横浜町","苗代川目"],"0392125":[2,"上北郡おいらせ町","三本木"],"0392211":[2,"上北郡おいらせ町","新田"],"0390121":[2,"三戸郡三戸町","豊川"],"0392112":[2,"上北郡おいらせ町","中野平"],"0391515":[2,"三戸郡五戸町","熊ノ沢"],"0394155":[2,"上北郡横浜町","豊栄平"],"0392611":[2,"上北郡東北町","中村道ノ上"],"0391114":[2,"八戸市","北白山台"],"0392633":[2,"上北郡東北町","素柄邸"],"0392172":[2,"上北郡おいらせ町","洗平"],"0391516":[2,"三戸郡五戸町","市川道十文字"],"0392543":[2,"上北郡七戸町","有田沢"],"0392643":[2,"上北郡東北町","乙部道ノ上"],"0392731":[2,"上北郡七戸町","後平"],"0394124":[2,"上北郡横浜町","川尻"],"0392863":[2,"上北郡七戸町","十枝内"],"0391185":[2,"八戸市","大字長苗代","字前田８３－１"],"0392607":[2,"上北郡東北町","姥沢"],"0392281":[2,"八戸市","北インター工業団地","６丁目１－１６"],"0391208":[2,"三戸郡階上町","角柄折"],"0392777":[2,"上北郡七戸町","李沢家ノ後"],"0393382":[2,"東津軽郡平内町","稲生"],"0391212":[2,"三戸郡階上町","蒼前西"],"0391121":[2,"八戸市","卸センター"],"0392549":[2,"上北郡七戸町","下見町"],"0392115":[2,"上北郡おいらせ町","菜飯"],"0390103":[2,"三戸郡南部町","大向"],"0394701":[2,"むつ市","川内町"],"0390316":[2,"三戸郡田子町","関"],"0395343":[2,"むつ市","脇野沢小サ沢"],"0393163":[2,"上北郡野辺地町","新町裏"],"0392715":[2,"上北郡七戸町","尾山頭"],"0392661":[2,"上北郡東北町","上笹橋"],"0392500":[2,"上北郡七戸町",""],"0392287":[2,"八戸市","大字市川町","字下揚４５－１３"],"0392142":[2,"上北郡おいらせ町","小前谷地"],"0392225":[2,"上北郡おいらせ町","上明堂"],"0393156":[2,"上北郡野辺地町","枇杷野"],"0390113":[2,"三戸郡三戸町","目時"],"0390198":[2,"三戸郡三戸町","大字在府小路町","４３"],"0390811":[2,"三戸郡南部町","法師岡"],"0391500":[2,"三戸郡五戸町",""],"0392664":[2,"上北郡東北町","乙供"],"0393174":[2,"上北郡野辺地町","大平下"],"0393101":[2,"上北郡野辺地町","浜掛"],"0392844":[2,"上北郡七戸町","手代森"],"0394153":[2,"上北郡横浜町","吹越"],"0392688":[2,"上北郡東北町","大撫沢"],"0391555":[2,"三戸郡五戸町","下高田"],"0393145":[2,"上北郡野辺地町","松ノ木平"],"0394145":[2,"上北郡横浜町","寺下"],"0393342":[2,"東津軽郡平内町","口広"],"0390814":[2,"三戸郡南部町","埖渡"],"0393352":[2,"東津軽郡平内町","内童子"],"0392539":[2,"上北郡七戸町","中村"],"0391543":[2,"三戸郡五戸町","竹原"],"0393108":[2,"上北郡野辺地町","有戸"],"0392644":[2,"上北郡東北町","保戸沢家ノ上"],"0390201":[2,"三戸郡田子町","田子"],"0392215":[2,"上北郡おいらせ町","下屋敷"],"0392682":[2,"上北郡東北町","石坂"],"0392541":[2,"上北郡七戸町","都平"],"0392223":[2,"上北郡おいらせ町","苗平谷地"],"0392752":[2,"上北郡七戸町","鉢森平"],"0390315":[2,"三戸郡田子町","夏坂"],"0392116":[2,"上北郡おいらせ町","秋堂"],"0391200":[2,"三戸郡階上町",""],"0392614":[2,"上北郡東北町","切左坂道ノ下"],"0392143":[2,"上北郡おいらせ町","上水下"],"0392516":[2,"上北郡七戸町","舘野"],"0394222":[2,"下北郡東通村","砂子又"],"0392526":[2,"上北郡七戸町","上町野"],"0391532":[2,"三戸郡五戸町","観音堂"],"0392656":[2,"上北郡東北町","内蛯沢向"],"0392564":[2,"上北郡七戸町","古屋敷"],"0392587":[2,"上北郡七戸町","上屋田"],"0392185":[2,"上北郡おいらせ町","上久保"],"0393362":[2,"東津軽郡平内町","増田"],"0392407":[2,"上北郡東北町","旭南"],"0392723":[2,"上北郡七戸町","下志多"],"0393148":[2,"上北郡野辺地町","与田川尻"],"0394500":[2,"下北郡風間浦村",""],"0395324":[2,"むつ市","脇野沢田ノ頭"],"0390892":[2,"三戸郡南部町","大字苫米地","字下宿２３－１"],"0392793":[2,"上北郡七戸町","字森ノ上","１９８"],"0394116":[2,"上北郡横浜町","中畑"],"0392876":[2,"上北郡七戸町","堰代"],"0391558":[2,"三戸郡五戸町","沢"],"0395203":[2,"むつ市","川内町宿野部"],"0392625":[2,"上北郡東北町","長久保"],"0392726":[2,"上北郡七戸町","李川原"],"0391181":[2,"八戸市","根城","９丁目１３－９"],"0394293":[2,"下北郡東通村","大字白糠","字前坂下３４－４"],"0392747":[2,"上北郡七戸町","附田家ノ前"],"0392642":[2,"上北郡東北町","寒水"],"0392544":[2,"上北郡七戸町","八栗平"],"0394154":[2,"上北郡横浜町","明神平"],"0393506":[2,"青森市","三本木"],"0392517":[2,"上北郡七戸町","夏焼"],"0392134":[2,"上北郡おいらせ町","馳下り"],"0392245":[2,"八戸市","北インター工業団地"],"0393178":[2,"上北郡野辺地町","家ノ上"],"0393154":[2,"上北郡野辺地町","上小中野"],"0392743":[2,"上北郡七戸町","寺沢前"],"0390202":[2,"三戸郡田子町","相米"],"0391569":[2,"三戸郡五戸町","根岸"],"0391556":[2,"三戸郡五戸町","油出"],"0392684":[2,"上北郡東北町","向平"],"0393102":[2,"上北郡野辺地町","米内沢"],"0392508":[2,"上北郡七戸町","大池"],"0393303":[2,"東津軽郡平内町","東滝"],"0392636":[2,"上北郡東北町","往来ノ上"],"0392202":[2,"上北郡おいらせ町","向平"],"0390292":[2,"三戸郡田子町","大字田子","字天神堂平８１"],"0392234":[2,"上北郡おいらせ町","堤田"],"0393351":[2,"東津軽郡平内町","外童子"],"0392813":[2,"上北郡七戸町","小田平"],"0390312":[2,"三戸郡田子町","石亀"],"0391202":[2,"三戸郡階上町","赤保内"],"0391562":[2,"三戸郡五戸町","鹿内"],"0393126":[2,"上北郡野辺地町","下前田"],"0392626":[2,"上北郡東北町","後久保"],"0392853":[2,"上北郡七戸町","さそう平"],"0392801":[2,"上北郡七戸町","野崎"],"0392841":[2,"上北郡七戸町","下鳥谷部"],"0392214":[2,"上北郡おいらせ町","東前川原"],"0395325":[2,"むつ市","脇野沢辰内"],"0391533":[2,"三戸郡五戸町","上大町"],"0393311":[2,"東津軽郡平内町","福館"],"0394142":[2,"上北郡横浜町","上イタヤノ木"],"0390505":[2,"三戸郡南部町","鳥谷"],"0393166":[2,"上北郡野辺地町","二本木向前田"],"0392102":[2,"上北郡おいらせ町","向平"],"0393504":[2,"青森市","矢田"],"0394601":[2,"下北郡大間町","大間"],"0392566":[2,"上北郡七戸町","放森"],"0393332":[2,"東津軽郡平内町","清水川"],"0392677":[2,"上北郡東北町","夫雑原下山"],"0391162":[2,"八戸市","豊洲"],"0393114":[2,"上北郡野辺地町","助佐小路"],"0393168":[2,"上北郡野辺地町","前平"],"0391525":[2,"三戸郡五戸町","地蔵岱"],"0391102":[2,"八戸市","一番町"],"0392161":[2,"上北郡おいらせ町","西下川原"],"0392171":[2,"上北郡おいらせ町","新敷"],"0392814":[2,"上北郡七戸町","道ノ下"],"0390133":[2,"三戸郡三戸町","馬喰町"],"0392834":[2,"上北郡七戸町","向中野川向"],"0390100":[2,"三戸郡三戸町",""],"0392725":[2,"上北郡七戸町","上川原"],"0392864":[2,"上北郡七戸町","下モ川原"],"0394223":[2,"下北郡東通村","小田野沢"],"0391564":[2,"三戸郡五戸町","古館下川原"],"0393167":[2,"上北郡野辺地町","二本木向"],"0390106":[2,"三戸郡南部町","相内"],"0395204":[2,"むつ市","川内町蛎崎"],"0391702":[2,"三戸郡五戸町","倉石中市"],"0392164":[2,"上北郡おいらせ町","神明前"],"0392504":[2,"上北郡七戸町","寒水"],"0392835":[2,"上北郡七戸町","松ケ沢"],"0392666":[2,"上北郡東北町","乙供山"],"0392556":[2,"上北郡七戸町","西槻木"],"0392524":[2,"上北郡七戸町","寺裏"],"0392648":[2,"上北郡東北町","外蛯沢北久保"],"0392114":[2,"上北郡おいらせ町","高田"],"0391167":[2,"八戸市","沢里"],"0392527":[2,"上北郡七戸町","町"],"0390135":[2,"三戸郡三戸町","八日町"],"0391505":[2,"三戸郡五戸町","石仏"],"0392181":[2,"上北郡おいらせ町","古間木山"],"0392842":[2,"上北郡七戸町","中鳥谷"],"0392754":[2,"上北郡七戸町","地蔵堂"],"0392872":[2,"上北郡七戸町","下タ川原"],"0391508":[2,"三戸郡五戸町","赤川"],"0392503":[2,"上北郡七戸町","豊間内"],"0391111":[2,"八戸市","東白山台"],"0392668":[2,"上北郡東北町","北膳前"],"0393159":[2,"上北郡野辺地町","観音林脇"],"0392536":[2,"上北郡七戸町","野佐掛"],"0392127":[2,"上北郡おいらせ町","木崎"],"0393300":[2,"東津軽郡平内町",""],"0392584":[2,"上北郡七戸町","後川原"],"0392136":[2,"上北郡おいらせ町","中下田"],"0392513":[2,"上北郡七戸町","東槻木"],"0390613":[2,"三戸郡南部町","森越"],"0392406":[2,"上北郡東北町","旭北"],"0392826":[2,"上北郡七戸町","中野"],"0394112":[2,"上北郡横浜町","夷ケ沢平"],"0391161":[2,"八戸市","河原木"],"0394100":[2,"上北郡横浜町",""],"0390803":[2,"三戸郡南部町","麦沢"],"0392871":[2,"上北郡七戸町","白石"],"0395304":[2,"むつ市","川内町蛎崎"],"0394137":[2,"上北郡横浜町","下川原"],"0392180":[2,"上北郡おいらせ町","住吉"],"0391105":[2,"八戸市","八幡"],"0392293":[2,"上北郡おいらせ町","上明堂","１１２"],"0391527":[2,"三戸郡五戸町","扇田"],"0393177":[2,"上北郡野辺地町","柴崎"],"0392775":[2,"上北郡七戸町","李沢道ノ下"],"0390112":[2,"三戸郡三戸町","梅内"],"0392165":[2,"上北郡おいらせ町","阿光坊"],"0390317":[2,"三戸郡田子町","山口"],"0390507":[2,"三戸郡南部町","高瀬"],"0393147":[2,"上北郡野辺地町","下与田川"],"0392492":[2,"上北郡東北町","上北南","４丁目３２－４８４"],"0393313":[2,"東津軽郡平内町","沼館"],"0392576":[2,"上北郡七戸町","桜田"],"0392594":[2,"上北郡七戸町","字蛇坂","５５－１"],"0392742":[2,"上北郡七戸町","舟場向川久保"],"0392147":[2,"上北郡おいらせ町","赤田前"],"0393115":[2,"上北郡野辺地町","タラノ木"],"0392534":[2,"上北郡七戸町","荒屋"],"0392711":[2,"上北郡七戸町","中天間舘"],"0392812":[2,"上北郡七戸町","小田下"],"0392627":[2,"上北郡東北町","漆玉"],"0392753":[2,"上北郡七戸町","竿打川原"],"0391519":[2,"三戸郡五戸町","天満"],"0395327":[2,"むつ市","脇野沢本村"],"0392824":[2,"上北郡七戸町","家ノ下"],"0392783":[2,"上北郡七戸町","中岫番屋"],"0394692":[2,"下北郡大間町","大字大間","字大間１０４番地"],"0392683":[2,"上北郡東北町","板橋山"],"0392657":[2,"上北郡東北町","赤川道"],"0390313":[2,"三戸郡田子町","茂市"],"0392761":[2,"上北郡七戸町","二ツ森家ノ後"],"0392111":[2,"上北郡おいらせ町","西後谷地"],"0392781":[2,"上北郡七戸町","花松林ノ根"],"0392852":[2,"上北郡七戸町","さそう"],"0393214":[2,"上北郡六ヶ所村","平沼"],"0394135":[2,"上北郡横浜町","林の後"],"0392312":[2,"上北郡六戸町","下吉田"],"0394602":[2,"下北郡大間町","奥戸"],"0391514":[2,"三戸郡五戸町","下中崎"],"0393158":[2,"上北郡野辺地町","観音林後"],"0392217":[2,"上北郡おいらせ町","牛込平"],"0393301":[2,"東津軽郡平内町","東田沢"],"0392601":[2,"上北郡東北町","ガス平"],"0391101":[2,"八戸市","尻内町"],"0392605":[2,"上北郡東北町","淋代"],"0392525":[2,"上北郡七戸町","七戸"],"0392283":[2,"八戸市","桔梗野工業団地","３丁目６－５"],"0394152":[2,"上北郡横浜町","百目木"],"0392300":[2,"上北郡六戸町",""],"0391544":[2,"三戸郡五戸町","二階平"],"0391703":[2,"三戸郡五戸町","倉石又重"],"0390101":[2,"三戸郡南部町","玉掛"],"0390144":[2,"三戸郡三戸町","六日町"],"0392616":[2,"上北郡東北町","切左坂道ノ上"],"0391106":[2,"八戸市","坂牛"],"0391112":[2,"八戸市","南白山台"],"0395326":[2,"むつ市","脇野沢桂沢"],"0392772":[2,"上北郡七戸町","下田坪"],"0393172":[2,"上北郡野辺地町","鳥井平"],"0391534":[2,"三戸郡五戸町","荒町"],"0394503":[2,"下北郡風間浦村","蛇浦"],"0391526":[2,"三戸郡五戸町","上長下"],"0392631":[2,"上北郡東北町","滝沢平"],"0392827":[2,"上北郡七戸町","森ノ上"],"0392246":[2,"八戸市","桔梗野工業団地"],"0392865":[2,"上北郡七戸町","市ノ渡"],"0392233":[2,"上北郡おいらせ町","沼端"],"0392405":[2,"上北郡東北町","上北南"],"0391800":[2,"三戸郡新郷村",""],"0392784":[2,"上北郡七戸町","中岫長沢下"],"0393109":[2,"上北郡野辺地町","向田"],"0390195":[2,"三戸郡南部町","大字沖田面","字沖中４６"],"0392553":[2,"上北郡七戸町","八尺堂"],"0392843":[2,"上北郡七戸町","橋ノ上"],"0392585":[2,"上北郡七戸町","上ノ山"],"0392546":[2,"上北郡七戸町","清水頭"],"0392205":[2,"上北郡おいらせ町","深沢平"],"0392535":[2,"上北郡七戸町","沼ノ沢"],"0392493":[2,"上北郡東北町","大字上野","字新堤向９３"],"0393111":[2,"上北郡野辺地町","石神裏"],"0392514":[2,"上北郡七戸町","太田野"],"0392141":[2,"上北郡おいらせ町","明土"],"0393165":[2,"上北郡野辺地町","観音林前田"],"0392654":[2,"上北郡東北町","塔ノ沢山"],"0392875":[2,"上北郡七戸町","淋代"],"0394301":[2,"上北郡六ヶ所村","泊"],"0394113":[2,"上北郡横浜町","家ノ前川目"],"0392129":[2,"上北郡おいらせ町","中平下長根山"],"0393373":[2,"東津軽郡平内町","浪打"]}
