{"0340061":[2,"十和田市","切田"],"0340084":[2,"十和田市","西四番町"],"0340081":[2,"十和田市","西十三番町"],"0340032":[2,"十和田市","東四番町"],"0340014":[2,"十和田市","東二十一番町"],"0340016":[2,"十和田市","東十二番町"],"0340013":[2,"十和田市","東十一番町"],"0340036":[2,"十和田市","東六番町"],"0340083":[2,"十和田市","西三番町"],"0340082":[2,"十和田市","西二番町"],"0340398":[2,"十和田市","奥瀬","字栃久保２３１"],"0340087":[2,"十和田市","西十五番町"],"0340033":[2,"十和田市","東五番町"],"0348618":[2,"十和田市","大字三本木","字里ノ沢１－２５９"],"0340106":[2,"十和田市","深持"],"0340005":[2,"十和田市","一本木沢"],"0340024":[2,"十和田市","東十四番町"],"0340000":[2,"十和田市",""],"0340015":[2,"十和田市","東二十二番町"],"0340213":[2,"十和田市","滝沢"],"0340086":[2,"十和田市","西十六番町"],"0340303":[2,"十和田市","法量"],"0340022":[2,"十和田市","東二十四番町"],"0348605":[2,"十和田市","稲生町","１５－１"],"0340002":[2,"十和田市","元町西"],"0340038":[2,"十和田市","西六番町"],"0340041":[2,"十和田市","相坂"],"0340004":[2,"十和田市","ひがしの"],"0340089":[2,"十和田市","西二十三番町"],"0348613":[2,"十和田市","西二番町","１４－１２十和田奥入瀬合同庁舎"],"0340021":[2,"十和田市","東二十三番町"],"0340012":[2,"十和田市","東一番町"],"0340085":[2,"十和田市","西五番町"],"0340037":[2,"十和田市","穂並町"],"0348628":[2,"十和田市","東二十三番町","３５－１"],"0340052":[2,"十和田市","藤島"],"0340212":[2,"十和田市","米田"],"0340094":[2,"十和田市","西二十二番町"],"0340105":[2,"十和田市","八斗沢"],"0340101":[2,"十和田市","馬洗場"],"0340088":[2,"十和田市","西十四番町"],"0340107":[2,"十和田市","洞内"],"0348615":[2,"十和田市","西十二番町","６－１"],"0340092":[2,"十和田市","西一番町"],"0340023":[2,"十和田市","東十三番町"],"0340093":[2,"十和田市","西十二番町"],"0340393":[2,"十和田市","奥瀬","字堰道１６番地１"],"0340211":[2,"十和田市","大不動"],"0340001":[2,"十和田市","三本木"],"0340392":[2,"十和田市","奥瀬","字中平７０－３"],"0340051":[2,"十和田市","伝法寺"],"0340103":[2,"十和田市","立崎"],"0340302":[2,"十和田市","沢田"],"0340031":[2,"十和田市","東三番町"],"0340102":[2,"十和田市","大沢田"],"0340091":[2,"十和田市","西十一番町"],"0340301":[2,"十和田市","奥瀬"],"0340011":[2,"十和田市","稲生町"],"0340104":[2,"十和田市","豊ケ岡"],"0340035":[2,"十和田市","東十六番町"],"0340017":[2,"十和田市","東二番町"],"0340095":[2,"十和田市","西二十一番町"],"0348565":[2,"十和田市","西三番町","７－１"],"0340071":[2,"十和田市","赤沼"],"0340034":[2,"十和田市","東十五番町"],"0348578":[2,"十和田市","大字相坂","字高清水７８－９２"],"0340003":[2,"十和田市","元町東"]}
