{"0960071":[1,"名寄市","徳田"],"0968555":[1,"名寄市","字徳田","２０番地６"],"0960062":[1,"名寄市","日彰"],"0960016":[1,"名寄市","西六条南"],"0960001":[1,"名寄市","東一条南"],"0968641":[1,"名寄市","西二条北","８丁目１番地"],"0960072":[1,"名寄市","豊栄"],"0960055":[1,"名寄市","東五条北"],"0960056":[1,"名寄市","東六条北"],"0960018":[1,"名寄市","西八条南"],"0960063":[1,"名寄市","緑丘"],"0960015":[1,"名寄市","西五条南"],"0960000":[1,"名寄市",""],"0960002":[1,"名寄市","東二条南"],"0968508":[1,"名寄市","西三条南","６丁目２５番地１"],"0960017":[1,"名寄市","西七条南"],"0960030":[1,"名寄市","大通北"],"0968666":[1,"名寄市","西二条南","５丁目５番地"],"0960038":[1,"名寄市","西八条北"],"0960074":[1,"名寄市","弥生"],"0960021":[1,"名寄市","西十一条南"],"0960020":[1,"名寄市","西十条南"],"0960073":[1,"名寄市","共和"],"0960025":[1,"名寄市","西十五条南"],"0960064":[1,"名寄市","旭東"],"0960042":[1,"名寄市","西十二条北"],"0960037":[1,"名寄市","西七条北"],"0960008":[1,"名寄市","東八条南"],"0960024":[1,"名寄市","西十四条南"],"0960007":[1,"名寄市","東七条南"],"0960009":[1,"名寄市","東九条南"],"0960022":[1,"名寄市","西十二条南"],"0960077":[1,"名寄市","瑞穂"],"0960041":[1,"名寄市","西十一条北"],"0960023":[1,"名寄市","西十三条南"],"0960052":[1,"名寄市","東二条北"],"0960033":[1,"名寄市","西三条北"],"0960039":[1,"名寄市","西九条北"],"0960034":[1,"名寄市","西四条北"],"0960065":[1,"名寄市","大橋"],"0960012":[1,"名寄市","西二条南"],"0960011":[1,"名寄市","西一条南"],"0960019":[1,"名寄市","西九条南"],"0960032":[1,"名寄市","西二条北"],"0968501":[1,"名寄市","西四条南","８丁目"],"0960066":[1,"名寄市","日進"],"0968686":[1,"名寄市","大通南","１丁目１番地"],"0968558":[1,"名寄市","西三条南","６丁目"],"0960075":[1,"名寄市","曙"],"0968511":[1,"名寄市","西七条南","８丁目１番地"],"0960078":[1,"名寄市","内淵"],"0960013":[1,"名寄市","西三条南"],"0960076":[1,"名寄市","砺波"],"0968609":[1,"名寄市","西五条南","１０丁目"],"0960014":[1,"名寄市","西四条南"],"0960031":[1,"名寄市","西一条北"],"0960036":[1,"名寄市","西六条北"],"0960035":[1,"名寄市","西五条北"],"0960003":[1,"名寄市","東三条南"],"0960054":[1,"名寄市","東四条北"],"0960043":[1,"名寄市","西十三条北"],"0960061":[1,"名寄市","朝日"],"0960004":[1,"名寄市","東四条南"],"0960010":[1,"名寄市","大通南"],"0960053":[1,"名寄市","東三条北"],"0960006":[1,"名寄市","東六条南"],"0960040":[1,"名寄市","西十条北"],"0968584":[1,"名寄市","字内淵","８４番地"],"0960051":[1,"名寄市","東一条北"],"0968585":[1,"名寄市","西三条南","６丁目"],"0960005":[1,"名寄市","東五条南"]}
