{"5203245":[25,"湖南市","近江台"],"5202131":[25,"大津市","三大寺"],"5202303":[25,"野洲市","中北"],"5200863":[25,"大津市","千町"],"5200012":[25,"大津市","鏡が浜"],"5200804":[25,"大津市","本宮"],"5203212":[25,"湖南市","小砂町"],"5201433":[25,"高島市","朽木桑原"],"5202302":[25,"野洲市","高木"],"5200476":[25,"大津市","葛川中村町"],"5201826":[25,"高島市","マキノ町辻"],"5202152":[25,"大津市","月輪"],"5202101":[25,"大津市","青山"],"5203003":[25,"栗東市","荒張"],"5200529":[25,"大津市","和邇春日"],"5200822":[25,"大津市","秋葉台"],"5202592":[25,"蒲生郡竜王町","大字小口","３"],"5202512":[25,"蒲生郡竜王町","駕輿丁"],"5200837":[25,"大津市","中庄"],"5203042":[25,"栗東市","辻"],"5201831":[25,"高島市","マキノ町上開田"],"5200241":[25,"大津市","今堅田"],"5202315":[25,"野洲市","辻町"],"5208513":[25,"大津市","梅林","１丁目３－１０滋賀ビル"],"5203022":[25,"栗東市","上鈎"],"5200115":[25,"大津市","弥生町"],"5200246":[25,"大津市","仰木の里"],"5202563":[25,"蒲生郡竜王町","七里"],"5201415":[25,"高島市","朽木柏"],"5201653":[25,"高島市","今津町岸脇"],"5200037":[25,"大津市","御陵町"],"5200812":[25,"大津市","木下町"],"5200227":[25,"大津市","清和町"],"5200836":[25,"大津市","杉浦町"],"5203027":[25,"栗東市","野尻"],"5208575":[25,"大津市","御陵町","３－１"],"5200801":[25,"大津市","におの浜"],"5201634":[25,"高島市","今津町大供大門"],"5203109":[25,"湖南市","石部が丘"],"5203233":[25,"湖南市","柑子袋"],"5202352":[25,"野洲市","冨波乙"],"5201503":[25,"高島市","新旭町深溝"],"5201441":[25,"高島市","朽木古屋"],"5203253":[25,"湖南市","正福寺"],"5203044":[25,"栗東市","伊勢落"],"5203088":[25,"栗東市","安養寺","１丁目１３－３３"],"5201601":[25,"高島市","今津町深清水"],"5202263":[25,"大津市","大石中"],"5202542":[25,"蒲生郡竜王町","山中"],"5202433":[25,"野洲市","八夫"],"5202115":[25,"大津市","新免"],"5203080":[25,"栗東市","六地蔵","１３０"],"5201892":[25,"高島市","マキノ町沢","１４１０"],"5200017":[25,"大津市","山中町"],"5200845":[25,"大津市","若葉台"],"5202166":[25,"大津市","上田上堂町"],"5200104":[25,"大津市","比叡辻"],"5203433":[25,"甲賀市","甲賀町大原市場"],"5202122":[25,"大津市","瀬田南大萱町"],"5202316":[25,"野洲市","上屋"],"5203322":[25,"甲賀市","甲南町深川"],"5203001":[25,"栗東市","東坂"],"5200041":[25,"大津市","浜町"],"5201223":[25,"高島市","安曇川町下小川"],"5200002":[25,"大津市","際川"],"5202424":[25,"野洲市","五条"],"5203413":[25,"甲賀市","甲賀町油日"],"5203427":[25,"甲賀市","甲賀町鹿深台"],"5203235":[25,"湖南市","平松北"],"5203203":[25,"湖南市","日枝町"],"5202531":[25,"蒲生郡竜王町","山之上"],"5201623":[25,"高島市","今津町住吉"],"5200525":[25,"大津市","小野"],"5200869":[25,"大津市","石山内畑町"],"5203188":[25,"湖南市","石部北","１丁目４－２６"],"5202500":[25,"蒲生郡竜王町",""],"5201217":[25,"高島市","安曇川町田中"],"5202412":[25,"野洲市","六条"],"5201453":[25,"高島市","朽木雲洞谷"],"5201131":[25,"高島市","音羽"],"5200247":[25,"大津市","仰木"],"5200821":[25,"大津市","湖城が丘"],"5200852":[25,"大津市","田辺町"],"5200461":[26,"京都市左京区","久多川合町"],"5201613":[25,"高島市","今津町上弘部"],"5201835":[25,"高島市","マキノ町石庭"],"5203285":[25,"湖南市","小砂町","４番地"],"5200477":[25,"大津市","葛川木戸口町"],"5200501":[25,"大津市","北小松"],"5200292":[25,"大津市","堅田","２丁目１－１"],"5201801":[25,"高島市","マキノ町在原"],"5202304":[25,"野洲市","永原"],"5203102":[25,"湖南市","宮の森"],"5200528":[25,"大津市","和邇高城"],"5203023":[25,"栗東市","坊袋"],"5200233":[25,"大津市","真野谷口町"],"5200802":[25,"大津市","馬場"],"5200356":[25,"大津市","伊香立上在地町"],"5208585":[25,"大津市","鶴の里","１６－１"],"5201812":[25,"高島市","マキノ町西浜"],"5201635":[25,"高島市","今津町大供"],"5202121":[25,"大津市","瀬田月輪町"],"5203002":[25,"栗東市","観音寺"],"5203112":[25,"湖南市","丸山"],"5201202":[25,"高島市","安曇川町下古賀"],"5203307":[25,"甲賀市","甲南町野尻"],"5203033":[25,"栗東市","笠川"],"5202571":[25,"蒲生郡竜王町","西横関"],"5201432":[25,"高島市","朽木平良"],"5201425":[25,"高島市","朽木栃生"],"5200067":[25,"大津市","藤尾奥町"],"5200351":[25,"大津市","伊香立北在地町"],"5200232":[25,"大津市","真野"],"5201292":[25,"高島市","安曇川町田中","４５５"],"5203424":[25,"甲賀市","甲賀町高嶺"],"5202503":[25,"蒲生郡竜王町","信濃"],"5201834":[25,"高島市","マキノ町寺久保"],"5202431":[25,"野洲市","木部"],"5200054":[25,"大津市","逢坂"],"5202353":[25,"野洲市","久野部"],"5203016":[25,"栗東市","小野"],"5208555":[25,"大津市","晴嵐","２丁目９－１"],"5203315":[25,"甲賀市","甲南町塩野"],"5203434":[25,"甲賀市","甲賀町高野"],"5203081":[25,"栗東市","野尻","７５"],"5203180":[25,"湖南市","石部が丘","１丁目１－１"],"5200580":[25,"大津市","和邇中","２９８番地"],"5200116":[25,"大津市","坂本本町"],"5200225":[25,"大津市","清風町"],"5200001":[25,"大津市","蓮池町"],"5200516":[25,"大津市","南船路"],"5200823":[25,"大津市","膳所上別保町"],"5202278":[25,"大津市","太子"],"5203213":[25,"湖南市","大池町"],"5203043":[25,"栗東市","林"],"5201643":[25,"高島市","今津町保坂"],"5202541":[25,"蒲生郡竜王町","岡屋"],"5200803":[25,"大津市","竜が丘"],"5200105":[25,"大津市","下阪本"],"5203047":[25,"栗東市","手原"],"5202422":[25,"野洲市","比留田"],"5201648":[25,"高島市","今津町角川"],"5202164":[25,"大津市","上田上中野町"],"5203101":[25,"湖南市","石部"],"5201201":[25,"高島市","安曇川町上古賀"],"5200817":[25,"大津市","昭和町"],"5202301":[25,"野洲市","小南"],"5203011":[25,"栗東市","下戸山"],"5208520":[25,"大津市","におの浜","４丁目７－７"],"5200011":[25,"大津市","南志賀"],"5201454":[25,"高島市","朽木能家"],"5203435":[25,"甲賀市","甲賀町相模"],"5201100":[25,"高島市",""],"5202511":[25,"蒲生郡竜王町","林"],"5203254":[25,"湖南市","岩根中央"],"5201636":[25,"高島市","今津町舟橋"],"5201501":[25,"高島市","新旭町旭"],"5203189":[25,"湖南市","石部緑台","２丁目１－１"],"5201123":[25,"高島市","城山台"],"5202514":[25,"蒲生郡竜王町","橋本"],"5203324":[25,"甲賀市","甲南町森尻"],"5200588":[25,"大津市","南船路","４－１"],"5203200":[25,"湖南市",""],"5203185":[25,"湖南市","丸山","３丁目３－１"],"5208501":[25,"大津市","京町","４丁目１－２"],"5203034":[25,"栗東市","小平井"],"5201655":[25,"高島市","今津町日置前"],"5202502":[25,"蒲生郡竜王町","庄"],"5200866":[25,"大津市","石山寺辺町"],"5200814":[25,"大津市","本丸町"],"5201215":[25,"高島市","安曇川町三尾里"],"5200005":[25,"大津市","高砂町"],"5203194":[25,"湖南市","石部が丘","２丁目１番１号"],"5201214":[25,"高島市","安曇川町末広"],"5202436":[25,"野洲市","北比江"],"5201224":[25,"高島市","安曇川町上小川"],"5202522":[25,"蒲生郡竜王町","岩井"],"5202392":[25,"野洲市","市三宅","８００"],"5202415":[25,"野洲市","須原"],"5200042":[25,"大津市","島の関"],"5201211":[25,"高島市","安曇川町常磐木"],"5202551":[25,"蒲生郡竜王町","薬師"],"5201646":[25,"高島市","今津町杉山"],"5202144":[25,"大津市","大萱"],"5203425":[25,"甲賀市","甲賀町毛枚"],"5203306":[25,"甲賀市","甲南町柑子"],"5203411":[25,"甲賀市","甲賀町神"],"5200533":[25,"大津市","朝日"],"5200248":[25,"大津市","仰木の里東"],"5200022":[25,"大津市","柳が崎"],"5202342":[25,"野洲市","野洲"],"5202279":[25,"大津市","黒津"],"5203304":[25,"甲賀市","甲南町下馬杉"],"5200231":[25,"大津市","真野普門"],"5202124":[25,"大津市","瀬田神領町"],"5202161":[25,"大津市","上田上桐生町"],"5201836":[25,"高島市","マキノ町牧野"],"5203405":[25,"甲賀市","甲賀町隠岐"],"5202133":[25,"大津市","野郷原"],"5201621":[25,"高島市","今津町今津"],"5203214":[25,"湖南市","梅影町"],"5200855":[25,"大津市","栄町"],"5200862":[25,"大津市","平津"],"5202261":[25,"大津市","大石曾束"],"5201455":[25,"高島市","朽木木地山"],"5202265":[25,"大津市","大石富川"],"5202562":[25,"蒲生郡竜王町","鵜川"],"5203201":[25,"湖南市","下田"],"5201824":[25,"高島市","マキノ町大沼"],"5201531":[25,"高島市","新旭町饗庭"],"5200834":[25,"大津市","御殿浜"],"5200807":[25,"大津市","松本"],"5202417":[25,"野洲市","下堤"],"5203017":[25,"栗東市","六地蔵"],"5203024":[25,"栗東市","小柿"],"5200047":[25,"大津市","浜大津"],"5203113":[25,"湖南市","石部北"],"5202275":[25,"大津市","枝"],"5201101":[25,"高島市","武曽横山"],"5203231":[25,"湖南市","針"],"5203244":[25,"湖南市","サイドタウン"],"5203037":[25,"栗東市","北中小路"],"5202594":[25,"蒲生郡竜王町","大字山中","１３９１"],"5203316":[25,"甲賀市","甲南町市原"],"5201221":[25,"高島市","安曇川町青柳"],"5201203":[25,"高島市","安曇川町南古賀"],"5203493":[25,"甲賀市","甲賀町鳥居野","中山谷１２１－１"],"5203436":[25,"甲賀市","甲賀町拝坂"],"5201837":[25,"高島市","マキノ町白谷"],"5200014":[25,"大津市","柳川"],"5203107":[25,"湖南市","石部東"],"5200363":[25,"大津市","伊香立下龍華町"],"5201422":[25,"高島市","朽木古川"],"5203404":[25,"甲賀市","甲賀町神保"],"5202117":[25,"大津市","芝原"],"5200835":[25,"大津市","別保"],"5202314":[25,"野洲市","小堤"],"5200362":[25,"大津市","伊香立上龍華町"],"5202112":[25,"大津市","牧"],"5203108":[25,"湖南市","石部南"],"5202524":[25,"蒲生郡竜王町","綾戸"],"5200352":[25,"大津市","伊香立下在地町"],"5202523":[25,"蒲生郡竜王町","田中"],"5200062":[25,"大津市","大谷町"],"5201204":[25,"高島市","安曇川町中野"],"5202364":[25,"野洲市","五之里"],"5202132":[25,"大津市","神領"],"5208570":[25,"大津市","におの浜","４丁目１－５１"],"5202102":[25,"大津市","松が丘"],"5201622":[25,"高島市","今津町中沼"],"5201641":[25,"高島市","今津町南生見"],"5202276":[25,"大津市","里"],"5201216":[25,"高島市","安曇川町中央"],"5203114":[25,"湖南市","石部口"],"5201213":[25,"高島市","安曇川町五番領"],"5203422":[25,"甲賀市","甲賀町和田"],"5200004":[25,"大津市","見世"],"5200475":[25,"大津市","葛川坊村町"],"5200222":[25,"大津市","花園町"],"5203305":[25,"甲賀市","甲南町野川"],"5202343":[25,"野洲市","大畑"],"5203215":[25,"湖南市","水戸町"],"5200864":[25,"大津市","赤尾町"],"5202123":[25,"大津市","瀬田大江町"],"5202333":[25,"野洲市","栄"],"5202595":[25,"蒲生郡竜王町","大字西川","１３２１"],"5200226":[25,"大津市","陽明町"],"5201521":[25,"高島市","新旭町北畑"],"5200811":[25,"大津市","由美浜"],"5202552":[25,"蒲生郡竜王町","小口"],"5200038":[25,"大津市","山上町"],"5203313":[25,"甲賀市","甲南町新治"],"5203046":[25,"栗東市","大橋"],"5202141":[25,"大津市","大江"],"5203232":[25,"湖南市","平松"],"5202262":[25,"大津市","大石淀"],"5200841":[25,"大津市","美崎町"],"5201423":[25,"高島市","朽木大野"],"5200462":[26,"京都市左京区","久多下の町"],"5203182":[25,"湖南市","石部口","４丁目３－１"],"5200353":[25,"大津市","伊香立向在地町"],"5201602":[25,"高島市","今津町桂"],"5201825":[25,"高島市","マキノ町森西"],"5203202":[25,"湖南市","西峰町"],"5208558":[25,"大津市","園山","１丁目１－１"],"5203243":[25,"湖南市","菩提寺新町"],"5202264":[25,"大津市","大石東"],"5202423":[25,"野洲市","西河原"],"5201652":[25,"高島市","今津町福岡"],"5200013":[25,"大津市","勧学"],"5202312":[25,"野洲市","入町"],"5203302":[25,"甲賀市","甲南町池田"],"5201102":[25,"高島市","野田"],"5202313":[25,"野洲市","大篠原"],"5203036":[25,"栗東市","十里"],"5203121":[25,"湖南市","西寺"],"5200036":[25,"大津市","園城寺町"],"5203321":[25,"甲賀市","甲南町葛木"],"5202561":[25,"蒲生郡竜王町","須恵"],"5200021":[25,"大津市","二本松"],"5203000":[25,"栗東市",""],"5200003":[25,"大津市","あかね町"],"5203211":[25,"湖南市","高松町"],"5200524":[25,"大津市","和邇今宿"],"5200513":[25,"大津市","荒川"],"5202162":[25,"大津市","上田上牧町"],"5200055":[25,"大津市","春日町"],"5203045":[25,"栗東市","高野"],"5201231":[25,"高島市","安曇川町川島"],"5200244":[25,"大津市","衣川"],"5200473":[25,"大津市","葛川梅ノ木町"],"5203314":[25,"甲賀市","甲南町杉谷"],"5203393":[25,"甲賀市","甲南町野田","８１０番地"],"5201444":[25,"高島市","朽木中牧"],"5208588":[25,"大津市","浜大津","１丁目１－２６"],"5200024":[25,"大津市","松山町"],"5203025":[25,"栗東市","中沢"],"5200464":[26,"京都市左京区","久多中の町"],"5202434":[25,"野洲市","比江"],"5200832":[25,"大津市","粟津町"],"5200868":[25,"大津市","石山外畑町"],"5202323":[25,"野洲市","三上"],"5200531":[25,"大津市","水明"],"5202273":[25,"大津市","羽栗"],"5203423":[25,"甲賀市","甲賀町五反田"],"5203303":[25,"甲賀市","甲南町上馬杉"],"5200051":[25,"大津市","梅林"],"5208580":[25,"大津市","におの浜","２丁目３－１"],"5201533":[25,"高島市","新旭町安井川"],"5200027":[25,"大津市","錦織"],"5208550":[25,"大津市","京町","４丁目３８滋賀合同ビル内"],"5200465":[26,"京都市左京区","久多上の町"],"5200361":[25,"大津市","伊香立途中町"],"5203331":[25,"甲賀市","甲南町稗谷"],"5200045":[25,"大津市","札の辻"],"5201192":[25,"高島市","勝野","２１５"],"5200825":[25,"大津市","膳所池ノ内町"],"5203115":[25,"湖南市","石部緑台"],"5201612":[25,"高島市","今津町下弘部"],"5202114":[25,"大津市","中野"],"5200034":[25,"大津市","三井寺町"],"5202111":[25,"大津市","桐生"],"5200853":[25,"大津市","螢谷"],"5200514":[25,"大津市","木戸"],"5203414":[25,"甲賀市","甲賀町大久保"],"5203241":[25,"湖南市","北山台"],"5202573":[25,"蒲生郡竜王町","鏡"],"5208516":[25,"大津市","京町","３丁目１－１"],"5200044":[25,"大津市","京町"],"5203014":[25,"栗東市","川辺"],"5200860":[25,"大津市","石山千町"],"5203308":[25,"甲賀市","甲南町野田"],"5201495":[25,"高島市","朽木宮前坊","６７－２１２"],"5200842":[25,"大津市","園山"],"5201205":[25,"高島市","安曇川町長尾"],"5203035":[25,"栗東市","霊仙寺"],"5203216":[25,"湖南市","若竹町"],"5202395":[25,"野洲市","小篠原","２１００－１"],"5200521":[25,"大津市","和邇北浜"],"5202142":[25,"大津市","玉野浦"],"5201814":[25,"高島市","マキノ町知内"],"5203289":[25,"湖南市","夏見","１７８１"],"5202134":[25,"大津市","瀬田"],"5200512":[25,"大津市","大物"],"5203223":[25,"湖南市","夏見"],"5200813":[25,"大津市","丸の内町"],"5200502":[25,"大津市","南小松"],"5202311":[25,"野洲市","長島"],"5201421":[25,"高島市","朽木岩瀬"],"5201212":[25,"高島市","安曇川町西万木"],"5201112":[25,"高島市","永田"],"5200106":[25,"大津市","唐崎"],"5203006":[25,"栗東市","井上"],"5201401":[25,"高島市","朽木市場"],"5203281":[25,"湖南市","朝国","１"],"5201804":[25,"高島市","マキノ町浦"],"5200805":[25,"大津市","石場"],"5202151":[25,"大津市","栗林町"],"5201631":[25,"高島市","今津町名小路"],"5200511":[25,"大津市","南比良"],"5201822":[25,"高島市","マキノ町新保"],"5202504":[25,"蒲生郡竜王町","川上"],"5200844":[25,"大津市","国分"],"5202194":[25,"大津市","瀬田大江町","横谷１－５"],"5203085":[25,"栗東市","御園","１０２８"],"5200515":[25,"大津市","八屋戸"],"5203234":[25,"湖南市","中央"],"5200503":[25,"大津市","北比良"],"5202163":[25,"大津市","上田上平野町"],"5201232":[25,"高島市","安曇川町北船木"],"5202393":[25,"野洲市","大篠原","２２８８"],"5200064":[25,"大津市","追分町"],"5201645":[25,"高島市","今津町椋川"],"5200856":[25,"大津市","光が丘町"],"5202413":[25,"野洲市","吉地"],"5200831":[25,"大津市","松原町"],"5201654":[25,"高島市","今津町梅原"],"5200056":[25,"大津市","末広町"],"5202274":[25,"大津市","森"],"5203415":[25,"甲賀市","甲賀町大原上田"],"5202125":[25,"大津市","瀬田橋本町"],"5200035":[25,"大津市","小関町"],"5200112":[25,"大津市","日吉台"],"5202267":[25,"大津市","大石小田原"],"5200000":[25,"大津市",""],"5200028":[25,"大津市","千石台"],"5200061":[25,"大津市","神出開町"],"5203015":[25,"栗東市","安養寺"],"5201605":[25,"高島市","今津町南新保"],"5203116":[25,"湖南市","雨山"],"5202341":[25,"野洲市","行畑"],"5203311":[25,"甲賀市","甲南町竜法師"],"5200532":[25,"大津市","湖青"],"5203326":[25,"甲賀市","甲南町耕心"],"5200006":[25,"大津市","滋賀里"],"5200107":[25,"大津市","雄琴北"],"5202521":[25,"蒲生郡竜王町","川守"],"5200827":[25,"大津市","池の里"],"5200463":[26,"京都市左京区","久多宮の町"],"5202362":[25,"野洲市","市三宅"],"5203031":[25,"栗東市","綣"],"5202435":[25,"野洲市","乙窪"],"5202416":[25,"野洲市","堤"],"5202113":[25,"大津市","平野"],"5200826":[25,"大津市","鶴の里"],"5200033":[25,"大津市","大門通"],"5200102":[25,"大津市","苗鹿"],"5203195":[25,"湖南市","石部中央","１丁目１番１号"],"5208666":[25,"大津市","大平","１丁目１番１号"],"5200025":[25,"大津市","皇子が丘"],"5200355":[25,"大津市","伊香立生津町"],"5200865":[25,"大津市","南郷"],"5200833":[25,"大津市","晴嵐"],"5202394":[25,"野洲市","野洲","１４７３－１"],"5201802":[25,"高島市","マキノ町野口"],"5201144":[25,"高島市","畑"],"5202572":[25,"蒲生郡竜王町","西川"],"5208567":[25,"大津市","園山","３丁目３番７号"],"5200046":[25,"大津市","長等"],"5203403":[25,"甲賀市","甲賀町鳥居野"],"5202596":[25,"蒲生郡竜王町","大字鏡","７３１－１"],"5202437":[25,"野洲市","小比江"],"5208639":[25,"大津市","晴嵐","２丁目７－１"],"5202324":[25,"野洲市","近江富士"],"5203106":[25,"湖南市","石部中央"],"5203105":[25,"湖南市","石部西"],"5200474":[25,"大津市","葛川町居町"],"5200101":[25,"大津市","雄琴"],"5203323":[25,"甲賀市","甲南町深川市場"],"5201411":[25,"高島市","朽木荒川"],"5201823":[25,"高島市","マキノ町中庄"],"5200861":[25,"大津市","石山寺"],"5202118":[25,"大津市","大鳥居"],"5201632":[25,"高島市","今津町桜町"],"5203282":[25,"湖南市","朝国","６５"],"5201111":[25,"高島市","鴨"],"5202321":[25,"野洲市","北桜"],"5200224":[25,"大津市","向陽町"],"5202145":[25,"大津市","大将軍"],"5200023":[25,"大津市","茶が崎"],"5200527":[25,"大津市","栗原"],"5201103":[25,"高島市","宮野"],"5202266":[25,"大津市","大石龍門"],"5200066":[25,"大津市","茶戸町"],"5200806":[25,"大津市","打出浜"],"5203492":[25,"甲賀市","甲賀町相模","１７３番地１"],"5202271":[25,"大津市","稲津"],"5203103":[25,"湖南市","宝来坂"],"5200851":[25,"大津市","唐橋町"],"5202411":[25,"野洲市","安治"],"5200243":[25,"大津市","堅田"],"5203426":[25,"甲賀市","甲賀町田堵野"],"5200221":[25,"大津市","緑町"],"5201451":[25,"高島市","朽木麻生"],"5201431":[25,"高島市","朽木小川"],"5201424":[25,"高島市","朽木村井"],"5200057":[25,"大津市","御幸町"],"5201805":[25,"高島市","マキノ町下"],"5203301":[25,"甲賀市","甲南町寺庄"],"5201233":[25,"高島市","安曇川町南船木"],"5203251":[25,"湖南市","朝国"],"5201511":[25,"高島市","新旭町藁園"],"5208511":[25,"大津市","長等","１丁目１－３５"],"5202143":[25,"大津市","萱野浦"],"5208586":[25,"大津市","におの浜","４丁目７番５号"],"5203333":[25,"甲賀市","甲南町希望ケ丘"],"5200113":[25,"大津市","坂本"],"5201833":[25,"高島市","マキノ町蛭口"],"5202361":[25,"野洲市","北野"],"5208577":[25,"大津市","京町","４丁目１－１"],"5200236":[25,"大津市","真野佐川町"],"5201633":[25,"高島市","今津町松陽台"],"5201647":[25,"高島市","今津町天増川"],"5202414":[25,"野洲市","井口"],"5200053":[25,"大津市","音羽台"],"5201188":[25,"高島市","野田","１６７８"],"5202116":[25,"大津市","堂"],"5200015":[25,"大津市","神宮町"],"5200478":[25,"大津市","葛川坂下町"],"5203012":[25,"栗東市","岡"],"5202153":[25,"大津市","一里山"],"5203431":[25,"甲賀市","甲賀町大原中"],"5200111":[25,"大津市","千野"],"5203005":[25,"栗東市","御園"],"5201142":[25,"高島市","鹿ケ瀬"],"5203402":[25,"甲賀市","甲賀町小佐治"],"5203252":[25,"湖南市","岩根"],"5201412":[25,"高島市","朽木野尻"],"5203222":[25,"湖南市","吉永"],"5203111":[25,"湖南市","東寺"],"5200223":[25,"大津市","美空町"],"5201642":[25,"高島市","今津町北生見"],"5200523":[25,"大津市","和邇南浜"],"5201442":[25,"高島市","朽木生杉"],"5201611":[25,"高島市","今津町弘川"],"5202331":[25,"野洲市","小篠原"],"5201651":[25,"高島市","今津町酒波"],"5200843":[25,"大津市","北大路"],"5200032":[25,"大津市","観音寺"],"5200818":[25,"大津市","西の庄"],"5203083":[25,"栗東市","下鈎","伊関１４０－１"],"5200245":[25,"大津市","仰木町"],"5202277":[25,"大津市","関津"],"5201522":[25,"高島市","新旭町新庄"],"5201604":[25,"高島市","今津町浜分"],"5201692":[25,"高島市","今津町弘川","２５３"],"5201832":[25,"高島市","マキノ町下開田"],"5200043":[25,"大津市","中央"],"5200063":[25,"大津市","横木"],"5203041":[25,"栗東市","出庭"],"5201502":[25,"高島市","新旭町針江"],"5201806":[25,"高島市","マキノ町山中"],"5200065":[25,"大津市","稲葉台"],"5203082":[25,"栗東市","下鈎","３３３"],"5200815":[25,"大津市","膳所"],"5201803":[25,"高島市","マキノ町小荒路"],"5203312":[25,"甲賀市","甲南町磯尾"],"5200471":[25,"大津市","葛川細川町"],"5201234":[25,"高島市","安曇川町四津川"],"5200526":[25,"大津市","和邇中"],"5201614":[25,"高島市","今津町藺生"],"5202322":[25,"野洲市","南桜"],"5202421":[25,"野洲市","野田"],"5202300":[25,"野洲市",""],"5201592":[25,"高島市","新旭町北畑","５６５"],"5200287":[25,"大津市","今堅田","２丁目２１－２６"],"5200114":[25,"大津市","穴太"],"5202513":[25,"蒲生郡竜王町","島"],"5203242":[25,"湖南市","菩提寺"],"5201532":[25,"高島市","新旭町熊野本"],"5202272":[25,"大津市","石居"],"5200354":[25,"大津市","伊香立南庄町"],"5202351":[25,"野洲市","冨波甲"],"5203332":[25,"甲賀市","甲南町希望ケ丘本町"],"5202564":[25,"蒲生郡竜王町","山面"],"5200242":[25,"大津市","本堅田"],"5200867":[25,"大津市","大平"],"5201452":[25,"高島市","朽木地子原"],"5203104":[25,"湖南市","岡出"],"5201821":[25,"高島市","マキノ町沢"],"5200472":[25,"大津市","葛川貫井町"],"5202165":[25,"大津市","上田上新免町"],"5203004":[25,"栗東市","上砥山"],"5200235":[25,"大津市","真野大野"],"5208622":[25,"大津市","におの浜","４丁目４－１"],"5200824":[25,"大津市","膳所平尾町"],"5200846":[25,"大津市","富士見台"],"5201121":[25,"高島市","勝野"],"5201235":[25,"高島市","安曇川町横江浜"],"5202192":[25,"大津市","瀬田月輪町",""],"5208512":[25,"大津市","京町","３丁目１番１号"],"5201122":[25,"高島市","鵜川"],"5203013":[25,"栗東市","目川"],"5201492":[25,"高島市","朽木市場","６０４"],"5200052":[25,"大津市","朝日が丘"],"5200016":[25,"大津市","比叡平"],"5200816":[25,"大津市","相模町"],"5202305":[25,"野洲市","北"],"5201141":[25,"高島市","高島"],"5200031":[25,"大津市","尾花川"],"5201811":[25,"高島市","マキノ町海津"],"5201603":[25,"高島市","今津町北仰"],"5203432":[25,"甲賀市","甲賀町滝"],"5200522":[25,"大津市","和邇中浜"],"5203401":[25,"甲賀市","甲賀町岩室"],"5201413":[25,"高島市","朽木上野"],"5202167":[25,"大津市","上田上芝原町"],"5201143":[25,"高島市","黒谷"],"5203325":[25,"甲賀市","甲南町宝木"],"5203026":[25,"栗東市","下鈎"],"5203221":[25,"湖南市","三雲"],"5203412":[25,"甲賀市","甲賀町櫟野"],"5202363":[25,"野洲市","竹生"],"5202501":[25,"蒲生郡竜王町","弓削"],"5200854":[25,"大津市","鳥居川町"],"5201133":[25,"高島市","鴨川平"],"5203421":[25,"甲賀市","甲賀町上野"],"5203032":[25,"栗東市","苅原"],"5201813":[25,"高島市","マキノ町高木浜"],"5201512":[25,"高島市","新旭町太田"],"5203021":[25,"栗東市","蜂屋"],"5203084":[25,"栗東市","上砥山","２２２２"],"5201414":[25,"高島市","朽木宮前坊"],"5201132":[25,"高島市","拝戸"],"5201443":[25,"高島市","朽木小入谷"],"5201644":[25,"高島市","今津町途中谷"],"5201222":[25,"高島市","安曇川町横江"],"5200103":[25,"大津市","木の岡町"],"5200234":[25,"大津市","真野家田町"],"5203288":[25,"湖南市","中央","１丁目１"],"5202332":[25,"野洲市","妙光寺"],"5202492":[25,"野洲市","西河原","２４００番地"],"5200026":[25,"大津市","桜野町"],"5208530":[25,"大津市","長等","３丁目１－２０"],"5202432":[25,"野洲市","虫生"],"5202135":[25,"大津市","松陽"]}
